Date,Open,High,Low,Close,Volume
1999-10-01,8.285161921408324,8.433111241433473,8.285161921408324,8.359136581420898,3162400
1999-10-04,8.359136632510593,8.359136632510593,8.285161972045898,8.285161972045898,533400
1999-10-05,8.285161921408324,8.359136581420898,8.285161921408324,8.359136581420898,270600
1999-10-06,8.359132670554795,8.802980422973633,8.359132670554795,8.802980422973633,205400
1999-10-07,8.802984541496345,8.802984541496345,8.322149251414611,8.359136581420898,214200
1999-10-08,8.396122974819606,8.396122974819606,8.322148323059082,8.322148323059082,65600
1999-10-11,8.322148323059082,8.359135648939345,8.285160997178819,8.322148323059082,77500
1999-10-12,8.322149251414611,8.359136581420898,8.285161921408324,8.359136581420898,49200
1999-10-13,8.359135648939345,8.507084952460396,8.285160997178819,8.322148323059082,49900
1999-10-14,8.285158209844466,8.322145523281272,7.8413104486027985,8.063234329223633,430900
1999-10-15,7.767333505256325,7.8043208076623065,7.508422388414447,7.730346202850342,158200
1999-10-18,7.693363245522105,7.693363245522105,7.39746465915587,7.582401275634766,83800
1999-10-19,7.545412909309819,7.841311454772949,7.545412909309819,7.841311454772949,58200
1999-10-20,7.915287090483166,7.989261736188616,7.767337799072266,7.767337799072266,62600
1999-10-21,7.767339107602141,7.95227575302124,7.693364449434502,7.95227575302124,98200
1999-10-22,7.9152855652349965,8.026247512411189,7.8782982495096,7.989260196685791,191200
1999-10-25,7.952275105121425,8.248173713684082,7.952275105121425,8.248173713684082,153100
1999-10-26,8.174199981348854,8.359136632510593,8.174199981348854,8.285161972045898,65600
1999-10-27,8.285160997178819,8.396122974819606,8.285160997178819,8.322148323059082,100900
1999-10-28,8.396123911427186,8.581060561458623,8.359136581420898,8.359136581420898,255300
1999-10-29,8.359138809266637,9.024910926818848,8.359138809266637,9.024910926818848,123200
1999-11-01,8.876956034514864,8.876956034514864,8.655032133651993,8.72900676727295,41800
1999-11-02,8.72900676727295,8.802981400893907,8.4700955495996,8.72900676727295,66600
1999-11-03,8.692019450462471,8.802981400893907,8.692019450462471,8.72900676727295,18500
1999-11-04,8.802984213729284,8.950933528245741,8.581060241954596,8.839971542358398,72100
1999-11-05,8.876955849783762,9.394778274354481,8.80298121770223,9.32080364227295,122900
1999-11-08,9.394776301276416,10.282471699822217,9.357788993003673,9.838624000549316,240000
1999-11-09,9.912599637526874,9.912599637526874,9.542726516723633,9.542726516723633,42400
1999-11-10,9.468752849890564,9.542727481530333,9.357790902430908,9.50574016571045,59900
1999-11-11,9.505739204643309,9.616701140884281,9.505739204643309,9.542726516723633,20000
1999-11-12,9.616706106397842,10.948250028822159,9.616706106397842,10.652351379394531,248500
1999-11-15,10.763308605962424,10.763308605962424,10.356448143194084,10.46741008758545,99200
1999-11-16,10.467415932686098,10.467415932686098,10.28247925543016,10.319466590881348,95300
1999-11-17,10.467409154347012,10.800294957842146,10.208497973850797,10.356447219848633,107900
1999-11-18,10.356449182482734,10.356449182482734,10.208499908447266,10.208499908447266,67500
1999-11-19,10.208504494200362,10.504403175191676,10.171517159076448,10.430428504943848,31200
1999-11-22,10.393438258923982,10.578374882748252,10.393438258923982,10.541387557983398,36500
1999-11-23,10.541386277067895,11.466069283828237,10.541386277067895,11.318120002746582,65500
1999-11-24,11.244150386514889,11.244150386514889,10.874277018537425,10.985239028930664,53800
1999-11-26,10.948248885849775,10.948248885849775,10.874274231215656,10.911261558532715,2600
1999-11-29,10.87427144543878,10.87427144543878,10.578372902705752,10.726322174072266,20200
1999-11-30,10.763316047434904,10.948252749280863,10.763316047434904,10.87427806854248,38100
1999-12-01,10.874277018537425,11.022226365728411,10.800302344941933,10.985239028930664,43800
1999-12-02,10.985237877619895,11.244149208068848,10.985237877619895,11.244149208068848,33200
1999-12-03,11.318115234375,11.466064453125,11.2811279296875,11.3551025390625,62000
1999-12-06,11.355113493341976,11.355113493341976,10.800303387804096,10.87427806854248,38200
1999-12-07,10.948247871142906,11.244146462254877,10.91126054725391,11.022222518920898,112500
1999-12-08,10.948247037802366,10.948247037802366,10.652348469213113,10.763310432434082,27700
1999-12-09,10.800299644470217,10.874274299569327,10.726324989371104,10.800299644470215,15500
1999-12-10,10.726327185935162,10.726327185935162,10.430428504943848,10.430428504943848,22400
1999-12-13,10.504403268137285,10.652352609942035,10.319466590881348,10.319466590881348,44500
1999-12-14,10.208503778833542,10.208503778833542,10.097541781237526,10.134529113769531,19400
1999-12-15,10.134529113769531,10.134529113769531,9.98657978364151,10.134529113769531,11100
1999-12-16,10.097535147542848,10.208497072241121,9.949585914611816,9.949585914611816,90700
1999-12-17,9.875617786045492,10.208503778833542,9.875617786045492,10.134529113769531,37300
1999-12-20,10.06055548974069,10.06055548974069,9.949593480662667,10.023568153381348,31300
1999-12-21,10.023562420816981,10.097537051228915,9.986575105611015,10.06054973602295,11800
1999-12-22,10.134527185613459,10.282476487593218,10.134527185613459,10.171514511108398,6300
1999-12-23,10.171516446301537,10.208503778833542,10.06055444870552,10.134529113769531,3700
1999-12-27,10.097541781237526,10.134529113769531,10.097541781237526,10.134529113769531,2400
1999-12-28,10.097537925775104,10.430423791459996,10.097537925775104,10.282474517822266,65600
1999-12-29,10.319461863973867,10.319461863973867,10.134525271429531,10.208499908447266,9600
1999-12-30,10.134527144449283,10.282476445828104,10.134527144449283,10.245489120483398,5100
1999-12-31,10.208501836603338,10.282476487593218,10.171514511108398,10.171514511108398,13000
2000-01-03,10.31945900809496,10.356446316367702,9.838624000549316,9.838624000549316,64600
2000-01-04,9.838627041794183,9.838627041794183,9.246829926498293,9.394779205322266,81900
2000-01-05,9.32080364227295,9.32080364227295,8.876955849783762,9.32080364227295,38100
2000-01-06,9.32080453634262,9.61670309305191,9.32080453634262,9.468753814697266,41200
2000-01-07,9.394779205322266,9.616703123558224,9.32080456591028,9.394779205322266,34700
2000-01-10,9.764652371406555,9.764652371406555,9.468753814697266,9.468753814697266,94200
2000-01-11,9.542726480462251,9.986574223739565,9.4687518565827,9.727663040161133,39700
2000-01-12,9.764655788449476,10.134529113769531,9.764655788449476,10.134529113769531,25100
2000-01-13,10.208504835178053,10.356454180615415,9.986580817022007,10.023568153381348,62000
2000-01-14,10.060548727852959,10.50439646584647,9.98657410485404,10.356447219848633,183100
2000-01-18,10.50440205468072,10.800300704108345,10.50440205468072,10.652351379394531,77300
2000-01-19,10.652350334271993,10.874274299569327,10.615363006722438,10.800299644470215,34500
2000-01-20,10.800294957842146,10.800294957842146,10.282472596849715,10.356447219848633,42200
2000-01-21,10.319461836231698,10.356449154641131,10.2084998810034,10.282474517822266,16000
2000-01-24,10.356453108961565,10.356453108961565,10.06055444870552,10.134529113769531,10700
2000-01-25,10.134525271429531,10.356449182482734,10.097537952920666,10.208499908447266,19200
2000-01-26,10.208504584527784,10.356453926332534,10.208504584527784,10.319466590881348,16600
2000-01-27,10.319459908349174,10.652345711844308,10.319459908349174,10.356447219848633,33600
2000-01-28,10.430423791459996,10.430423791459996,10.245487199412834,10.282474517822266,3900
2000-01-31,10.134523350851877,10.356447219848635,10.134523350851877,10.356447219848633,53900
2000-02-01,10.282480038387675,10.504404067993164,10.282480038387675,10.504404067993164,15400
2000-02-02,10.652348534986118,10.726323177590187,10.578373892382047,10.615361213684082,92700
2000-02-03,10.689338710572985,10.726326041751438,10.61536404821608,10.652351379394531,35200
2000-02-04,10.726324921947414,10.985236213166836,10.726324921947414,10.911261558532715,51500
2000-02-07,10.911263436884493,10.985238104253202,10.87427610320014,10.948250770568848,25200
2000-02-08,10.948251692132917,11.170175712919395,10.948251692132917,10.985239028930664,45300
2000-02-09,11.096202110757632,11.096202110757632,10.87427806854248,10.87427806854248,9100
2000-02-10,10.948248109617433,10.948248109617433,10.578374862670898,10.578374862670898,9700
2000-02-11,10.578373892382047,10.652348534986118,10.578373892382047,10.615361213684082,24700
2000-02-14,10.689338710572985,10.689338710572985,10.578376717037626,10.652351379394531,7100
2000-02-15,10.578374862670898,10.652349512060205,10.578374862670898,10.578374862670898,4900
2000-02-16,10.578377433725306,10.948250770568848,10.578377433725306,10.948250770568848,69000
2000-02-17,10.948252749280863,11.05921477038844,10.837290728173288,10.87427806854248,28100
2000-02-18,10.87427610320014,10.985238104253202,10.87427610320014,10.948250770568848,5000
2000-02-22,11.022226365728411,11.13318837612165,10.985239028930664,10.985239028930664,10700
2000-02-23,10.985233256191114,11.20715716035659,10.985233256191114,11.133182525634766,5700
2000-02-24,11.17017454222629,11.318123873911407,11.17017454222629,11.244149208068848,61800
2000-02-25,11.244145331444678,11.392094612121582,11.244145331444678,11.392094612121582,41400
2000-02-28,11.392093492590863,11.909915924072266,11.392093492590863,11.909915924072266,35700
2000-02-29,12.87159056527274,12.945565223693848,12.797615906851632,12.945565223693848,79900
2000-03-01,13.315432647178913,13.463381898814234,12.871584892272947,12.87158489227295,140600
2000-03-02,13.019534102918069,13.167483354087592,13.019534102918069,13.05652141571045,26600
2000-03-03,13.093509674072266,13.093509674072266,13.056522358608785,13.093509674072266,17300
2000-03-06,13.05652141571045,13.167483354087592,13.05652141571045,13.05652141571045,9900
2000-03-07,13.093511613932522,13.093511613932522,12.87158768827265,13.019536972045898,26200
2000-03-08,13.019536972045898,13.130498934875835,13.019536972045898,13.019536972045898,31700
2000-03-09,12.945562330159273,13.019536972045898,12.87158768827265,13.019536972045898,7800
2000-03-10,13.019535043145304,13.093509674072266,12.982547727681823,13.093509674072266,5200
2000-03-13,13.241464406414762,13.685312375344864,13.16748974492641,13.537363052368164,27900
2000-03-14,13.537363052368164,13.611337713856514,13.537363052368164,13.537363052368164,1300
2000-03-15,13.685305476806326,14.27710247039795,13.389406980010513,14.27710247039795,29000
2000-03-16,14.277108104412372,14.794930678147535,14.277108104412372,14.425057411193848,19500
2000-03-17,13.83325375450982,14.646974563598635,13.83325375450982,14.646974563598633,73300
2000-03-20,14.20313549041748,14.351084818442663,14.12916082640489,14.20313549041748,134700
2000-03-21,14.0551861623923,14.20313549041748,14.0551861623923,14.20313549041748,172200
2000-03-22,14.055177783439174,14.055177783439174,13.389406204223633,13.389406204223633,35900
2000-03-23,13.389414845572578,13.389414845572578,13.31544017791748,13.31544017791748,1300
2000-03-24,13.315442119800283,13.315442119800283,13.241467441356948,13.278454780578613,5600
2000-03-27,13.130496041295212,13.130496041295212,13.019534102918069,13.05652141571045,19600
2000-03-28,13.056526970863343,13.056526970863343,11.6879958152771,11.835945129394531,42600
2000-03-29,11.687994003295898,11.761968648886379,11.687994003295898,11.687994003295898,77000
2000-03-30,11.724981132997286,12.131841677044509,11.724981132997286,12.094854354858398,18700
2000-03-31,12.09485537034494,12.09485537034494,11.983893394470215,11.983893394470215,23500
2000-04-03,11.983891400423918,12.242802634383693,11.983891400423918,12.205815315246582,4000
2000-04-04,12.205820026167904,12.353769359818424,12.205820026167904,12.279794692993164,77700
2000-04-05,12.279791617880061,12.686652183532713,12.205816969579578,12.686652183532715,32700
2000-04-06,12.649665491541004,13.278450033518189,12.501716187546373,13.241462707519531,12500
2000-04-07,13.167489218957646,14.46204574329337,13.167489218957646,14.351083755493164,44500
2000-04-10,14.351084818442663,14.351084818442663,14.20313549041748,14.20313549041748,16100
2000-04-11,14.277106302434747,14.277106302434747,14.20313165838068,14.240118980407715,6300
2000-04-12,14.203130752004254,14.203130752004254,14.092168793004221,14.129156112670898,3800
2000-04-13,14.055187408936852,14.055187408936852,13.833263397216797,13.833263397216797,4900
2000-04-14,13.75928409203239,13.75928409203239,13.611334800720215,13.611334800720215,10200
2000-04-17,13.537366155130286,13.537366155130286,13.241467441356948,13.278454780578613,15500
2000-04-18,13.20447456327259,13.20447456327259,12.94556329732607,12.982550621032715,2900
2000-04-19,12.90857626994451,12.982550919055939,12.427741050720215,12.427741050720215,20400
2000-04-20,12.42774669940655,12.520215052824755,12.390759358039269,12.501721382141113,78800
2000-04-24,12.464728181761814,12.797614097595215,12.427740857780323,12.797614097595215,15100
2000-04-25,12.945566202203434,14.499034146467846,12.834604206184547,14.20313549041748,74600
2000-04-26,14.351077094596903,14.351077094596903,14.092165909900567,14.27710247039795,67700
2000-04-27,14.203128765665166,14.425052652628684,14.203128765665166,14.388065338134766,12600
2000-04-28,14.499024336154646,15.386719703674316,14.425049722194672,15.386719703674316,43100
2000-05-01,15.534679442644121,15.682628770669302,14.20313549041748,14.20313549041748,97500
2000-05-02,14.277104440323638,14.277104440323638,14.055180537106171,14.092167854309082,6100
2000-05-03,13.94422313355908,14.425058414026635,13.94422313355908,14.351083755493164,23000
2000-05-04,14.203133719308035,14.203133719308035,13.981209754943848,13.981209754943848,6300
2000-05-05,13.907233185378102,14.129157119187328,13.907233185378102,14.018195152282715,6200
2000-05-08,13.944224166373413,14.277110154430073,13.907236834367117,14.20313549041748,20400
2000-05-09,14.277108104412372,14.425057411193848,14.240120777717003,14.425057411193848,19900
2000-05-10,14.499032760201546,14.831918716430662,14.425058103261742,14.831918716430664,23400
2000-05-11,14.868907871812878,15.238781201957478,14.868907871812878,14.942882537841797,30200
2000-05-12,14.794922800897394,15.238770484924316,14.720948186892908,15.238770484924316,32300
2000-05-15,15.238770484924316,15.682618168951239,15.16479587091983,15.238770484924316,73700
2000-05-16,15.275764338175456,15.68262488955543,15.16480236961728,15.534675598144531,26100
2000-05-17,15.608652114868166,15.682626769441,15.53467746029533,15.608652114868164,5300
2000-05-18,15.608649301642735,15.608649301642735,15.423712698542703,15.497687339782715,9400
2000-05-19,15.497679708106666,15.497679708106666,15.386717800888718,15.460692405700684,38200
2000-05-22,15.38672835601733,15.38672835601733,15.275766372680666,15.275766372680664,6700
2000-05-23,15.01685283560502,15.01685283560502,14.055182456970217,14.055182456970215,63200
2000-05-24,13.759281158447264,13.981205048099639,13.611331898679014,13.759281158447266,33100
2000-05-25,13.833263397216797,13.90723806779015,13.833263397216797,13.833263397216797,12500
2000-05-26,13.833255788331389,13.981205048099639,13.759281158447264,13.759281158447266,64800
2000-05-30,13.759281158447264,13.759281158447264,13.500369953852827,13.759281158447266,89000
2000-05-31,13.759283794056286,14.31409362446178,13.759283794056286,14.240118980407715,68300
2000-06-01,14.240120777717003,14.64698137136606,14.240120777717003,14.425057411193848,38200
2000-06-02,14.499024344879446,15.38671971293329,14.499024344879446,15.238770484924316,62400
2000-06-05,15.164804924366086,15.97852616421012,15.016855608030808,15.90455150604248,145400
2000-06-06,15.904544893449643,15.904544893449643,15.608646383804068,15.645633697509766,61200
2000-06-07,15.6456337710461,15.6456337710461,15.349735260009767,15.349735260009766,16400
2000-06-08,15.275761674604487,15.275761674604487,15.016850459780681,15.053837776184082,32200
2000-06-09,15.016850459780681,15.053837776184082,14.94287582697388,15.053837776184082,29700
2000-06-12,15.053844536885178,15.053844536885178,14.49903454166828,14.942882537841797,75500
2000-06-13,14.64697356407459,15.386719703674316,14.64697356407459,15.386719703674316,185700
2000-06-14,15.386731696851326,15.941541733997408,15.386731696851326,15.86756706237793,162900
2000-06-15,16.0155141917142,16.570324152166194,16.0155141917142,16.274425506591797,104300
2000-06-16,16.274417679885335,17.310062441332587,16.274417679885335,17.162113189697266,222700
2000-06-19,17.310066338992172,17.384040981466498,17.01416776909487,17.05115509033203,197500
2000-06-20,16.940187466799557,16.940187466799557,16.57031437800481,16.829225540161133,68600
2000-06-21,16.86622022971129,17.310068130493164,16.86622022971129,17.310068130493164,35700
2000-06-22,17.273074895264166,18.56763082959874,17.16211295803549,18.271732330322266,53000
2000-06-23,18.27173241719943,18.290226073492143,17.753910041003493,17.864871978759766,53900
2000-06-26,17.75390809582126,18.345705032348633,17.605958861689416,18.345705032348633,85500
2000-06-27,18.493656025890218,19.30737689102939,18.419681401786658,19.159427642822266,58000
2000-06-28,19.159427356719974,21.304691423688617,18.937503487723216,20.712894439697266,128800
2000-06-29,20.712902902186602,20.712902902186602,19.307384490966797,19.307384490966797,292000
2000-06-30,19.455326590044745,20.12109822240369,17.162113189697266,17.162113189697266,583600
2000-07-03,17.27308080542801,17.531992080884102,17.23609348036285,17.310068130493164,80300
2000-07-05,17.31006808991128,17.458017389825052,16.792245540213077,17.384042739868164,80400
2000-07-06,17.236101299137264,17.31007598282455,17.01417724807541,17.088151931762695,56000
2000-07-07,16.94018921731901,17.605960845947266,16.75525265381116,17.605960845947266,36300
2000-07-10,17.67993876338005,19.011482268571854,17.67993876338005,18.93750762939453,76900
2000-07-11,19.01148746076148,20.010145362396813,19.01148746076148,19.75123405456543,106000
2000-07-12,19.56629890943096,20.269058227539062,19.12245091904689,20.269058227539062,286500
2000-07-13,20.269054603930527,20.269054603930527,19.936168670654297,19.936168670654297,87400
2000-07-14,19.936174297684673,20.047136306762695,19.78822495224731,20.047136306762695,13700
2000-07-17,20.04712304906719,20.121097672864483,19.566287994384766,19.566287994384766,49800
2000-07-18,19.455330027832975,19.455330027832975,18.678596319497437,19.12244415283203,60500
2000-07-19,19.122442278880552,19.122442278880552,18.90051838396124,19.0114803314209,98500
2000-07-20,19.048476997126546,19.307388334951565,18.974502329176538,19.270401000976562,28000
2000-07-21,19.344367727113962,20.047126784121925,19.344367727113962,20.01013946533203,20000
2000-07-24,20.010143196035962,21.52662354915514,20.010143196035962,20.158092498779297,103000
2000-07-25,20.195078002081978,20.41700193617079,19.973154067993164,19.973154067993164,76600
2000-07-26,20.010143196035962,20.343029127208464,20.010143196035962,20.158092498779297,62200
2000-07-27,20.12110517309346,20.158092498779297,20.12110517309346,20.158092498779297,18100
2000-07-28,20.306036048075732,20.306036048075732,20.1210994720459,20.1210994720459,129100
2000-07-31,20.08411603503757,20.121103357385707,19.93616674564503,19.973154067993164,69000
2000-08-01,19.97314644568915,19.97314644568915,19.862184520990876,19.899171829223633,4900
2000-08-02,19.86219024658203,19.899177565476972,19.825202927687094,19.86219024658203,4400
2000-08-03,19.899171829223633,19.97314644568915,19.82519721275812,19.899171829223633,26700
2000-08-04,19.973154067993164,19.973154067993164,19.93616674564503,19.973154067993164,14900
2000-08-07,20.047123132064996,20.047123132064996,18.419681401786658,19.159427642822266,77600
2000-08-08,19.233402208683607,19.529300704201816,19.233402208683607,19.455326080322266,16000
2000-08-09,19.529313597731925,20.047136306762695,18.937516215982473,20.047136306762695,57000
2000-08-10,20.047121062154666,20.047121062154666,19.82519721275812,19.899171829223633,15600
2000-08-11,19.825204902920895,19.825204902920895,19.67725561260059,19.714242935180664,8300
2000-08-14,19.75122640381998,19.899175665271816,19.714239088457024,19.8252010345459,16400
2000-08-15,19.825208713945823,19.89918337332622,19.71424672487523,19.75123405456543,17600
2000-08-16,19.825206692895552,19.936168670654297,19.825206692895552,19.936168670654297,36700
2000-08-17,19.936164622684178,20.638923672463395,19.936164622684178,20.56494903564453,34400
2000-08-18,20.56495289165621,20.56495289165621,20.417003590277385,20.490978240966797,20400
2000-08-21,20.453996504506758,20.71290785266507,20.453996504506758,20.638933181762695,15200
2000-08-22,20.71289628638817,21.00879480476514,20.71289628638817,20.9348201751709,6200
2000-08-23,20.93482221973886,20.97180953814829,20.490974398825667,20.56494903564453,8500
2000-08-24,20.56494519369943,20.749881751196728,20.453983259201053,20.712894439697266,92100
2000-08-25,20.638931085367116,20.934829738920765,20.638931085367116,20.897842407226562,33300
2000-08-28,20.89784240722656,21.00880440230918,20.860855075532353,20.897842407226562,31200
2000-08-29,20.86085042484471,22.78419124415663,20.86085042484471,22.562267303466797,24900
2000-08-30,22.636247747822814,23.08009574287816,22.04445042108235,22.488298416137695,36300
2000-08-31,22.488300695651915,24.26369285583496,22.488300695651915,24.26369285583496,45700
2000-09-01,24.411632417738883,25.22535349833018,24.411632417738883,24.670543670654297,38900
2000-09-05,24.522602052573696,24.707538719636847,24.337665385510547,24.559589385986328,17500
2000-09-06,24.41163665912988,24.4856113156727,23.893814063330154,23.930801391601562,21100
2000-09-07,23.449963553366807,23.523938201800142,21.008800155066794,21.674571990966797,241400
2000-09-08,21.60060287166286,21.93348887482205,21.304704202188027,21.896501541137695,59900
2000-09-11,22.044444630446943,22.858165740966797,22.044444630446943,22.858165740966797,40900
2000-09-12,22.932136511112716,23.08008577892635,22.710212609392272,23.00611114501953,41300
2000-09-13,22.932138397069842,23.043100357055664,22.932138397069842,23.043100357055664,7300
2000-09-14,23.00611503378859,23.154064326610378,22.858165740966797,22.858165740966797,21800
2000-09-15,22.71022241366537,22.78419707950793,22.41432375029514,22.488298416137695,66200
2000-09-18,22.41432375029514,22.71022241366537,22.26637441861002,22.488298416137695,97200
2000-09-19,22.48828125,22.710205078125,22.3773193359375,22.710205078125,20000
2000-09-20,22.56226536495234,22.636240005493164,22.48829072441151,22.636240005493164,22100
2000-09-21,22.488295150129765,22.488295150129765,21.600599288940433,21.60059928894043,21400
2000-09-22,21.45264869992914,21.822521953376192,20.490978240966797,20.490978240966797,66400
2000-09-25,20.490977919729133,21.30469906455592,20.490977919729133,21.082775115966797,60500
2000-09-26,21.082779065697594,21.156753729086006,20.860855075532353,20.897842407226562,49400
2000-09-27,20.93482221973886,20.93482221973886,20.26905048836907,20.56494903564453,32600
2000-09-28,20.527961986690926,20.527961986690926,19.67725365210734,19.86219024658203,82000
2000-09-29,19.899177938699722,20.564949691295624,18.93750762939453,18.93750762939453,72800
2000-10-02,19.0854548107494,19.5293025970459,18.86353091760115,19.5293025970459,121600
2000-10-03,19.751224340711325,21.304691423688617,19.751224340711325,20.712894439697266,105500
2000-10-04,20.712900127804577,20.86084941443175,20.15809030295267,20.786874771118164,99000
2000-10-05,20.78687797377996,21.78553581237793,20.78687797377996,21.78553581237793,40800
2000-10-06,21.785539540084635,22.858172216930907,21.74855220640028,21.896501541137695,130100
2000-10-09,22.044446900536784,22.192396208594076,21.896497592479488,22.11842155456543,77500
2000-10-10,22.19239039136874,22.488288929920323,22.19239039136874,22.34033966064453,69600
2000-10-11,22.266383291737046,22.266383291737046,21.304712252559035,21.341699600219727,32600
2000-10-12,21.34168439127427,21.452646355180374,21.156747784764093,21.230722427368164,37900
2000-10-13,21.37867281274888,22.858165740966797,21.304698166337985,22.858165740966797,70500
2000-10-16,22.932136320395156,23.671882653311126,22.932136320395156,23.59790802001953,72700
2000-10-17,23.59790824151808,23.671882875504032,22.78418726767263,22.93213653564453,112000
2000-10-18,22.488293438702375,24.855482221723676,22.488293438702375,24.63355827331543,228500
2000-10-19,24.855478579281296,25.15137713379655,23.745858999849098,24.115732192993164,125300
2000-10-20,24.115733743245322,25.225353394008145,24.115733743245322,24.892467498779297,59200
2000-10-23,24.892457993729234,24.892457993729234,23.85681338180588,24.485597610473633,96200
2000-10-24,24.41163304485852,24.41163304485852,22.858165487458432,23.375988006591797,122100
2000-10-25,23.302014933692085,23.96778678894043,23.302014933692085,23.96778678894043,44600
2000-10-26,23.893806375734293,24.26367953944535,23.893806375734293,24.15271759033203,46800
2000-10-27,24.263679245961434,25.447273355520526,24.263679245961434,25.11438751220703,124300
2000-10-30,25.151382446289062,25.447281063304228,24.59657253938563,25.151382446289062,114300
2000-10-31,25.225345611572266,25.447269473257652,25.077396370448675,25.225345611572266,85200
2000-11-01,25.077396392822266,25.225345634077854,24.559574048427706,25.077396392822266,94000
2000-11-02,25.00342525331314,26.55689250277934,24.855475991459215,26.18701934814453,58400
2000-11-03,26.33498425135797,26.33498425135797,25.78017418988273,25.854148864746094,36600
2000-11-06,26.002092484416796,26.187029130820896,25.595231862327772,25.817155838012695,141800
2000-11-07,25.81716152731441,26.150047564199554,25.743186852451046,25.854148864746094,49000
2000-11-08,25.706182471637067,25.891119036181216,25.706182471637067,25.7431697845459,50200
2000-11-09,25.669196931655797,26.334968609998455,25.299323777020987,26.18701934814453,91200
2000-11-10,26.1130428314209,26.334966708175184,26.002080893043757,26.1130428314209,15600
2000-11-13,26.03907829733456,26.03907829733456,24.263686595243566,25.151382446289062,64900
2000-11-14,25.003423542385484,25.891119052766037,25.003423542385484,25.6691951751709,41200
2000-11-15,25.595229468517356,26.926773198093404,25.595229468517356,26.704849243164062,90700
2000-11-16,26.630872436191723,28.369276609109793,26.630872436191723,27.22266960144043,100100
2000-11-17,27.370618730583445,27.666517311454616,27.222669440147858,27.55555534362793,24300
2000-11-20,27.481593041698915,27.481593041698915,26.150048829718887,26.556909561157227,59200
2000-11-21,25.595222747254518,25.595222747254518,23.523933045164554,24.70752716064453,237700
2000-11-22,24.263690718685286,24.559589385986328,24.004779384796876,24.559589385986328,41000
2000-11-24,24.41163590375115,25.151382446289062,24.41163590375115,25.151382446289062,13400
2000-11-27,25.447280839560687,25.66920480037081,25.15138222514719,25.521255493164062,49800
2000-11-28,25.521253357585678,26.03907588947872,25.521253357585678,25.96510124206543,22400
2000-11-29,26.11304858597842,26.11304858597842,25.669200734658673,26.039073944091797,86800
2000-11-30,26.039079813697615,26.039079813697615,25.447282545204487,25.817155838012695,35800
2000-12-01,25.817150066990656,26.260997919145222,25.817150066990656,25.928112030029297,14000
2000-12-04,25.891123041074874,26.039072315595302,25.299325942993164,25.299325942993164,36700
2000-12-05,25.225352883338928,26.039073944091797,25.225352883338928,26.039073944091797,80000
2000-12-06,26.187032349904378,27.88844970597161,26.187032349904378,26.63088035583496,30900
2000-12-07,26.704851032451224,27.000749658849575,26.630876375851635,26.889787673950195,31300
2000-12-08,26.926770601774518,28.40626349198191,26.889783279519335,28.11036491394043,31800
2000-12-11,28.110368865238264,28.110368865238264,27.814470245604177,27.888444900512695,66200
2000-12-12,27.814475038316512,28.036399041281804,26.63088035583496,26.63088035583496,31600
2000-12-13,26.66786204503235,26.852798675025642,26.482925415039062,26.482925415039062,102100
2000-12-14,26.48291787185238,26.51990518731586,26.11304471721757,26.18701934814453,34800
2000-12-15,26.11305269939682,26.11305269939682,25.151382203385037,25.558242797851562,87100
2000-12-18,25.70618041971112,27.07471088809862,25.70618041971112,26.778812408447266,30200
2000-12-19,26.630871230749776,26.778820515365055,25.706188201904297,25.706188201904297,83900
2000-12-20,25.595222747254518,25.817146643907012,24.26367936733954,24.70752716064453,95100
2000-12-21,24.70753143880969,24.81849340634925,23.375987828334914,23.745861053466797,83300
2000-12-22,23.745859548643036,23.745859548643036,22.266366741874002,22.784189224243164,101000
2000-12-26,22.747205437082552,23.26502799987793,22.710218111168597,23.26502799987793,31700
2000-12-27,23.30201838878875,24.33766365051269,22.821183088702632,24.337663650512695,82800
2000-12-28,24.337651909600073,26.18701755622622,24.337651909600073,25.6691951751709,57300
2000-12-29,25.706190566221874,26.03907648722331,24.85548210144043,24.85548210144043,71700
2001-01-02,25.00343408584595,25.18837072849274,23.671890258789062,23.671890258789062,54000
2001-01-03,23.523935303021826,23.74585922097486,23.228036745751112,23.560922622680664,54000
2001-01-04,23.708872007945228,24.0787452061971,23.302011489868164,23.302011489868164,65700
2001-01-05,23.302014557631697,23.302014557631697,20.934825777173874,21.156749725341797,94500
2001-01-08,21.304700668543987,22.007459891985544,21.304700668543987,21.60059928894043,75800
2001-01-09,21.822517513202925,21.8964921488409,21.48963165283203,21.48963165283203,17900
2001-01-10,21.52662964622573,22.488300386435125,21.52662964622573,22.414325714111328,42500
2001-01-11,22.266369178433468,22.93214101433347,21.674571990966797,21.674571990966797,53700
2001-01-12,21.822526873768986,22.044450875875114,21.156754867450612,21.896501541137695,51800
2001-01-16,22.192399752767464,22.525285749058977,21.341691095578046,22.488298416137695,116400
2001-01-17,22.784186985181726,24.559578178832247,22.784186985181726,23.81983184814453,128800
2001-01-18,23.81984133174176,23.96779065678363,23.671892006699885,23.893815994262695,67600
2001-01-19,23.89380849961022,24.41163097483397,23.560922622680664,23.560922622680664,62200
2001-01-22,23.560937803862426,23.634912490844727,23.302026399424378,23.634912490844727,41200
2001-01-23,23.634900922553484,23.893812200265337,23.37598964484163,23.85682487487793,46500
2001-01-24,23.893794897830848,23.893794897830848,23.191036224365234,23.191036224365234,23300
2001-01-25,23.191051392615595,23.375988006591797,22.932140133048915,23.375988006591797,140000
2001-01-26,23.37597846683544,23.48694038993751,23.338991159134753,23.412965774536133,29500
2001-01-29,23.37598569465406,24.44713926957444,23.37598569465406,24.411630630493164,74000
2001-01-30,24.41163620816295,24.58917492908049,24.115737587457943,24.1394100189209,63400
2001-01-31,24.263686230432956,24.263686230432956,23.470677858454298,23.624544143676758,42000
2001-02-01,23.67189546910728,24.411642202516884,23.52394612242536,24.26369285583496,120700
2001-02-02,24.263686595243566,25.210561266681182,24.263686595243566,25.151382446289062,65800
2001-02-05,25.299338282608407,25.447287629290326,24.26369285583496,24.26369285583496,50500
2001-02-06,24.115742206744923,24.411640884128296,23.67189419066986,24.382051467895508,35000
2001-02-07,24.382046168773552,26.039077950480497,24.382046168773552,25.364429473876953,76500
2001-02-08,25.44726753234863,25.683987203101843,25.1750414912507,25.447267532348633,48200
2001-02-09,25.4472721615602,25.4472721615602,24.973834991455078,24.973834991455078,27200
2001-02-12,24.9738417646686,25.867454524505398,24.855481875660033,25.67807960510254,33100
2001-02-13,25.530126778460357,26.03315567281684,25.530126778460357,25.802352905273438,33900
2001-02-14,25.719503711271347,25.719503711271347,25.151378986557926,25.50645637512207,20800
2001-02-15,25.65440644335753,25.743176921961318,25.269739636970886,25.683998107910156,18400
2001-02-16,25.56563772977951,25.56563772977951,24.81405506666775,24.91465950012207,29600
2001-02-20,24.914661243594722,24.914661243594722,23.13926964169884,23.316810607910156,52200
2001-02-21,23.198450659240265,23.553528075735546,23.13926958480628,23.299055099487305,48400
2001-02-22,23.25761251013465,23.25761251013465,23.080073931398225,23.08599090576172,85500
2001-02-23,23.086010075164022,23.523941040039062,23.086010075164022,23.523941040039062,62700
2001-02-26,23.55352648542306,25.24014974371429,23.55352648542306,24.91465950012207,50100
2001-02-27,25.062618424906184,25.151388935926484,24.26369285583496,24.26369285583496,30400
2001-02-28,24.322864042962763,24.322864042962763,23.080090824646508,23.316810607910156,59400
2001-03-01,23.316806424344943,23.938192922012206,23.228035957166725,23.849422454833984,19700
2001-03-02,23.790245805950676,24.589171052902604,23.70147533072181,23.97370147705078,11000
2001-03-05,24.08613376224863,24.145312547962426,23.109667995289183,23.41148567199707,20500
2001-03-06,23.46475133847366,24.086137720694403,23.22803164166274,23.43515968322754,13600
2001-03-07,23.494349154594456,23.772492301855134,23.375989263778756,23.612709045410156,23300
2001-03-08,23.61271214723916,24.26368824594876,23.61271214723916,23.642301559448242,20700
2001-03-09,23.64228210877606,23.64228210877606,22.04443033124763,22.251558303833008,74300
2001-03-12,22.488293101967873,22.754602287575544,22.103624027476,22.506046295166016,38200
2001-03-13,22.49420417409131,23.139263028729893,22.49420417409131,23.074167251586914,21400
2001-03-14,23.080084507220434,23.796158382176543,22.801939176648,23.198444366455078,40500
2001-03-15,23.1096813585437,23.19845184597221,22.843372153785438,22.926225662231445,12300
2001-03-16,23.02090643195578,23.032740386478345,22.51787757873535,22.51787757873535,67800
2001-03-19,22.50012579605232,22.813777533620847,22.145046184958424,22.45870018005371,117300
2001-03-20,22.4587033505595,22.4587033505595,21.36387721703798,21.417139053344727,90500
2001-03-21,21.423051865452766,21.45264126396675,21.24551321684246,21.275102615356445,31600
2001-03-22,21.21592309913189,21.21592309913189,20.07967385961734,20.1210994720459,49700
2001-03-23,20.121098272456923,20.121098272456923,19.115042907328792,19.29258155822754,131600
2001-03-26,19.292579092051664,19.8251972341896,18.493654136370896,19.677248001098633,103500
2001-03-27,19.647663490788535,20.67738914489746,19.529303623383896,20.67738914489746,37600
2001-03-28,20.712909429845674,21.0383975550948,19.88439214964066,21.008808135986328,37200
2001-03-29,21.00880261107906,21.896498496054228,20.949623788424997,21.511829376220703,34700
2001-03-30,21.452652083502876,21.630190821653944,20.920033611522136,21.304702758789062,51100
2001-04-02,21.24552800391004,21.281034403829015,21.008808135986328,21.008808135986328,96900
2001-04-03,21.156746130195454,21.186335533417648,20.535359632422338,20.56494903564453,31900
2001-04-04,20.564949691295624,20.706981991827888,18.203679344207103,18.93750762939453,97400
2001-04-05,20.121103100322898,20.417001675327644,19.848876953125,19.848876953125,334400
2001-04-06,19.825199860832495,20.269047618910832,19.61215257575066,19.647661209106445,115900
2001-04-09,19.789696838014088,20.298642772771725,19.789696838014088,19.943565368652344,72400
2001-04-10,20.269053550019834,20.594541549682617,20.12110425403429,20.594541549682617,96300
2001-04-11,20.86084303286445,21.74853848107145,20.86084303286445,21.541410446166992,46500
2001-04-12,21.423056973678786,21.659774475761225,20.251298904418945,20.251298904418945,69700
2001-04-16,20.150691417938475,20.150691417938475,18.641609218428226,18.830984115600586,159500
2001-04-17,18.83098189933728,19.64766245823028,18.777720074680637,19.5293025970459,247100
2001-04-18,19.677252963986376,20.357820510864258,19.62399113633918,20.357820510864258,258300
2001-04-19,20.269051155540094,20.40516422086386,20.1211018770325,20.180280685424805,17500
2001-04-20,20.121103059304605,20.121103059304605,18.907919355763692,19.115047454833984,60800
2001-04-23,19.085456907749176,19.085456907749176,18.469987367987414,18.93750762939453,72100
2001-04-24,18.937512292118996,19.92581263125081,18.937512292118996,19.766029357910156,78400
2001-04-25,19.706844895581188,20.073758501167134,19.671338510944256,19.973154067993164,47800
2001-04-26,20.061916415476134,20.416993663128807,19.17422103881836,19.17422103881836,28100
2001-04-27,19.085454727286724,19.8252010345459,19.085454727286724,19.8252010345459,23700
2001-04-30,19.7660271519659,20.032334082831312,19.73643548629007,20.002744674682617,36000
2001-05-01,19.854799651675076,20.304566879479733,19.298510983103657,20.269058227539062,36400
2001-05-02,20.26905201729014,20.41700130208788,19.854793568351088,20.04416847229004,38200
2001-05-03,20.085593767652806,20.12110240814156,19.8370400568122,20.067840576171875,65900
2001-05-04,19.943566077785736,20.07967916278884,19.908057433100385,19.913976669311523,66700
2001-05-07,19.91989194368485,21.038388194014505,19.91989194368485,20.37557601928711,86100
2001-05-08,20.357817057101144,20.78982858249119,20.357817057101144,20.67146873474121,25300
2001-05-09,20.712903087694368,21.067980523329645,20.712903087694368,21.03839111328125,74400
2001-05-10,21.186342847512506,21.363881585663574,21.139000237518406,21.304702758789062,24100
2001-05-11,21.417141923356702,21.541421063077898,21.304701257209068,21.32245445251465,33400
2001-05-14,21.32836662235368,21.4763158876183,21.32836662235368,21.399381637573242,29500
2001-05-15,21.45265040443481,22.352182499193017,21.45265040443481,22.01485824584961,80300
2001-05-16,21.896499458766765,21.896499458766765,21.39347267150879,21.39347267150879,53700
2001-05-17,21.44081731924313,22.014861460433167,21.44081731924313,21.896501541137695,73700
2001-05-18,21.83731589096853,21.93792032356026,21.83731589096853,21.9083309173584,114400
2001-05-21,21.985268834728274,22.01485824584961,21.600599717568844,22.01485824584961,42700
2001-05-22,22.01485246341189,22.251569947733536,21.926081995837045,21.99709701538086,86200
2001-05-23,21.997102946071607,21.997102946071607,21.511829376220703,21.511829376220703,37000
2001-05-24,21.511827139399614,21.54141880517705,21.097570908841206,21.156749725341797,45200
2001-05-25,21.156758846378942,21.39939571067965,21.156758846378942,21.36980628967285,53800
2001-05-29,21.42306799334169,21.778145557874694,21.36388689423412,21.74855613708496,67800
2001-05-30,21.71895977056467,21.71895977056467,21.42306114223961,21.511829376220703,13200
2001-05-31,21.51181879187241,21.884651512226704,21.51181879187241,21.541410446166992,62500
2001-06-01,21.54141651162864,21.547333489637854,20.86084890669726,20.991044998168945,67400
2001-06-04,20.991044785879208,21.423056417043465,20.991044785879208,21.24551773071289,67400
2001-06-05,21.30470197587779,21.81364799539482,21.30470197587779,21.68937110900879,124800
2001-06-06,21.689359687534825,21.831389695033234,21.30469075696795,21.541410446166992,27200
2001-06-07,21.541414410398342,21.541414410398342,20.925944911238005,21.097566604614258,19300
2001-06-08,21.008808470779698,21.30470718163575,20.920037954511677,20.985136032104492,9900
2001-06-11,20.86084758291999,20.949618050113333,20.4169997620068,20.56494903564453,41600
2001-06-12,21.156755130921663,21.156755130921663,20.393336012362873,20.55312156677246,44500
2001-06-13,20.59453727861808,20.6833077408103,20.387409210205078,20.387409210205078,30900
2001-06-14,20.399244170708414,20.405161147645757,19.801527911344667,19.85478973388672,105400
2001-06-15,19.854791236506852,19.943561699970626,19.434615858835198,19.499713897705078,93300
2001-06-18,19.505635098616736,19.529307528336386,19.428703088318596,19.517471313476562,26100
2001-06-19,19.558894405867584,19.653581854966802,19.558894405867584,19.588483810424805,13700
2001-06-20,19.594396791771874,19.677248001098633,19.588477558233595,19.677248001098633,246200
2001-06-21,19.671334795947683,19.8252010345459,19.64174313763606,19.8252010345459,45600
2001-06-22,19.795616718864586,19.88438494402255,19.499718119950398,19.517471313476562,46100
2001-06-25,19.499713196131445,19.600317610745893,19.470123795216995,19.5293025970459,70900
2001-06-26,19.52930251164223,19.8252010345459,19.410942650975446,19.8252010345459,59500
2001-06-27,19.884388084885202,20.95554199485975,19.884388084885202,20.94962501525879,76200
2001-06-28,20.94962322707918,21.600599288940433,20.74249283828528,21.60059928894043,100100
2001-06-29,21.600595755796192,21.8964943277934,20.127019873938238,20.292724609375,295700
2001-07-02,20.564958534210355,21.215934735879276,20.564958534210355,21.192264556884766,122600
2001-07-03,21.12715769367887,21.156747098254975,20.446590100794193,20.47026252746582,31100
2001-07-05,20.458425645243512,20.920026662613928,20.42883624163483,20.854930877685547,53700
2001-07-06,20.789836826717618,20.80167304193891,20.54128082212495,20.77208137512207,27900
2001-07-09,20.777996350887143,20.777996350887143,20.357820955562413,20.56494903564453,62600
2001-07-10,20.683313383639973,20.683313383639973,20.304563522338867,20.304563522338867,92000
2001-07-11,20.310481758337716,21.363880157470707,20.032336324061184,21.363880157470703,234700
2001-07-12,22.04443863851076,22.902544755139285,22.04443863851076,22.725006103515625,162900
2001-07-13,22.730935182504002,23.375994357610043,22.730935182504002,23.097848892211914,90300
2001-07-16,23.080075147218643,23.73105072271969,23.080075147218643,23.38780975341797,96300
2001-07-17,23.387831731285154,24.382051467895508,23.37599551328649,24.382051467895508,45000
2001-07-18,24.322864208728678,24.831810165945093,23.96778678894043,23.96778678894043,133500
2001-07-19,23.908611290662684,24.64835789919151,23.908611290662684,24.51816177368164,44300
2001-07-20,24.500418083204007,24.500418083204007,23.938209991090048,23.99738883972168,46000
2001-07-23,23.961863953143933,24.02695973342274,23.683718612530395,23.736980438232422,46800
2001-07-24,23.736988318205114,23.819839572906496,23.583119767307654,23.671890258789062,218300
2001-07-25,23.67780303955078,23.908605824971577,23.671886061347315,23.67780303955078,69800
2001-07-26,23.3759916305542,23.671890258789062,22.72501555144845,23.671890258789062,196300
2001-07-27,23.64228998231868,23.64228998231868,23.3463914900682,23.43515968322754,29700
2001-07-30,23.46475133847366,23.60086437400572,23.22803164166274,23.43515968322754,53200
2001-07-31,23.299054158147243,23.583116531372067,23.22212215078204,23.58311653137207,36800
2001-08-01,23.58311124168039,24.39387481536116,23.58311124168039,23.766569137573242,30000
2001-08-02,23.790260611982603,23.99738883972168,23.790260611982603,23.99738883972168,21400
2001-08-03,23.849429080911484,23.95003578883344,23.523941040039062,23.523941040039062,8400
2001-08-06,23.553525345945218,24.263682354157652,23.553525345945218,24.168994903564453,28000
2001-08-07,24.168991434922727,24.64834785461426,23.955944137282046,24.648347854614258,72200
2001-08-08,24.618750358435225,24.618750358435225,23.624531376890147,23.701465606689453,68100
2001-08-09,23.70147225408055,23.967781387671117,23.70147225408055,23.944108963012695,20100
2001-08-10,23.944112425292953,24.097980950295167,23.37598769650093,23.589035034179688,70400
2001-08-13,23.589039099719024,23.61271153188035,23.523941040039062,23.523941040039062,36900
2001-08-14,23.553529691872384,24.086148110688335,23.553529691872384,23.90860939025879,68900
2001-08-15,23.938197217068286,23.95595041067855,23.316810607910156,23.316810607910156,13600
2001-08-16,23.168861307752167,23.316810607910156,22.665832332698702,23.316810607910156,36500
2001-08-17,23.32272251278928,23.32272251278928,22.861121519125486,22.93213653564453,28300
2001-08-20,22.932145380786668,23.16886520385742,22.83745790306388,23.168865203857422,64000
2001-08-21,23.16886520385742,23.819841331010668,23.139273532827918,23.168865203857422,24300
2001-08-22,23.20436522487569,23.233954630252075,22.837451631649312,23.050498962402344,24300
2001-08-23,23.062335176058284,23.287216462940332,22.991317894122655,23.050498962402344,30400
2001-08-24,23.02682369134623,23.831668060338732,23.02682369134623,23.81983184814453,18000
2001-08-27,23.819831278010415,23.87309310284616,23.40557289123535,23.40557289123535,29200
2001-08-28,23.375975857095142,23.375975857095142,22.961717605590817,22.96171760559082,13700
2001-08-29,22.961723580166584,23.086000410696606,22.872955383013615,23.06233024597168,7400
2001-08-30,23.139261493291947,23.2694575539916,22.75459480285645,22.754594802856445,15200
2001-08-31,22.784186706025388,22.81377610738503,22.488288177375708,22.51787757873535,17300
2001-09-04,22.5238033656028,22.93214264121395,22.5238033656028,22.926225662231445,13200
2001-09-05,22.843371748801292,23.68964195251465,22.843371748801292,23.68964195251465,75500
2001-09-06,23.64229455052505,23.961865525709968,23.375985404537623,23.932273864746094,171600
2001-09-07,23.967793895406988,23.979630113913,23.73107404034245,23.890859603881836,105700
2001-09-10,23.8908418067526,23.938186645507812,23.79023741068703,23.938186645507812,38100
2001-09-17,23.790239615973867,25.831939697265625,23.67187976564039,25.831939697265625,121200
2001-09-18,25.83193896610625,25.861528363470512,24.944243500020487,25.06260108947754,47400
2001-09-19,25.062616217387024,25.062616217387024,23.879021548182866,24.559589385986328,186800
2001-09-20,24.470811858320094,24.47673109418247,23.375988006591797,23.375988006591797,28800
2001-09-21,23.37599048836464,23.417416113691203,23.228041181476254,23.287220001220703,88100
2001-09-24,23.287217078260156,23.84350784715353,23.228038265943706,23.52985382080078,110200
2001-09-25,23.535776544559315,23.553529739379886,23.316812197505467,23.553529739379883,121500
2001-09-26,23.642286127344953,24.115723186244562,23.583105084028773,23.731054306030273,79100
2001-09-27,23.7310743047689,24.26369285583496,22.72502055335414,24.26369285583496,218700
2001-09-28,24.293275044853775,26.334975873032526,24.293275044853775,26.169273376464844,65200
2001-10-01,25.743175896396817,25.743175896396817,23.61270707005062,23.760656356811523,155500
2001-10-02,23.8198286261637,24.26367636453942,23.37598088778798,23.43515968322754,60200
2001-10-03,23.375983312655283,23.731060637178658,23.31680451107691,23.660045623779297,77700
2001-10-04,23.660054138675623,23.967788984190744,23.405581136759803,23.523941040039062,46200
2001-10-05,23.523937534358744,23.766574284034697,23.38190522008468,23.665969848632812,17400
2001-10-08,23.671895314356547,23.75474658675234,23.671895314356547,23.719240188598633,3300
2001-10-09,23.71924904927467,23.99739238800397,23.671904157346198,23.790264129638672,29200
2001-10-10,23.796160626032407,23.849422454833988,23.346395827562098,23.849422454833984,104200
2001-10-11,23.84942944838776,24.61876544526593,23.6363820707079,23.707399368286133,50800
2001-10-12,23.665953124387844,23.665953124387844,23.275367358061942,23.28128433227539,9300
2001-10-15,23.316803094435553,24.18082618713379,23.06233019956154,24.18082618713379,47200
2001-10-16,24.1808281404602,25.293407241118835,24.1808281404602,24.70752716064453,69400
2001-10-17,25.21055244774439,25.21055244774439,24.470806163978104,24.973834991455078,97600
2001-10-18,25.062610215941582,25.115872053602896,24.624681557417112,24.85548210144043,91600
2001-10-19,24.796292433185588,25.328908319174854,24.796292433185588,25.080354690551758,41400
2001-10-22,25.16913389126421,25.16913389126421,24.76671161949586,24.85548210144043,19900
2001-10-23,24.86139476430802,24.985673868961936,24.766707320183496,24.79629898071289,48200
2001-10-24,24.825884182881772,24.885062978873318,24.790375550771028,24.80221176147461,97000
2001-10-25,24.796305357997227,24.973844079200493,24.73712427924459,24.748960494995117,61400
2001-10-26,24.748954129887256,25.086278290676294,24.748954129887256,24.79629898071289,30500
2001-10-29,24.944254317389365,25.151382446289062,24.79630500888178,25.151382446289062,153400
2001-10-30,25.12179089973279,25.59522819519043,25.08036527747569,25.59522819519043,131900
2001-10-31,25.506457714624016,26.27579585946067,25.506457714624016,25.59522819519043,141900
2001-11-01,25.595226755604042,25.743176043208692,25.388098655968324,25.630735397338867,43300
2001-11-02,25.630736297606163,25.831947426117008,25.630736297606163,25.70766830444336,48600
2001-11-05,25.743180745142332,26.110094413310254,25.092204663793364,25.098121643066406,52300
2001-11-06,25.0626087206842,25.417688369750977,25.00342990793657,25.417688369750977,60500
2001-11-07,25.35852076871232,25.559731999465864,25.21649063966758,25.269752502441406,12000
2001-11-08,25.210547861595415,25.44726753234863,25.210547861595415,25.447267532348633,69500
2001-11-09,25.388098495935886,25.388098495935886,25.03893808908875,25.382179260253906,37000
2001-11-12,25.322998368722857,25.322998368722857,25.086278626479466,25.299325942993164,68400
2001-11-13,25.358503359707246,25.358503359707246,25.104030440879473,25.1868839263916,47900
2001-11-14,25.180971856485122,25.299331754796647,24.95017129641766,25.151382446289062,106200
2001-11-15,25.15138528068851,25.15138528068851,24.58917739349702,24.825897216796875,52200
2001-11-16,24.885065374439396,25.175046920776367,24.855475973595194,25.175046920776367,36300
2001-11-19,25.17505295270992,25.56563900700677,24.358372200079366,24.39388084411621,35000
2001-11-20,24.33470034002253,24.441224017098037,24.08022736228962,24.305110931396484,27100
2001-11-21,24.263678297782437,24.263678297782437,24.026958582110538,24.234088897705078,6400
2001-11-23,24.204504353190455,24.435304880630884,24.157159497547816,24.370206832885742,5200
2001-11-26,24.382044798632705,24.85548210144043,24.382044798632705,24.85548210144043,56300
2001-11-27,24.825888604399157,24.885067410930514,24.145321041654775,24.20450210571289,80800
2001-11-28,24.174907824833234,24.174907824833234,23.849419909133786,23.896764755249023,48100
2001-11-29,23.967779775843738,23.967779775843738,22.872956170575065,23.074167251586914,138800
2001-11-30,23.020905498786465,23.0800842991069,22.920298829209898,22.949888229370117,93600
2001-12-03,23.08008340676294,23.139262204795347,22.488286396333123,22.725006103515625,59600
2001-12-04,22.79603223864713,22.878883499340027,22.168726288714772,22.54155921936035,45100
2001-12-05,22.600732191029604,23.086005670104488,22.600732191029604,23.026826858520508,39600
2001-12-06,23.145183955353804,24.145320199000952,23.145183955353804,23.83758544921875,42300
2001-12-07,23.89676634396519,24.19858185667246,23.08008575439453,23.08008575439453,80000
2001-12-10,23.080099966752005,23.25763874575987,22.75461182898291,22.90256118774414,43300
2001-12-11,22.973565025084145,23.074171713809257,22.878877572033606,23.026826858520508,39600
2001-12-12,23.08008937689687,23.08008937689687,22.517881620056794,22.618488311767578,45900
2001-12-13,22.618492143276107,23.583120057783475,22.618492143276107,23.228042602539062,55800
2001-12-14,23.3464053015576,24.618768216435466,23.3464053015576,24.559589385986328,149700
2001-12-17,24.648356716052888,24.707535538883572,24.050640220837018,24.299196243286133,37700
2001-12-18,24.411631485647877,24.9146581405232,24.257765225959258,24.2755184173584,69600
2001-12-19,24.174909542094905,24.512233693284944,24.174909542094905,24.322858810424805,56400
2001-12-20,24.26369285583496,24.44715085843058,24.210431000728356,24.26369285583496,98400
2001-12-21,24.263681934543403,24.512235641479492,24.25776495665167,24.512235641479492,52700
2001-12-24,24.453059577300372,24.458978813383393,24.26368465813176,24.352455139160156,11200
2001-12-26,24.41162991645677,24.944248199462887,24.263680644235823,24.94424819946289,18200
2001-12-27,24.885083390506406,25.257916432137907,24.61877407505533,25.121803283691406,31800
2001-12-28,25.180969796595154,25.186889032666524,24.5832556324316,24.713449478149414,20100
2001-12-31,24.713450571239886,24.713450571239886,24.54183109554006,24.67794418334961,11000
2002-01-02,24.725280534890594,24.725280534890594,24.346530776308562,24.453054428100586,56200
2002-01-03,24.535908068100124,24.79630024587339,24.41163121463208,24.512235641479492,34500
2002-01-04,24.45306047163101,25.180970767093836,24.45306047163101,24.808137893676758,29000
2002-01-07,24.808146563962364,24.808146563962364,24.50041389465332,24.50041389465332,41600
2002-01-08,24.58917569492147,24.707535598395307,24.52407763513449,24.529996871948242,81100
2002-01-09,24.55958128817286,24.914658668846517,24.524072647094727,24.524072647094727,24500
2002-01-10,24.453059133178687,25.068528738061953,24.453059133178687,24.88507080078125,11800
2002-01-11,24.94424847498863,25.003427281519983,24.186746657732076,24.20450210571289,35300
2002-01-14,24.02697299813274,24.45306783898559,24.02697299813274,24.26369285583496,113200
2002-01-15,24.41163420677185,25.16913389126421,24.322863724827283,24.85548210144043,58200
2002-01-16,24.94425411265518,25.21056105976124,24.66610869253512,24.861400604248047,108600
2002-01-17,25.003438118054294,25.50646496416382,25.003438118054294,25.388107299804688,118300
2002-01-18,25.394028998819593,25.41770143910141,24.94426392110584,25.003442764282227,47700
2002-01-22,25.015277963910094,25.328929883500013,24.488578605531526,24.618772506713867,49500
2002-01-23,24.677943395078426,25.121791289747005,24.677943395078426,24.85548210144043,24500
2002-01-24,24.944253872109385,25.0981201568986,24.707534079712023,24.737123489379883,49700
2002-01-25,24.79629892724194,25.003427005340573,24.79629892724194,24.94424819946289,20500
2002-01-28,25.033021531256672,25.033021531256672,24.257768630981445,24.257768630981445,32400
2002-01-29,24.84957326200763,25.157305916481498,24.15716914562175,24.26369285583496,116000
2002-01-30,24.26367693197878,24.75486952421443,24.26367693197878,24.630590438842773,65800
2002-01-31,24.64834259422719,25.44726753234863,24.64834259422719,25.447267532348633,108200
2002-02-01,25.447282385598143,25.447282385598143,25.281579873868136,25.429529190063477,51500
2002-02-04,25.370352898517684,25.370352898517684,25.098126647133608,25.127716064453125,68100
2002-02-05,25.18689345546331,25.447283450150294,25.121795392409688,25.399938583374023,58400
2002-02-06,25.34075155925674,25.41176657891905,25.240147136195702,25.299325942993164,46700
2002-02-07,25.24014967398109,25.45911399017972,25.24014967398109,25.417688369750977,23100
2002-02-08,25.465036969954202,25.77277183532715,25.09220629822811,25.77277183532715,57600
2002-02-11,25.743182764924306,25.83195326367645,25.44728411245391,25.536054611206055,94400
2002-02-12,25.447277562870372,25.595226851026595,25.32891768084,25.50645637512207,90400
2002-02-13,25.53604431543121,25.53604431543121,25.210554122924805,25.210554122924805,100400
2002-02-14,25.092213286574964,25.210570972927737,24.76672287652036,25.003442764282227,71700
2002-02-15,24.914657658010405,25.03301753260851,23.938193772011427,24.40571403503418,83300
2002-02-19,24.316942524973697,24.83180536130537,24.234091293555583,24.79629898071289,109000
2002-02-20,24.885071106765455,25.346674444867265,24.885071106765455,25.027103424072266,40300
2002-02-21,25.027110553937217,25.441369151777394,25.027110553937217,25.388107299804688,27800
2002-02-22,25.44727153641577,25.530122756958008,25.38809273817887,25.530122756958008,102400
2002-02-25,25.447269019457938,25.80234628881198,25.24014098858912,25.74908447265625,83200
2002-02-26,25.802356476966697,26.459251716422756,25.713588253340838,25.867454528808594,49500
2002-02-27,25.891120364817127,26.334968142499708,25.7431711055896,25.979890823364258,33700
2002-02-28,26.068674548974478,26.334983825683597,25.96215083829083,26.334983825683594,27400
2002-03-01,26.275797830904718,26.56577720846125,26.246206163477616,26.559860229492188,11300
2002-03-04,26.630870137755437,27.37653350830078,26.630870137755437,27.37653350830078,40300
2002-03-05,27.370616799773483,27.370616799773483,27.086554453079057,27.139816284179688,21300
2002-03-06,27.163487015509848,27.163487015509848,26.03907165468329,26.04498863220215,94600
2002-03-07,26.192944079204143,26.624958038330078,26.192944079204143,26.624958038330078,28000
2002-03-08,26.62496337573474,26.6427165735631,26.039083014594183,26.63088035583496,75100
2002-03-11,26.54209107863158,26.54209107863158,26.098243386630873,26.269865036010742,26300
2002-03-12,26.269867765678356,26.269867765678356,26.068656700762748,26.13375473022461,43100
2002-03-13,26.133756126537524,26.388229023924982,26.06274111675135,26.246196746826172,33800
2002-03-14,26.246198608485702,26.394147872924805,26.192936782986564,26.394147872924805,38400
2002-03-15,26.334975873032526,26.334975873032526,25.920717374086124,26.169273376464844,33200
2002-03-18,26.17518359366239,26.394147872924805,26.157430404338214,26.394147872924805,23200
2002-03-19,26.323133750257302,26.33496996271678,26.009482021424496,26.11008644104004,120500
2002-03-20,26.039073944091797,26.216612633114313,25.97989513359326,26.039073944091797,44500
2002-03-21,26.127854201880893,26.370491027832028,26.08642856751322,26.37049102783203,18500
2002-03-22,26.39415613507558,26.39415613507558,26.12784918174455,26.32314109802246,12200
2002-03-25,26.364563375526803,26.38231882568023,25.997649763576913,26.00356674194336,10300
2002-03-26,26.044982079240913,26.044982079240913,25.91478828884264,26.009475708007812,22800
2002-03-27,26.068658093597506,26.394146000771137,26.06274111675135,26.246196746826172,20800
2002-03-28,26.299460433984844,26.394147872924805,26.204772995044884,26.394147872924805,40000
2002-04-01,26.394152466165387,26.630872233473735,26.334973653101805,26.571693420410156,26700
2002-04-02,26.6308825203542,26.65455495773454,26.334983825683597,26.334983825683594,13500
2002-04-03,26.394148211410005,26.43557382538208,26.14559452757758,26.198856353759766,18000
2002-04-04,26.198858881628183,26.222531308332506,25.80235363567478,25.962139129638672,30200
2002-04-05,25.81419195032812,25.867453785984985,25.44727833665142,25.683998107910156,30300
2002-04-08,25.67215477586834,25.86152963735944,25.49461612541124,25.7431697845459,55600
2002-04-09,25.802364712460545,25.802364712460545,24.867326031502422,25.127716064453125,54800
2002-04-10,25.186889342169405,25.328919404248154,24.85548210144043,24.85548210144043,32700
2002-04-11,24.677932819611723,24.707522215070647,23.8790055970638,23.938186645507812,132800
2002-04-12,24.559588145694,26.985956192016598,24.559588145694,26.9859561920166,266900
2002-04-15,26.926771018816076,28.169544162827545,26.3645632603244,27.22266960144043,181600
2002-04-16,27.163489458795972,28.021593500397284,27.15165324516691,27.488977432250977,105600
2002-04-17,27.429800057593816,27.429800057593816,26.40599114485423,26.482925415039062,74400
2002-04-18,26.275797586691787,26.713726267204546,26.275797586691787,26.624958038330078,68300
2002-04-19,26.63087703159877,26.63087703159877,25.536052989977346,25.891130447387695,62400
2002-04-22,25.831939677413786,26.690043512237697,25.743169225350304,26.636781692504883,113700
2002-04-23,26.838007855137487,26.838007855137487,26.21662111378621,26.678224563598633,67300
2002-04-24,26.678210320774312,26.796567916870114,26.21660711740021,26.796567916870117,59100
2002-04-25,26.796577517164945,27.22267223984957,26.624958038330078,26.624958038330078,54000
2002-04-26,26.772912711044935,26.985957857568344,26.63088035583496,26.63088035583496,18800
2002-04-29,26.48291546745807,26.808403362480213,26.48291546745807,26.636781692504883,18000
2002-04-30,26.447414502254894,27.22266960144043,26.27579504005331,27.22266960144043,54000
2002-05-01,27.311438598261955,27.42979621887207,26.8675907483933,27.42979621887207,57200
2002-05-02,27.48896870720222,27.85588218313648,27.48896870720222,27.67242431640625,34300
2002-05-03,27.761208449215275,27.820387270228046,27.376539340050318,27.814470291137695,31200
2002-05-06,27.814454752670247,28.110353207485886,27.104298009607497,27.24633026123047,70500
2002-05-07,27.28185272216797,27.40021262540958,27.080641563915446,27.28185272216797,36300
2002-05-08,27.45938617694188,27.518564983573267,27.335107070973145,27.341026306152344,40200
2002-05-09,27.341033802552467,27.341033802552467,26.802498387454154,27.28185272216797,56000
2002-05-10,27.34101914176062,27.34101914176062,26.70779659512087,26.91492462158203,49200
2002-05-13,26.97412881685887,26.985962779217566,26.695983293339182,26.80842399597168,61500
2002-05-14,26.956351376141644,28.110355912474812,26.956351376141644,28.02158546447754,38700
2002-05-15,27.9328234699945,27.9328234699945,27.57774385676883,27.719776153564453,21300
2002-05-16,27.660603947860505,27.861815099448428,27.335113660345254,27.39429473876953,15400
2002-05-17,27.323278349673426,27.335114565750324,27.163495076453742,27.28185272216797,8400
2002-05-20,27.281845678653752,27.281845678653752,26.99186636098122,27.021455764770508,18400
2002-05-21,27.09248769765014,27.151668799698868,26.838014602661133,26.838014602661133,12200
2002-05-22,26.832082987561574,26.90309801376172,26.761067961361423,26.766984939575195,6900
2002-05-23,26.867596447113407,27.39429564613482,26.690055463487298,27.28185272216797,33200
2002-05-24,27.281853482576203,27.281853482576203,26.86759719597536,26.87351417541504,6100
2002-05-28,26.932678624554423,26.932678624554423,26.690041961541365,26.778812408447266,17500
2002-05-29,26.849845338321476,26.849845338321476,26.43558673871585,26.542110443115234,39800
2002-05-30,26.394150758121697,26.394150758121697,25.65440435506305,25.962139129638672,72400
2002-05-31,25.86152582740371,25.87927901257607,25.151369072670157,25.447267532348633,47200
2002-06-03,25.29933460586903,25.305251585564132,24.78447158634853,24.825897216796875,72700
2002-06-04,24.677938088736056,25.1868839263916,24.618757027655967,25.1868839263916,56100
2002-06-05,25.186898404952647,26.26396950296605,25.186898404952647,26.098264694213867,41500
2002-06-06,26.187027643028536,26.246206463504688,25.74317971687551,25.950307846069336,73400
2002-06-07,25.950315342755676,26.157445789313915,25.565648383481147,26.098264694213867,61400
2002-06-10,26.15743331355945,26.394150808473682,26.033156459414965,26.34088897705078,90000
2002-06-11,26.40006482301095,26.453326643900724,25.654399330554135,25.7431697845459,72500
2002-06-12,25.74317415558791,25.7727635594338,25.654403686523438,25.654403686523438,136400
2002-06-13,25.713598387807398,25.743187807344725,25.565649032592773,25.565649032592773,69500
2002-06-14,25.56563469128553,25.571551668862604,24.91465653899731,24.94424819946289,63300
2002-06-17,25.003427059258176,25.210555137803464,24.204501890552933,24.79629898071289,138400
2002-06-18,24.825884355720632,25.88520151703937,24.648345708983605,25.831939697265625,69100
2002-06-19,25.77869868949615,25.77869868949615,25.269752502441406,25.269752502441406,60600
2002-06-20,25.328920827598303,25.672164302376814,25.328920827598303,25.364429473876953,78400
2002-06-21,25.41768276171485,25.41768276171485,24.82588573470182,24.973834991455078,39200
2002-06-24,24.914654397621153,25.275650952017454,24.50039827702856,25.18096351623535,42300
2002-06-25,25.062614834950374,25.68400380802931,25.033025421357937,25.47687339782715,48500
2002-06-26,25.24015595873566,25.60115041842639,25.062614961231375,25.536054611206055,39500
2002-06-27,25.683995148930546,26.187021782994297,25.683995148930546,26.074581146240234,51800
2002-06-28,26.13375302162656,26.749222386720998,25.873363178329466,26.216604232788086,131300
2002-07-01,26.364566361984288,26.423747439987732,25.790524579278266,25.950307846069336,54900
2002-07-02,25.920718457828343,25.920718457828343,25.50645994156184,25.571557998657227,30400
2002-07-03,25.57155909663323,25.57155909663323,24.944255445020627,24.950172424316406,42200
2002-07-05,25.021168730576804,25.1513647528823,24.97974313393882,25.092185974121094,17500
2002-07-08,25.092200384585013,25.47686718249861,25.092200384585013,25.417688369750977,22600
2002-07-09,25.411771372705612,25.411771372705612,25.003432110707983,25.015268325805664,23300
2002-07-10,25.015266191103393,25.18096867327616,24.914659500122067,24.91465950012207,65800
2002-07-11,24.9146563365138,25.328914746871092,24.49448094862752,25.033016204833984,143500
2002-07-12,25.447282767871094,25.891130723124657,25.151384131035382,25.63665771484375,275000
2002-07-15,25.488693773836278,26.033148127180645,25.210548492370886,26.009475708007812,121500
2002-07-16,25.950305773870237,26.216614959802033,25.86153755024438,25.867454528808594,64000
2002-07-17,25.98581858339044,26.240291595458984,25.86154169587626,26.240291595458984,50300
2002-07-18,26.216612284138556,26.216612284138556,25.624815156923116,25.873371124267578,129300
2002-07-19,25.72542024905804,25.90887590231457,25.10995073306907,25.322998046875,119800
2002-07-22,25.382178315933047,25.802353732642977,25.35850588913976,25.64257049560547,97700
2002-07-23,25.642564113943394,25.642564113943394,24.814047442586155,25.06260108947754,100900
2002-07-24,24.766712112227573,24.766712112227573,22.78419237961004,23.96778678894043,423100
2002-07-25,23.879018395542516,24.062476357757987,23.49435153335362,23.671890258789062,150500
2002-07-26,23.612702351449332,24.293267580033792,23.612702351449332,24.026958465576172,70700
2002-07-29,24.02695999025178,25.352586412157297,24.02695999025178,25.210554122924805,82300
2002-07-30,25.151386187972957,25.23423745185833,24.967928205421327,25.109960556030273,49200
2002-07-31,25.05078082317898,25.086287216404674,24.60101361041477,24.825897216796875,48600
2002-08-01,24.97384415837498,24.97384415837498,24.618764457315415,24.790386199951172,27200
2002-08-02,24.67201439771051,24.79629347476862,24.062464252603135,24.26959228515625,46400
2002-08-05,24.257781191768935,24.257781191768935,23.938209991090048,23.99738883972168,48900
2002-08-06,24.0861423790366,24.263681057218207,23.938193104297465,24.097978591918945,55000
2002-08-07,24.245920518281004,24.245920518281004,23.80798980446804,23.926349639892578,64700
2002-08-08,23.967771117452546,25.092185974121094,23.967771117452546,25.092185974121094,50900
2002-08-09,25.09219061640015,26.48291249231578,25.09219061640015,26.35271644592285,72900
2002-08-12,26.263962198238016,26.54210536650117,25.920718714707018,26.281715393066406,59300
2002-08-13,26.192939681233067,26.630870545741526,25.784600478908036,25.79051971435547,43800
2002-08-14,25.73134490643108,26.98595448076197,25.388103665376295,26.69005584716797,102400
2002-08-15,26.630867599038012,26.630867599038012,25.624812149346806,26.394147872924805,79100
2002-08-16,26.334967022836576,27.78487015312725,26.169264581955282,27.471216201782227,91200
2002-08-19,27.41205266567057,27.41205266567057,26.35865412067085,26.63088035583496,131800
2002-08-20,26.54210161340368,26.630872090047973,26.334973511269663,26.51251220703125,45100
2002-08-21,26.542114692338803,26.808423995971683,26.376412128979727,26.80842399597168,92800
2002-08-22,26.909026837266257,27.104318793281497,26.861681964579056,26.974124908447266,80000
2002-08-23,26.97411495321547,26.97411495321547,26.571692714005817,26.601282119750977,48500
2002-08-26,26.660465411289046,26.73739968517613,26.246206888663576,26.55394172668457,29700
2002-08-27,26.542103111466634,26.63679057171887,26.21661510794502,26.30538558959961,16900
2002-08-28,26.246197013606064,26.305378070301472,25.719498025412584,25.861530303955078,48400
2002-08-29,25.8615290954674,25.985805922430682,25.766841666705893,25.831939697265625,21400
2002-08-30,25.891120824436683,26.394147411729392,25.831942022705746,26.18701934814453,39900
2002-09-03,26.0982535009667,26.187023976780136,25.35850706094466,25.482786178588867,36400
2002-09-04,25.44726753234863,25.47685692681126,25.382169510015192,25.447267532348633,48700
2002-09-05,25.358506127572472,25.447276600118524,25.180967440007255,25.411767959594727,32800
2002-09-06,25.447277562870372,25.5360480387749,25.417688156744525,25.50645637512207,51800
2002-09-09,25.447270812786428,26.021314620971683,25.447270812786428,26.02131462097168,21100
2002-09-10,25.950297290072726,26.009478344002652,25.743169245133924,25.831939697265625,51500
2002-09-11,25.902954267606248,26.423736245774823,25.891118057019877,26.13375473022461,27900
2002-09-12,26.039078311352604,26.039078311352604,25.891129002765375,25.926637649536133,29800
2002-09-13,25.867453354307674,26.571693420410153,25.796438327125973,26.571693420410156,87800
2002-09-16,26.482927848809243,26.482927848809243,25.89113057844479,26.16335678100586,31000
2002-09-17,26.163346459989405,26.181101906214757,25.76092429428841,25.979890823364258,69900
2002-09-18,25.920726582096673,25.920726582096673,25.565649032592773,25.565649032592773,37000
2002-09-19,25.44727817414603,25.45319515250254,25.015266513255632,25.24606704711914,84200
2002-09-20,25.305246974725986,25.305246974725986,24.60100912789494,24.85548210144043,67200
2002-09-23,24.849547602225435,24.849547602225435,24.441206382220926,24.58323860168457,77900
2002-09-24,24.58915708875216,24.677927513568413,24.382029107548473,24.441207885742188,54100
2002-09-25,24.52999571819534,24.52999571819534,24.06247536310327,24.145326614379883,50300
2002-09-26,24.20450120178223,24.44121867659406,24.08614133561297,24.322858810424805,75100
2002-09-27,24.322871760099083,24.944260823938073,24.25777594369885,24.74304962158203,48500
2002-09-30,24.7371191793218,24.7371191793218,23.93819396985368,24.512235641479492,52900
2002-10-01,24.51223163898708,24.51223163898708,24.02695826013647,24.429380416870117,47800
2002-10-02,24.44122089048874,24.66610443082769,24.2695991818741,24.2755184173584,28600
2002-10-03,24.263701761279854,24.263701761279854,23.671904157346198,23.790264129638672,127300
2002-10-04,23.790244294477183,23.849423102518625,22.109540410294517,22.221981048583984,121500
2002-10-07,22.074027662866026,22.074027662866026,21.275102615356445,21.275102615356445,91100
2002-10-08,21.27511276346942,21.60060081743208,21.27511276346942,21.39347267150879,122200
2002-10-09,21.39347957806368,21.547345927919004,20.801682104341623,21.42306900024414,156700
2002-10-10,21.42897704021047,22.665833334499837,21.245521344723436,22.10954475402832,84400
2002-10-11,22.10954468185602,22.54747336403482,21.423059991323168,21.87874412536621,229900
2002-10-14,21.878752297593508,22.044454860038496,21.65978561718766,21.74855613708496,50800
2002-10-15,21.866904885386983,22.440946578979492,21.77813441092608,22.440946578979492,181000
2002-10-16,22.440946578979492,22.440946578979492,22.044443576781852,22.440946578979492,95500
2002-10-17,22.263401937372986,22.93213316234354,22.044437685091534,22.801937103271484,114600
2002-10-18,22.801938089452467,22.801938089452467,22.39359896496541,22.725006103515625,38500
2002-10-21,22.57705685090817,22.926217177362822,22.310747744709463,22.725006103515625,63600
2002-10-22,22.63623764224341,22.63623764224341,22.334422133658553,22.429109573364258,72600
2002-10-23,22.133212567213967,22.133212567213967,21.227761464014705,21.57100486755371,100600
2002-10-24,21.689371906055992,21.837321230769806,21.304702758789062,21.304702758789062,75100
2002-10-25,21.156757489056655,21.30470684212698,20.819433144658547,21.008808135986328,102900
2002-10-28,21.008797977254204,21.304696540314122,21.008797977254204,21.24551773071289,58800
2002-10-29,21.15675036214547,21.15675036214547,20.41700384598654,20.706985473632812,47000
2002-10-30,20.712893742339993,20.94961343097724,20.624123294719464,20.742483139038086,87200
2002-10-31,20.74248709412792,21.138992309570312,20.724733904229215,21.138992309570312,109500
2002-11-01,21.138985795589708,21.138985795589708,20.476171648279525,20.97920036315918,85500
2002-11-04,20.979210844986202,21.002883274401714,20.47618187877857,20.505773544311523,82500
2002-11-05,20.26905141581071,20.564949976625467,20.00274225957206,20.47026252746582,56000
2002-11-06,20.322321270245943,20.36966388475305,19.943571324078086,20.298648834228516,77300
2002-11-07,20.298627886010063,20.73063923861681,19.854780327609586,20.446577072143555,280000
2002-11-08,20.56495832889638,20.97921693378978,20.56495832889638,20.860857009887695,225200
2002-11-11,20.86084534002804,21.15674385548943,20.801666539946368,20.92594337463379,121000
2002-11-12,20.890448202024473,21.056153012582257,20.68923699154771,21.008808135986328,221400
2002-11-13,21.008800426563184,21.452648322899023,21.008800426563184,21.156749725341797,72800
2002-11-14,21.275108280419364,21.76629874761794,21.1330759691954,21.6124324798584,50400
2002-11-15,21.4940730607474,21.742629046373107,21.19225749698088,21.64794158935547,55900
2002-11-18,21.600596434059277,21.89649501534776,21.00879927148231,21.695283889770508,56500
2002-11-19,21.784062810841903,21.843241647026975,21.14492054390924,21.476327896118164,57300
2002-11-20,21.547333933592917,22.19239291117893,21.488155122173886,22.103622436523438,53300
2002-11-21,22.784182745745376,23.600863174972943,22.577054714703635,23.257619857788086,157200
2002-11-22,23.168863779174128,23.375991918478803,23.050503874916856,23.228042602539062,84300
2002-11-25,23.228030226810972,23.476583861548985,23.228030226810972,23.470666885375977,74900
2002-11-26,23.618622265267184,23.618622265267184,23.458836776724194,23.46475601196289,77400
2002-11-27,23.553515691133665,23.76064595645135,23.464747512448348,23.731054306030273,95900
2002-11-29,23.695558489215134,23.731064873489892,23.642296655276024,23.67780303955078,8000
2002-12-02,24.003293495496496,24.062472308173042,23.553526392057563,23.589035034179688,104900
2002-12-03,23.529859660625377,23.529859660625377,23.080094705824003,23.168865203857422,56600
2002-12-04,23.17477379581944,23.375984895346274,22.843366614973263,23.34639549255371,57000
2002-12-05,23.494346222997674,23.61270609904457,22.784189224243164,22.784189224243164,97200
2002-12-06,22.636246730712003,23.16886520385742,22.547476232678587,23.168865203857422,40900
2002-12-09,23.228037066273874,23.228037066273874,22.559305685506747,22.784189224243164,26400
2002-12-10,22.78418390328702,23.43515968322754,22.78418390328702,23.43515968322754,49500
2002-12-11,23.43515968322754,23.64228998231868,23.2694572499757,23.43515968322754,63600
2002-12-12,23.435167552917136,24.115735216643056,23.417414359828893,24.103899002075195,61500
2002-12-13,24.174919948489315,24.559589114743343,23.96779178667724,24.417556762695312,107800
2002-12-16,24.382040782833716,24.382040782833716,24.080222999954227,24.20450210571289,150800
2002-12-17,24.26367843103571,24.29326783127557,24.026958714063774,24.127565383911133,75300
2002-12-18,24.038801821392642,24.038801821392642,23.90860797148478,23.96778678894043,82000
2002-12-19,23.967789945180417,24.056560440580963,23.967789945180417,24.015134811401367,51300
2002-12-20,24.015135114842845,24.06839470372316,23.707400253100722,23.784332275390625,126000
2002-12-23,23.784344889383263,23.8790324157115,23.731083014728085,23.790264129638672,160600
2002-12-24,23.790244647599746,23.908604522966282,23.60678672790527,23.606786727905273,58500
2002-12-26,23.612715267341184,23.731072931816886,23.186620451139884,23.251718521118164,83000
2002-12-27,23.310883907031723,23.316803141357788,22.967642814492645,23.06233024597168,42000
2002-12-30,22.973565025084145,23.22212100029616,22.90254999967798,23.026826858520508,100200
2002-12-31,23.026828986288546,23.316810607910156,22.90846909465672,23.316810607910156,58700
2003-01-02,23.423328898508704,23.87901065158889,23.423328898508704,23.81983184814453,25700
2003-01-03,23.760651723887797,24.334693309473398,23.707389900737947,24.234088897705078,28400
2003-01-06,24.382043046796404,24.926495341524905,24.22225754529296,24.370206832885742,79000
2003-01-07,24.45897394142647,24.559578359527404,24.210417998572815,24.240007400512695,27500
2003-01-08,24.263680006103517,24.464891101333247,24.216335156625142,24.322858810424805,40700
2003-01-09,24.38204519827778,24.873235702514645,24.32286412350232,24.87323570251465,30200
2003-01-10,24.855475698946595,25.21055302020664,24.855475698946595,25.050769805908203,83100
2003-01-13,25.1987241231711,25.447277846430246,24.914659500122067,24.91465950012207,110900
2003-01-14,24.944252583385,25.121791289747005,24.784467070401057,24.85548210144043,59500
2003-01-15,25.092207890139267,25.092207890139267,24.16900323545006,24.559589385986328,113900
2003-01-16,24.58916679553264,24.938327142771186,24.240006448294096,24.648347854614258,65400
2003-01-17,24.64835526037631,24.973843281777246,24.595093419963263,24.737123489379883,77400
2003-01-21,24.737115351620986,24.737115351620986,24.021041488600005,24.026958465576172,84900
2003-01-22,24.22817221326382,24.352451318711914,23.884931072691543,24.18674659729004,59700
2003-01-23,24.24593354441938,24.364291185905522,23.938198709995344,24.05655860900879,32600
2003-01-24,24.115734874839813,24.115734874839813,23.665970015271274,23.748821258544922,31700
2003-01-27,23.67188950159692,24.11573742975186,23.547612623520088,24.05655860900879,121800
2003-01-28,24.204512712971034,24.387968448130966,24.204512712971034,24.382051467895508,42200
2003-01-29,24.311031590017176,24.311031590017176,24.145326828467425,24.245933532714844,37800
2003-01-30,24.263681353944722,24.64243114070445,24.263681353944722,24.411630630493164,57900
2003-01-31,24.322874780112986,25.092213286574964,24.204517093760213,25.003442764282227,125000
2003-02-03,25.00342439130043,25.00342439130043,24.7311983006808,24.973834991455078,91000
2003-02-04,25.18096969842147,25.654406993565676,24.9738415872731,25.027103424072266,113100
2003-02-05,25.033022979787912,25.323004622776857,24.737124357668606,24.790386199951172,56900
2003-02-06,24.843642663898592,24.914657685725718,24.55958031906325,24.595088958740234,29700
2003-02-07,24.666106877213966,24.766711315156233,24.601008825591506,24.713449478149414,34900
2003-02-10,24.71345915045151,24.891000181644618,24.46490531882594,24.565509796142578,52500
2003-02-11,24.683868666559835,24.71937732277268,24.192678005352203,24.387969970703125,50000
2003-02-12,24.476736144206225,24.618766228828363,24.44122749428694,24.51816177368164,40000
2003-02-13,24.458982335990417,24.529997376524527,24.269605132020395,24.39980125427246,60300
2003-02-14,24.45897984709314,24.67794418334961,24.352456168367894,24.67794418334961,47000
2003-02-18,24.76671161949586,24.867318316201516,24.364289347727514,24.85548210144043,69500
2003-02-19,24.79630663309336,24.902830322798533,24.55958682096465,24.606931686401367,71000
2003-02-20,24.606922744441512,24.70752716064453,24.151238739078526,24.70752716064453,70500
2003-02-21,24.648347536533496,25.18096351623535,24.518151465760656,25.18096351623535,35300
2003-02-24,25.062607623426295,25.09811626403648,24.30510801729088,24.547744750976562,54800
2003-02-25,24.547749420114435,24.790386199951172,24.192671976582197,24.790386199951172,42700
2003-02-26,24.790385515255853,24.84364735606736,24.0920646057393,24.251850128173828,54400
2003-02-27,24.287367386400916,24.642444946029958,23.671897509351055,24.618772506713867,260100
2003-02-28,24.68978982466213,24.83181994550252,24.55959366595172,24.618772506713867,37400
2003-03-03,24.766723296793447,25.79053490983791,24.70754445261284,25.269752502441406,168100
2003-03-04,25.299321391725872,25.299321391725872,24.855473648011383,24.991586685180664,129200
2003-03-05,25.00343266080562,25.033022070437216,24.855483355120377,24.902828216552734,90600
2003-03-06,24.83772858296425,25.062609887900013,24.695696265217407,24.879154205322266,89000
2003-03-07,24.819973055396797,25.050775853211253,24.70161542475607,25.027103424072266,56700
2003-03-10,24.855478669084064,24.885068073137134,24.796299860977925,24.84956169128418,43800
2003-03-11,24.908741251348605,24.967920061241266,24.180831053539823,24.316944122314453,85000
2003-03-12,24.316950090936086,24.553669903663636,23.494352240875383,23.642301559448242,157600
2003-03-13,23.802083574849146,24.352455139160156,23.429250715067823,24.352455139160156,190200
2003-03-14,24.41163200330435,24.672021931963236,24.41163200330435,24.524072647094727,37500
2003-03-17,24.52999707669253,25.447282385598143,24.482652211896866,25.429529190063477,80900
2003-03-18,25.488701218965012,25.814189176323406,25.4058499851858,25.654403686523438,127800
2003-03-19,25.29932202963993,25.97988949017298,25.251977185503947,25.7431697845459,170000
2003-03-20,25.743182347181143,25.950310497538258,25.565643610085402,25.731346130371094,91500
2003-03-21,25.938479128222397,26.672306583498422,25.938479128222397,26.542110443115234,146800
2003-03-24,26.33497015778563,26.37047879542709,25.796434903287036,25.855613708496094,75300
2003-03-25,25.94439744583141,26.660471739795515,25.94439744583141,26.44150733947754,58900
2003-03-26,26.441504729975463,26.867599527486114,26.346817248031723,26.678224563598633,81700
2003-03-27,26.619050841312447,26.619050841312447,25.45912830219564,25.784616470336914,121400
2003-03-28,25.78461532731324,26.157448361761883,25.772779107129203,26.027252197265625,26700
2003-03-31,25.820103708659794,25.9207081149168,25.43543475614754,25.766841888427734,68700
2003-04-01,25.707661151443908,25.932544646036995,25.565631134088797,25.7431697845459,62100
2003-04-02,25.95030445584706,26.761068187119072,25.95030445584706,26.51251220703125,115200
2003-04-03,26.542101756351354,26.74923211712791,26.37048229545616,26.571693420410156,60300
2003-04-04,26.642703721153758,27.22266456489396,26.642703721153758,27.02737045288086,39000
2003-04-07,27.370625583063248,27.702032889319455,26.843926338453038,26.897188186645508,87800
2003-04-08,26.89718095012417,26.89718095012417,26.15743451176832,26.72555923461914,58200
2003-04-09,26.826172906367663,27.045137277004688,26.749238624646928,26.9859561920166,45100
2003-04-10,26.9859494128361,27.18124355794532,26.778821311229652,27.015541076660156,34400
2003-04-11,27.104318793281497,27.34103864166193,26.950452472103667,26.974124908447266,30400
2003-04-14,26.914947174351493,27.015553912595315,26.73740839468788,26.93861961364746,33600
2003-04-15,26.944538328820634,26.944538328820634,26.222546944051828,26.838014602661133,268900
2003-04-16,26.719639554572474,27.613252168433647,26.394149348587426,27.577743530273438,203300
2003-04-17,27.72568993913482,28.110358911460143,27.32918701283853,27.986082077026367,109500
2003-04-21,28.045267299931805,28.045267299931805,27.062884095920033,27.22266960144043,92800
2003-04-22,27.07471995821544,27.07471995821544,26.429660966177643,26.51251220703125,129000
2003-04-23,26.613117191989694,26.613117191989694,26.09825207249574,26.423742294311523,256900
2003-04-24,26.42374342775306,26.737395192200278,26.12784485524755,26.601282119750977,104800
2003-04-25,26.719642639160156,26.92677074185594,26.589446541735946,26.719642639160156,75300
2003-04-28,26.71964305799786,27.193080341243054,26.71964305799786,26.92677116394043,82300
2003-04-29,26.926777932650882,26.980039781500086,26.352733812556963,26.453340530395508,66200
2003-04-30,26.553928126155856,27.127971881671325,26.476996149199522,26.91492462158203,75300
2003-05-01,26.926764270026887,27.15756474542288,26.749225616455078,26.749225616455078,66200
2003-05-02,26.808401804907152,26.897172251813057,26.63086316862159,26.778812408447266,52300
2003-05-05,26.92676269635477,27.01553314671592,26.25803147420606,26.57760238647461,82900
2003-05-06,26.57761742520112,26.630879274050322,26.299471963707756,26.453340530395508,177100
2003-05-07,26.477014040424546,26.63088035583496,26.275802854101574,26.63088035583496,152300
2003-05-08,26.63087392471896,26.660463333129883,26.275796508733567,26.660463333129883,53500
2003-05-09,26.642708630212628,26.749232300478845,26.482923124813304,26.488840103149414,38100
2003-05-12,26.453341109968154,26.93861474010284,26.364570607432047,26.784746170043945,96800
2003-05-13,26.867593953742528,26.867593953742528,26.58352930931352,26.595365524291992,69600
2003-05-14,26.654540023154656,26.82024247691793,26.340886047425663,26.394147872924805,35100
2003-05-15,26.45332857354475,27.01553622227462,26.45332857354475,26.903093338012695,77000
2003-05-16,26.96227395328177,27.37061309814453,26.87350349427717,27.37061309814453,68200
2003-05-19,27.31145438893812,27.31737137037889,26.761082556290102,26.838014602661133,69800
2003-05-20,26.897189107593363,27.163498357674023,26.648633055008865,26.784746170043945,30400
2003-05-21,26.843921523785582,26.903100341150772,26.512514276969856,26.595365524291992,25800
2003-05-22,26.666375872644625,27.08063200142039,26.57168843499208,26.903093338012695,45900
2003-05-23,26.96228122689514,27.045132473636052,26.784740260990716,26.86759376525879,16600
2003-05-27,26.897168003206197,26.96818299499783,26.630858962080218,26.90900421142578,24800
2003-05-28,26.938608797104262,27.222671182013315,26.77882328230658,26.86759376525879,43600
2003-05-29,26.86759895577116,27.045137698446876,26.68414097574062,26.790664672851562,119800
2003-05-30,26.772899430420374,27.015536129668703,26.71963760582798,26.86166763305664,73900
2003-06-02,26.98002710163916,27.536315505658223,26.98002710163916,27.51856231689453,124300
2003-06-03,27.577747436688163,28.737671614765173,27.488979215003656,28.353002548217773,173800
2003-06-04,28.39442727795701,28.477278518604308,28.063020057840838,28.11036491394043,72300
2003-06-05,28.080773542447112,28.258312225341797,27.648761919643537,28.258312225341797,99700
2003-06-06,28.412176796485937,28.524619686419907,28.15770612919861,28.193212509155273,62400
2003-06-09,28.193220163684988,28.193220163684988,27.636931570572067,27.814470291137695,40100
2003-06-10,27.885498901998016,28.453626244900036,27.885498901998016,28.210987091064453,57800
2003-06-11,28.199131705046753,28.199131705046753,27.826298913332085,28.00383758544922,27300
2003-06-12,28.00385291654198,28.00385291654198,26.985960661438874,27.1457462310791,143400
2003-06-13,27.21675524697522,27.4593920178179,26.962282260783237,27.003707885742188,71000
2003-06-16,27.015541496614194,27.22266960144043,26.849836755226175,27.22266960144043,87000
2003-06-17,27.222667519774706,27.222667519774706,26.985947768765925,27.139816284179688,72600
2003-06-18,27.210840521049622,27.22267673836092,26.761075550858422,26.95636749267578,43400
2003-06-19,27.045130903371223,27.45938937055072,27.045130903371223,27.22266960144043,89400
2003-06-20,27.370600519302805,27.577728485087324,27.234487533569336,27.234487533569336,38500
2003-06-23,27.086556129335804,27.341029087283953,27.02145808090344,27.03921127319336,38400
2003-06-24,27.039218610209154,27.045137847596628,26.22253993789149,26.453340530395508,153700
2003-06-25,26.453330792869615,26.82024436236493,26.340887899174195,26.70780372619629,95000
2003-06-26,26.766983675208362,27.12798028242478,26.766983675208362,26.885343551635742,99600
2003-06-27,26.891253018005333,27.086547098187822,26.778812408447266,26.778812408447266,41200
2003-06-30,26.7788236092998,26.985951728681297,26.6545467376709,26.6545467376709,128300
2003-07-01,26.548018106647223,27.34102630615234,26.334970790731408,27.341026306152344,66500
2003-07-02,27.270020872715794,27.382461547851566,27.13390550606781,27.382461547851562,91900
2003-07-03,27.264097463780438,27.264097463780438,27.00962448120117,27.009624481201172,31500
2003-07-07,27.11023701494996,27.222677697075735,26.417832951783847,26.63088035583496,124900
2003-07-08,26.63088035583496,26.654552791291238,26.400079753955488,26.63088035583496,249400
2003-07-09,26.701887463914,27.22266960144043,26.67229805715697,27.22266960144043,97900
2003-07-10,27.2167590250141,27.382461547851566,26.997792396947386,27.382461547851562,56400
2003-07-11,27.323272554301443,27.471221837590996,27.157570079425756,27.42979621887207,50300
2003-07-14,27.577752156369648,27.986093721594354,27.577752156369648,27.690195083618164,55200
2003-07-15,27.69611202670449,27.69611202670449,26.82025233034815,26.87351417541504,195400
2003-07-16,26.87350932847991,27.116146077238508,26.5716937658883,26.92677116394043,138300
2003-07-17,27.01554371755541,27.127984375486655,26.85575819889909,27.009624481201172,167200
2003-07-18,26.938607233024292,27.27593143661389,26.71964291398984,27.22266960144043,78400
2003-07-21,27.275917636129417,27.38244125257981,26.713710162091434,26.90900421142578,74100
2003-07-22,26.690058523504913,26.838007855137487,26.642715911296865,26.678224563598633,115600
2003-07-23,26.76697953677833,26.86166697177528,26.69596452491225,26.74330711364746,56000
2003-07-24,26.81432614727409,27.394287006979432,26.81432614727409,27.187156677246094,126300
2003-07-25,27.098392459819305,27.169407486811142,26.63678914055484,26.719642639160156,138200
2003-07-28,26.601284512842835,26.601284512842835,25.802356940689045,25.902963638305664,200000
2003-07-29,25.979904862702696,26.60720861600049,25.843789484034325,26.37049102783203,205500
2003-07-30,26.42965862891138,26.832080841064453,26.423741651170953,26.832080841064453,91500
2003-07-31,26.761061764830064,26.914927995557115,26.57760387730518,26.731470108032227,179900
2003-08-01,26.731496073600912,26.7374153137207,26.216632802083147,26.737415313720703,223500
2003-08-04,26.678206357468095,26.678206357468095,26.192930803956646,26.269865036010742,172800
2003-08-05,26.269872164690277,26.459247050731218,26.157431531580567,26.210693359375,112400
2003-08-06,26.269870026298534,26.63086657890572,26.021316355174815,26.275789260864258,95600
2003-08-07,26.216629196214296,26.32315292843258,26.157450348327846,26.317235946655273,50400
2003-08-08,26.3172332870738,27.08656951949137,26.3172332870738,26.80842399597168,170400
2003-08-11,26.867606282449604,26.897195704709862,26.57170754479059,26.838014602661133,47900
2003-08-12,26.77883457501872,27.033307658764794,26.749245154065758,26.80842399597168,148800
2003-08-13,26.86760343431571,27.234517198009833,26.82025855769558,27.181255340576172,119300
2003-08-14,27.210824430571776,27.406118514434215,27.15164563653689,27.29959487915039,58100
2003-08-15,27.240435302641558,27.518580820439933,27.163503261251932,27.16942024230957,13700
2003-08-18,27.16942344071539,27.329209038418497,26.974131437430486,27.258193969726562,75600
2003-08-19,27.554064841720432,27.81445466846047,27.417951823820452,27.524473190307617,85200
2003-08-20,27.595503406432766,27.93874460028853,27.53632233333549,27.861812591552734,93300
2003-08-21,27.861803557669262,27.93281856483305,27.281840516998145,27.43570899963379,117300
2003-08-22,27.5244819612257,27.654678044846868,27.31735388048908,27.341026306152344,61700
2003-08-25,27.400213389116775,27.400213389116775,26.83800552619463,26.87351417541504,248200
2003-08-26,26.93270198301217,26.93270198301217,26.571707421072663,26.755163192749023,58400
2003-08-27,26.755153907763034,26.80841575211105,26.55986198350525,26.69005584716797,29000
2003-08-28,26.636787499220084,26.873507251309096,26.607198094590675,26.843917846679688,40300
2003-08-29,26.843906194981,26.99777238678385,26.65453137851939,26.90900421142578,36400
2003-09-02,26.909016193307078,27.761203246840935,26.849835125857364,27.512649536132812,98300
2003-09-03,27.57181771860237,27.666505132498116,27.09838064912365,27.400196075439453,99900
2003-09-04,27.328881251219684,27.382374150461818,27.043586544368576,27.340768814086914,141500
2003-09-05,27.412095373740826,27.6736172550904,27.31105447763472,27.406152725219727,49100
2003-09-08,27.412096756973813,28.14316499729647,27.412096756973813,28.089672088623047,105900
2003-09-09,28.089668907416268,28.333358293258883,27.976740454037813,28.05400848388672,122200
2003-09-10,28.05995274984909,28.291754585439556,27.96485450275246,28.048065185546875,136100
2003-09-11,28.107506852424844,28.232322893692462,27.97674589453227,27.982690811157227,89200
2003-09-12,28.10157075404102,28.64244270324707,28.071852963554946,28.64244270324707,62100
2003-09-15,28.58893506054267,28.79696402153012,28.392795930417208,28.76724624633789,133900
2003-09-16,28.707811355590817,28.79696695757845,28.5176148541836,28.70781135559082,82500
2003-09-17,28.76724552884357,28.975272217321642,28.74941305031627,28.93960952758789,25300
2003-09-18,28.97528492921554,29.88466237683562,28.701877656604804,29.813339233398438,124200
2003-09-19,29.944100671831457,30.87725327047867,29.88466282863368,30.53846549987793,261800
2003-09-22,30.449302322800513,31.114990130391778,30.282880937733026,30.490907669067383,176800
2003-09-23,30.46117743500344,30.72864188545779,29.985686338262585,30.63948631286621,106600
2003-09-24,30.698927232957963,30.698927232957963,30.12239294427405,30.193716049194336,40200
2003-09-25,30.193716633327856,30.193716633327856,29.4804787683647,29.718225479125977,67100
2003-09-26,29.718234299166806,29.718234299166806,28.8861228318616,29.064434051513672,55300
2003-09-29,29.123859047442686,29.314055496570955,29.03470346996108,29.189239501953125,95100
2003-09-30,29.21896528555775,29.34972623044094,28.862347412466875,29.12386703491211,141300
2003-10-01,29.123870139549975,29.967866920585937,28.963391399355523,29.902488708496094,93600
2003-10-02,29.84305330140863,30.12834810692159,29.599363846658715,30.045137405395508,91500
2003-10-03,30.34231172563155,30.550340691561516,29.896538285194296,30.086734771728516,92400
2003-10-06,30.17588267286378,30.34230398931889,29.74793955361305,30.13427734375,170600
2003-10-07,30.13429254240459,30.33637664316135,29.93220844164783,30.223445892333984,115800
2003-10-08,30.22344403900636,30.758373175066506,30.187783608149942,30.502796173095703,49500
2003-10-09,30.621665517312753,31.11498697327365,30.26504538465417,30.38391876220703,90400
2003-10-10,30.47307900796644,30.710823531996343,30.47307900796644,30.532514572143555,27200
2003-10-13,30.60977636590461,31.560758802382967,30.60977636590461,31.26357650756836,64100
2003-10-14,31.323021434814876,31.323021434814876,30.782149626209275,30.81781005859375,166300
2003-10-15,30.77619479617883,30.942618407213068,30.72864681254102,30.90695571899414,67300
2003-10-16,30.906967063093568,31.447838896004843,30.823756360695157,31.323022842407227,108300
2003-10-17,31.29330097352992,31.29330097352992,30.627610906593375,30.924793243408203,124600
2003-10-20,30.984235986935047,31.05555912423634,30.08674391766369,30.152124404907227,61400
2003-10-21,30.09268877886937,30.28288532286555,29.831166830383385,29.896547317504883,114700
2003-10-22,29.807386052792353,29.926257160753515,29.498316183987022,29.84899139404297,70900
2003-10-23,29.777664951902267,30.0154116940309,29.676624060256227,29.997581481933594,93000
2003-10-24,29.997593143543163,30.015423362571998,29.545874611356695,29.813339233398438,75400
2003-10-27,29.837105765715226,30.015414706547308,29.718232382720107,29.825218200683594,51800
2003-10-28,29.825218519741654,29.90842920853203,29.629077095603286,29.807388305664062,79800
2003-10-29,29.866835940055758,30.02136981495968,29.712302065151835,29.83711814880371,45700
2003-10-30,29.896550945527004,30.36015706168391,29.896550945527004,30.057029724121094,69200
2003-10-31,30.116454131447362,30.52062225341797,30.074848789537544,30.52062225341797,29700
2003-11-03,30.46118509654568,30.51467800009099,30.021354304359697,30.086734771728516,84600
2003-11-04,30.02730620384487,30.02730620384487,29.700406058289545,29.71229362487793,96200
2003-11-05,29.65285679351042,29.67663192749023,29.123872532728235,29.676631927490234,200000
2003-11-06,29.736038201528995,29.825193732463536,29.56961696225847,29.599334716796875,171100
2003-11-07,29.302176627446666,29.866823495248944,29.302176627446666,29.522090911865234,77000
2003-11-10,29.599353779754953,30.2174934484611,29.432932433303606,30.128337860107422,91500
2003-11-11,30.068920746735735,30.068920746735735,29.58748435565502,29.843061447143555,52100
2003-11-12,29.78360536175192,30.193716049194336,29.77171779971177,30.193716049194336,27200
2003-11-13,30.19372474560246,30.46118930023955,30.033246012820204,30.437414169311523,50700
2003-11-14,30.312585188515822,30.461176292381094,29.569629669189453,29.569629669189453,86500
2003-11-17,29.42103825517674,29.658784925783053,29.355657807393992,29.587459564208984,121200
2003-11-18,29.646909259851512,29.979752011452412,29.510205662969543,29.825218200683594,38900
2003-11-19,29.914377722237464,29.914377722237464,29.59936287594903,29.71229362487793,61700
2003-11-20,29.718236274511373,29.926263021504354,29.539927310328604,29.71229362487793,55300
2003-11-21,29.640959076579193,29.985691599275146,29.587466177102954,29.64690399169922,46100
2003-11-24,29.706343136987172,30.0570183499559,29.646907582512906,29.944089889526367,60700
2003-11-25,29.985692353242385,30.164001266873033,29.95597457885742,29.955974578857422,25600
2003-11-26,29.98569444611653,30.193721148651523,29.890596201054677,30.164003372192383,65000
2003-11-28,30.22343153328683,30.395797768843195,30.193713764095843,30.282869338989258,13400
2003-12-01,30.3127009772325,30.76023101806641,30.14562382372293,30.760231018066406,62600
2003-12-02,30.760258618346864,30.87960052490234,30.509642663212144,30.879600524902344,55900
2003-12-03,30.879564942550367,31.130180608902037,30.700553427119896,31.088411331176758,110500
2003-12-04,31.0287631790387,31.595635269291673,30.861685951861343,31.506128311157227,116200
2003-12-05,31.43451774629846,31.43451774629846,30.503654219933818,30.527523040771484,73600
2003-12-08,30.455920781383583,31.058593750000004,30.455920781383583,31.05859375,33200
2003-12-09,30.998937977208364,30.998937977208364,30.62898016867755,30.71848487854004,28700
2003-12-10,30.628970716165686,30.628970716165686,29.912921876962017,29.94872283935547,41100
2003-12-11,29.948715438428575,30.432048797607422,29.89501173185315,30.432048797607422,52700
2003-12-12,30.372381250618165,30.90345001220703,30.223204529890683,30.90345001220703,37900
2003-12-15,31.05263572835358,31.05263572835358,30.730413371938425,31.004898071289062,41600
2003-12-16,31.004878892969323,31.010847234539007,30.503645185117968,30.73039436340332,51600
2003-12-17,30.76024931200602,31.130207061767578,30.66477627089798,31.130207061767578,52600
2003-12-18,31.1302099102983,31.386794158552743,30.992967543413357,31.231651306152344,32600
2003-12-19,31.082467208717723,31.21970954330477,30.67670627330536,31.18987464904785,60200
2003-12-22,31.130198765817575,31.160035932671164,30.79007600524413,30.933286666870117,34300
2003-12-23,31.004898071289062,31.08843669489519,30.891524550146002,31.004898071289062,33200
2003-12-24,31.058592646934642,31.058592646934642,30.87958103819632,30.95118522644043,13000
2003-12-26,30.909410683577082,31.20776407294801,30.909410683577082,31.136159896850586,17700
2003-12-29,31.177945524287967,31.762718200683594,31.10037296505742,31.762718200683594,42100
2003-12-30,31.703056596175887,31.96560696478798,31.60161518076968,31.94173812866211,15500
2003-12-31,32.00140046459518,32.00140046459518,31.691112518310547,31.691112518310547,17500
2004-01-02,31.7149829904701,32.252018009889426,31.643376500208653,32.216217041015625,85500
2004-01-05,32.222180187112755,33.922794342041016,32.222180187112755,33.922794342041016,101900
2004-01-06,33.92278105792677,34.41208045742898,33.91681499141101,34.16146469116211,101500
2004-01-07,34.161474737627756,34.692543587688526,34.107771018169,34.609004974365234,77800
2004-01-08,34.698506206594544,34.698506206594544,34.23904163287647,34.59109878540039,62400
2004-01-09,34.51948077875181,34.603021626614364,34.32853482186242,34.370304107666016,41900
2004-01-12,34.42998835544758,35.07443061949302,34.25097674189363,35.026695251464844,78000
2004-01-13,35.17587676372805,35.50406514596042,34.97896236863474,35.14604187011719,44200
2004-01-14,35.146027320391845,35.146027320391845,33.296235090960124,33.701995849609375,406800
2004-01-15,33.713945011952106,33.76168266386419,33.45139475520518,33.4931640625,101900
2004-01-16,33.55282440805686,33.624428589516256,33.51702117919922,33.51702117919922,64800
2004-01-20,33.51703590012673,33.77958847455266,33.49913541596383,33.56477355957031,82000
2004-01-21,33.56475944876853,34.12566305388248,33.51105574260026,33.946651458740234,115700
2004-01-22,34.012297746885274,34.394189848614175,33.50509772607466,34.37628936767578,167200
2004-01-23,34.45980612839325,35.77852716726518,34.45980612839325,35.35486602783203,138200
2004-01-26,35.23553704643174,35.30714122703441,34.16146523236827,34.91331481933594,102000
2004-01-27,34.984912218393994,35.63532257080078,34.8178328052378,35.63532257080078,91600
2004-01-28,35.7427488936329,35.99336473179632,34.31065123589304,34.37628936767578,103300
2004-01-29,34.13761435458797,34.304693898811394,33.886998452638416,34.24502182006836,87600
2004-01-30,34.16147648901894,34.78801839732167,34.06003738942764,34.620941162109375,57200
2004-02-02,36.339452862700206,36.81681795033496,35.706942698923974,35.81435012817383,363500
2004-02-03,35.81437181442085,36.33947486690658,35.63536008269503,35.981449127197266,158000
2004-02-04,35.987404829195626,35.987404829195626,34.847694396972656,34.847694396972656,96100
2004-02-05,34.847689781308965,34.847689781308965,34.322586982890186,34.69851303100586,54300
2004-02-06,34.609001859235896,35.85015336334254,34.4120874801924,35.81435012817383,56200
2004-02-09,35.20571408400115,35.695013656966395,34.77011823373973,35.33699035644531,222900
2004-02-10,35.384732673365136,35.712921142578125,35.33699728618763,35.712921142578125,63800
2004-02-11,35.6532334168752,35.939652424730355,35.5637264810585,35.80241012573242,78500
2004-02-12,35.80242366201333,35.80242366201333,35.527938960239524,35.533905029296875,30500
2004-02-13,35.47422515896765,35.59356699253248,34.9968601009645,35.05056381225586,50000
2004-02-17,35.140082572503054,36.190288397531326,35.140082572503054,35.73678970336914,61300
2004-02-18,35.802428618729444,36.01127520850252,35.77855978668192,35.88596725463867,65900
2004-02-19,35.8859514743285,36.23204255805793,35.80241287515412,35.93368911743164,76800
2004-02-20,35.93370717038078,35.945641587152366,35.354900476373686,35.36086654663086,74400
2004-02-23,35.42051346432121,35.46228275521618,34.98491780480531,35.110225677490234,40300
2004-02-24,34.87751468082477,34.98492209236242,34.525457559952656,34.77010726928711,66400
2004-02-25,34.85962147483211,34.9729972604246,34.549335841254084,34.78801727294922,98800
2004-02-26,34.87751306071378,35.617428221096475,34.758171244964885,35.563724517822266,73900
2004-02-27,35.52793147630291,35.8024161202567,35.3727863984116,35.50406265258789,60500
2004-03-01,35.59357741434531,36.393164974216184,35.59357741434531,35.993370056152344,40200
2004-03-02,35.93369304749756,36.781015818944915,35.93369304749756,36.45282745361328,99500
2004-03-03,36.452834246729886,36.75715384461047,36.24398768703309,36.56024169921875,54700
2004-03-04,36.63183266105016,36.84664748834104,36.45878713059296,36.54829406738281,63600
2004-03-05,36.548293695217225,37.35115794322408,36.548293695217225,36.847869873046875,52300
2004-03-08,36.90779375944925,37.291253286340336,36.901803239997484,37.153446197509766,64300
2004-03-09,37.06357679736247,37.06357679736247,36.50636474769617,36.58425521850586,87400
2004-03-10,36.73405093224999,36.73405093224999,36.48240562294987,36.578269958496094,51600
2004-03-11,36.50635353953257,36.50635353953257,35.349989299925504,35.51176071166992,38000
2004-03-12,35.58366881040575,36.57826193050489,35.49978782091078,36.10493087768555,55200
2004-03-15,36.176829127584554,36.176829127584554,35.649574279785156,35.649574279785156,20900
2004-03-16,35.7094957491771,36.08097202451899,35.7094957491771,35.94915771484375,31100
2004-03-17,35.94916719458324,36.42848896672705,35.94916719458324,36.37456512451172,19900
2004-03-18,36.37456512451172,36.40452230672324,36.045031549012,36.37456512451172,26900
2004-03-19,36.28467991407354,36.662144381851746,36.2187727666751,36.4883918762207,28600
2004-03-22,36.36856501196744,36.428479360591155,35.86527671253619,35.94915771484375,50200
2004-03-23,36.00906750179788,36.00906750179788,35.62561023377676,35.89522933959961,80700
2004-03-24,35.74544970366869,35.79338301636532,35.46984001242153,35.679542541503906,55200
2004-03-25,35.679519312808175,35.85926454722739,35.385935963226544,35.709476470947266,101500
2004-03-26,35.7094957491771,36.00308154283945,35.56570039824582,35.94915771484375,35100
2004-03-29,35.94915258061823,36.488390783561734,35.83531442025708,36.46442413330078,26100
2004-03-30,36.36855226580196,36.72804280272461,36.19479751586914,36.19479751586914,31100
2004-03-31,36.28466926405677,36.78795735895848,36.26669313830619,36.650150299072266,38400
2004-04-01,37.21934413145032,40.10126781888583,37.21934413145032,39.5440559387207,305900
2004-04-02,39.51408564312778,39.51408564312778,38.855019139336385,38.94489288330078,199900
2004-04-05,38.944896666930504,38.944896666930504,38.31578725481237,38.40565872192383,187500
2004-04-06,38.40567864811172,38.84306203353806,38.399685842511,38.57943344116211,82300
2004-04-07,38.48955346754428,38.813096350512446,38.29782485961914,38.29782485961914,82800
2004-04-08,38.38769328729815,38.72321716155016,37.806514739990234,37.806514739990234,78800
2004-04-12,37.8125043711256,38.471571027894306,37.80052105010993,38.28583526611328,54600
2004-04-13,38.37572384694953,38.37572384694953,37.29724739501081,37.30323791503906,46500
2004-04-14,37.243305453223776,37.500941115224315,36.82389840213562,36.829891204833984,41300
2004-04-15,36.85387515991685,37.1474609375,36.59624164647633,37.1474609375,35000
2004-04-16,37.44702451811062,38.04617691040039,37.43504119599462,38.04617691040039,67400
2004-04-19,37.97428606420624,37.9802765835446,36.991676330566406,36.991676330566406,57200
2004-04-20,37.23133202423046,37.80651781451086,36.913781964393706,37.369136810302734,89400
2004-04-21,37.36914290855894,37.36914290855894,36.52433792697583,36.75800704956055,131100
2004-04-22,36.75800729971356,37.3991003326601,36.75800729971356,37.38711929321289,66700
2004-04-23,37.31521980482515,37.31521980482515,36.6561529189657,36.69809341430664,57800
2004-04-26,36.698083097694315,37.26128550936264,36.680109257768336,37.105506896972656,38300
2004-04-27,37.02762119068181,37.596816478954345,37.015637867334625,37.393104553222656,34900
2004-04-28,37.33317646961925,37.33317646961925,36.84786233796734,36.961700439453125,77600
2004-04-29,36.90180846465932,37.518934906910985,36.847884639616936,37.1474609375,41400
2004-04-30,37.07554819405901,37.51891965475902,36.859852981573674,37.267276763916016,73300
2004-05-03,37.20737335774042,37.72863773470859,36.973704223175346,37.453025817871094,62200
2004-05-04,37.36313697190542,38.08212017320859,37.29123933745048,37.9503059387207,82900
2004-05-05,37.8904026775388,37.908376519999656,37.48297882080078,37.48297882080078,64500
2004-05-06,37.42307155177288,37.42307155177288,36.93775939941406,36.93775939941406,62300
2004-05-07,36.87783812385631,37.039609582803465,35.877254486083984,35.877254486083984,40500
2004-05-10,35.81733297954953,35.81733297954953,35.31404482661413,35.469825744628906,96400
2004-05-11,35.46982692245977,35.50577460812978,35.15227455700109,35.22417449951172,90600
2004-05-12,35.20021438598633,35.2181882321577,34.75084994701629,35.20021438598633,87700
2004-05-13,35.20018903634043,35.619596001124286,35.170231885766746,35.18820571899414,53500
2004-05-14,35.12831115722656,35.42189459763747,34.92459921903751,35.12831115722656,55500
2004-05-17,35.128310094521424,35.128310094521424,34.6310124453804,34.72088623046875,34100
2004-05-18,34.780793906741295,35.20020101424071,34.774803388821745,35.00847244262695,26300
2004-05-19,35.15827388786265,35.89523129350323,35.146290561886495,35.20021438598633,76700
2004-05-20,35.170247769331,35.48180730428863,35.170247769331,35.397926330566406,36800
2004-05-21,35.33800277426361,35.613612286800354,35.25412181702065,35.44585037231445,53100
2004-05-24,35.505776009870175,36.35657374515233,35.48780216632558,36.09893798828125,48600
2004-05-25,36.039031391677945,36.43447203367284,35.949157583484876,36.33261489868164,37800
2004-05-26,36.27269516176798,37.21336446261402,36.24872851173209,36.88383102416992,66600
2004-05-27,36.82392294854012,37.68670426546094,36.66215145161747,37.40510177612305,72100
2004-05-28,37.255295640527656,37.806514739990234,37.17740519018274,37.806514739990234,48900
2004-06-01,37.896396988296544,38.13605891115238,37.66272787058413,37.86643981933594,65200
2004-06-02,37.95632191255092,38.621381762660356,37.8964075579191,38.42366027832031,68300
2004-06-03,38.315355870263595,38.315355870263595,37.96047258079483,38.12889099121094,39800
2004-06-04,38.22515293269358,38.82665252685547,38.22515293269358,38.82665252685547,55400
2004-06-07,38.76649064094588,38.922881189558304,38.67626973699564,38.76047897338867,27600
2004-06-08,38.820641397485375,39.181538907130275,38.820641397485375,38.9830436706543,45000
2004-06-09,38.922895798676045,38.922895798676045,38.453728565803196,38.519893646240234,38100
2004-06-10,38.45972446175794,38.58604059894459,38.12890150952394,38.2371711730957,31100
2004-06-14,38.165004761933154,38.17101872543729,37.67177715150845,37.683807373046875,27400
2004-06-15,37.74394321755727,38.10484056158671,37.41312026977539,37.41312026977539,49700
2004-06-16,37.44321139199912,37.87629023391534,37.15449292889844,37.298851013183594,55400
2004-06-17,37.23868569051514,37.96048267564869,36.998085930627504,37.894317626953125,70000
2004-06-18,37.9003360012923,38.18905666458606,37.431168938866804,37.443199157714844,48100
2004-06-21,37.503360216674984,37.581555517483245,37.22065801218886,37.250732421875,21500
2004-06-22,37.25072802157125,37.52741622924805,36.87780033754904,37.52741622924805,40500
2004-06-23,37.46726941461869,37.64170419183573,37.17855097018889,37.52140426635742,24900
2004-06-24,37.46124267578125,37.87627718784025,37.310868384636294,37.46124267578125,37200
2004-06-25,37.352982309727004,37.59358215332031,37.11238476066385,37.59358215332031,96500
2004-06-28,37.59358529938999,37.677794563335766,37.38306213952555,37.611629486083984,24700
2004-06-29,37.61763774834821,38.026656053023636,37.49733784205605,37.924400329589844,29500
2004-06-30,37.864266780825716,38.68230142526752,37.864266780825716,38.393585205078125,48800
2004-07-01,38.37551892564279,38.64619311061527,38.34544452609687,38.58604431152344,82800
2004-07-02,38.55599906883333,39.57854784375782,38.46577579659751,39.175540924072266,73300
2004-07-06,39.17550752303891,39.662723332557,39.127391238974845,39.578514099121094,68700
2004-07-07,39.572499580436116,39.572499580436116,39.00107451238951,39.10333251953125,160000
2004-07-08,39.0311642687258,39.0311642687258,38.76650395541553,38.97703170776367,72800
2004-07-09,38.946945388043304,39.03115463256836,38.82664777845313,39.03115463256836,35800
2004-07-12,39.02513474497108,39.24167409333706,38.78453954817264,39.01912307739258,29400
2004-07-13,39.01912717516775,39.01912717516775,38.862736609577304,38.92890167236328,98300
2004-07-14,38.92889617827344,38.97701705151909,38.61611509123578,38.62213134765625,99700
2004-07-15,38.61611837816267,38.64619507376603,38.195072174072266,38.195072174072266,37600
2004-07-16,38.201080504819615,38.53791971296436,37.99055743381001,38.18905258178711,22200
2004-07-19,38.18906704312332,38.18906704312332,37.10636999785423,37.689823150634766,78400
2004-07-20,38.35147565525779,39.343949640765736,38.014638558319554,38.886810302734375,165900
2004-07-21,38.856719735669806,39.06724284616622,38.2552225119317,38.29131317138672,102000
2004-07-22,38.14095097465876,38.14095097465876,37.322914123535156,37.322914123535156,84600
2004-07-23,37.32892596196954,37.69583741408269,36.99208662359373,37.5995979309082,105300
2004-07-26,37.59357025970134,37.86424442447707,37.53342146509759,37.695823669433594,80400
2004-07-27,37.74997893601496,37.88230910920732,37.605620833014825,37.7078742980957,57000
2004-07-28,37.77402918367459,37.78004544148445,36.57103460907012,36.98005294799805,109100
2004-07-29,37.05223365250044,37.63568678176962,37.05223365250044,37.59358215332031,41700
2004-07-30,37.59359093305277,37.59359093305277,37.01013766752197,37.26276779174805,47300
2004-08-02,37.20260703148632,37.78606014586238,37.178548883365224,37.70185089111328,50500
2004-08-03,37.73793745907714,37.92440013306034,37.56350271058394,37.84019088745117,73600
2004-08-04,37.74394729879363,38.20108413696289,37.62364740626606,38.20108413696289,35500
2004-08-05,38.13492525692896,38.2251484646096,37.322902620624184,37.930416107177734,68100
2004-08-06,37.85823862860013,37.85823862860013,36.70937889581277,37.016143798828125,42600
2004-08-09,37.076311125312024,37.076311125312024,36.48684376174292,36.51691818237305,47700
2004-08-10,36.589087848528195,37.25073406900088,36.589087848528195,37.124420166015625,56600
2004-08-11,37.05223903637959,37.840201458839,36.781567041169794,37.4672737121582,57500
2004-08-12,37.39509437315163,37.83418951919082,37.39509437315163,37.81614303588867,26500
2004-08-13,37.743960217715355,37.786064850332046,36.9439676089374,37.02817916870117,29000
2004-08-16,37.08831023150214,38.429648457957555,37.05221958031109,38.315364837646484,52200
2004-08-17,38.3875617781114,39.57852858394986,38.33944318190752,39.07928466796875,76500
2004-08-18,38.94694480688235,38.952961063989974,38.616119501856424,38.87476348876953,61900
2004-08-19,38.814607597085406,38.82062385309443,38.285291794759836,38.37551498413086,71100
2004-08-20,38.43568668756445,38.53794014927048,38.16501238520937,38.42365646362305,96100
2004-08-23,38.48379064894333,39.09130181242824,38.48379064894333,39.06122970581055,37200
2004-08-24,38.94695360172644,38.95296986019264,38.68830955640738,38.850711822509766,39300
2004-08-25,38.85072082293843,39.91537395413001,38.85072082293843,39.494327545166016,41100
2004-08-26,39.64468447041677,40.643167481834915,39.64468447041677,40.42662811279297,58000
2004-08-27,40.72738322755681,43.061191190907664,40.72738322755681,42.89277267456055,152900
2004-08-30,42.146914062274625,44.68523330826153,42.146914062274625,44.34839630126953,258200
2004-08-31,44.42081516649374,44.78294046366318,43.90780394511429,44.113006591796875,160600
2004-09-01,44.2638908134769,44.813117766719365,43.96211897666397,44.49324035644531,87700
2004-09-02,44.40269038286414,44.75878340437692,44.40269038286414,44.65617752075195,35800
2004-09-03,44.54154498039649,45.22354798052566,44.493260359677194,45.199405670166016,74700
2004-09-07,45.2657883447691,45.53134910988746,45.11490238361987,45.15715026855469,72300
2004-09-08,45.17525079110085,45.57359189419579,45.05454387756071,45.25974655151367,81600
2004-09-09,44.541540073736265,44.541540073736265,43.41291136329482,43.79917907714844,245600
2004-09-10,43.455141802562665,44.85536285423612,43.455141802562665,44.42081069946289,235200
2004-09-13,44.54152804772432,45.68825742348616,44.54152804772432,44.788978576660156,127900
2004-09-14,44.78898217719863,45.362351515845226,44.72862872172886,44.873477935791016,63800
2004-09-15,44.80708958043926,45.139040506068994,44.577744598432886,44.9217643737793,64400
2004-09-16,44.831210625659004,45.56753443540235,44.831210625659004,45.096771240234375,86200
2004-09-17,44.94589417718785,45.86931518025327,44.94589417718785,44.994178771972656,59000
2004-09-20,44.843297382833825,45.26577611806663,44.843297382833825,45.102821350097656,65300
2004-09-21,45.102811154762925,45.24766031628968,44.83725052140401,44.89156723022461,59800
2004-09-22,44.891584639318765,44.92176367014828,44.360467771304016,44.39667892456055,34800
2004-09-23,44.3061391839975,44.523410650063056,44.05868409050671,44.161285400390625,43800
2004-09-24,44.167323672907784,44.66222927255186,44.167323672907784,44.3363151550293,40100
2004-09-27,44.2457661813473,44.30008748300482,43.65429621458381,43.992279052734375,62800
2004-09-28,43.992299800274274,43.992299800274274,43.394792828271676,43.666385650634766,140600
2004-09-29,43.666371694813584,43.666371694813584,43.243893082901636,43.467201232910156,174200
2004-09-30,43.527590350564864,44.638108983289655,43.37670436646585,44.35444259643555,123700
2004-10-01,44.3544393269254,45.114905920036875,44.179411045711475,44.86745071411133,57200
2004-10-04,44.9278162387606,45.44686444026368,44.9278162387606,44.964027404785156,93400
2004-10-05,44.96401570279858,45.70033991816943,44.95194685215642,45.46495819091797,166800
2004-10-06,45.42873061732586,45.802929355370736,44.89761383836432,45.17524337768555,81500
2004-10-07,45.084719170659724,45.2657841491257,44.10698118002977,44.9217643737793,141600
2004-10-08,44.84329358544059,44.84329358544059,43.21975974599375,43.334434509277344,152600
2004-10-11,43.34049085185789,43.67244187599981,43.17753600661781,43.551734924316406,92000
2004-10-12,43.46118468217398,43.46118468217398,42.742966179967134,43.34047317504883,98700
2004-10-13,43.48532124112955,43.62413370015108,42.82745627702328,42.94213104248047,76400
2004-10-14,42.94214238752227,42.97231681478588,42.2541028223486,42.56794357299805,94300
2004-10-15,42.49552914515456,42.54984588710705,41.91612293628028,42.12133026123047,117000
2004-10-18,42.12734758075378,42.64035874976272,41.79539673950961,41.84368133544922,105600
2004-10-19,41.692807551377854,42.67054557779329,41.58416948125682,42.314456939697266,194300
2004-10-20,42.205815001714974,42.47137572760161,41.541917791671814,42.3023796081543,98200
2004-10-21,42.2299482631105,43.03266239109972,42.2299482631105,43.00248336791992,116900
2004-10-22,42.978353971861374,43.213735688370555,42.51965938893438,42.815399169921875,111800
2004-10-25,42.36273339989151,42.761069843920346,42.22995305032424,42.52568817138672,135800
2004-10-26,42.447209387279436,44.432867770755635,42.447209387279436,43.992279052734375,120600
2004-10-27,43.90779632269024,44.90364417053105,43.835369433960516,44.167320251464844,61400
2004-10-28,44.01644875687831,44.1311235503905,43.37065708623488,44.10094451904297,82300
2004-10-29,44.088876946812626,44.680347299103495,44.05869791459064,44.360469818115234,69100
2004-11-01,44.26993170155295,45.70636872681949,44.1854359476753,45.132999420166016,117100
2004-11-02,45.04247642681163,45.26578931176572,45.01230199674165,45.12697219848633,97900
2004-11-03,45.26577439419059,45.75464328415259,45.15109962556338,45.41666030883789,105600
2004-11-04,45.41666052949086,45.78482253139278,45.26577461411049,45.73653793334961,102500
2004-11-05,45.74862774650272,45.75465986991088,44.75277942790763,44.939876556396484,86200
2004-11-08,44.95796489454163,45.44683837890625,44.90364817665256,45.44683837890625,89000
2004-11-09,45.3563147888962,45.3563147888962,44.360466657287695,44.873477935791016,110800
2004-11-10,44.93985525590722,45.14506247137998,44.626014614485086,44.66826248168945,64900
2004-11-11,44.75879649897884,45.145064042481955,44.662227310766895,44.843292236328125,72000
2004-11-12,44.84329607355762,46.4064719529523,44.84329607355762,46.11073684692383,129900
2004-11-15,46.00208934856716,46.10469064523036,45.1148796081543,45.1148796081543,86500
2004-11-16,45.22353887658173,45.8934728890042,45.20543329862554,45.38649368286133,89300
2004-11-17,45.29597197500696,46.41252727987222,45.29597197500696,45.585670471191406,43200
2004-11-18,45.6882470396083,45.869311954983644,45.44683329200394,45.53736114501953,28300
2004-11-19,45.44684119748575,45.44684119748575,44.49324107268466,44.60187911987305,32900
2004-11-22,44.51134624306831,44.770870208740234,44.17939537836952,44.770870208740234,54400
2004-11-23,44.81914759525486,45.49511345869645,44.66826170006921,45.06056594848633,37700
2004-11-24,44.96401406353774,46.291808610121656,44.95797733609972,46.09867477416992,46400
2004-11-26,45.990029195600464,46.06245609901109,45.911570170410464,46.056419372558594,10400
2004-11-29,45.90555263452664,46.346141756282535,45.88744705227332,46.02626419067383,28300
2004-11-30,45.92969866243611,45.92969866243611,44.909712407335526,45.000240325927734,66100
2004-12-01,45.091047225816936,46.168968391624595,45.091047225816936,46.144744873046875,31700
2004-12-02,46.053923919964994,46.738221164545806,45.84196923467903,46.42332458496094,81500
2004-12-03,46.423334533427244,46.73217414300265,46.02365322197781,46.23560333251953,41000
2004-12-06,46.114473298931166,46.64737689752249,45.71479213486453,45.975189208984375,29400
2004-12-07,46.02365020061609,46.10237320217332,45.00022807954414,45.09712219238281,23200
2004-12-08,44.60054787433901,45.7693064517334,44.60054787433901,45.4483528137207,33400
2004-12-09,45.387773768483115,46.2900824408134,45.35144080347986,45.702674865722656,37100
2004-12-10,45.599729212458975,47.08338383242498,45.599729212458975,46.59892272949219,64100
2004-12-13,46.5080950171388,47.00466561877287,46.5080950171388,46.58076095581055,29700
2004-12-14,46.580777621793246,46.9320118515868,46.24165746622187,46.689781188964844,42100
2004-12-15,46.568672959679134,46.932016680917535,46.32644227213151,46.84723663330078,28500
2004-12-16,46.99258064321182,46.99258064321182,46.53839976466241,46.87146759033203,29700
2004-12-17,47.23477014318689,47.38010660382805,46.58680617346507,46.62919616699219,42300
2004-12-20,46.55049206581379,46.6292150513425,45.7753531814246,45.781410217285156,41400
2004-12-21,45.872248579818795,46.3264292588269,45.696631496182555,46.290096282958984,31200
2004-12-22,46.35670544499902,46.68371143728632,46.235587836592295,46.459651947021484,25200
2004-12-23,46.368811958066956,46.93805313110351,46.368811958066956,46.938053131103516,29200
2004-12-27,47.150006202732456,47.150006202732456,45.71479372744538,45.96308135986328,42500
2004-12-28,46.053927018215205,46.689777256354816,45.963089949862336,46.51416015625,17200
2004-12-29,46.42330213173058,46.6594756072321,46.38696455231003,46.471744537353516,8800
2004-12-30,46.47176157701532,46.85932868508295,46.41120508266057,46.73215866088867,14200
2004-12-31,46.64132572663825,47.22268106022447,46.64132572663825,46.78666687011719,20400
2005-01-03,46.6352735401072,46.841166564134326,45.88435815560112,45.89041519165039,25900
2005-01-04,45.884374538070034,46.17505231007555,45.38780366852571,45.75115203857422,24500
2005-01-05,45.84197341495941,45.84197341495941,45.26667966857542,45.32723617553711,24600
2005-01-06,46.17502748966217,48.79716458578332,46.150803970002016,48.44593048095703,300600
2005-01-07,48.44593296962071,49.051507131740976,47.204504089208505,47.440677642822266,147300
2005-01-10,47.84033967787383,48.8334805370167,47.688946197880554,48.56097412109375,80400
2005-01-11,48.62763087358627,48.77902448823608,47.991775843990474,48.41567611694336,75200
2005-01-12,48.52467673789508,48.96069106065881,48.52467673789508,48.86985397338867,45000
2005-01-13,48.77899463108604,49.63890872711194,48.597320556640625,48.597320556640625,157400
2005-01-14,48.74875200800827,49.233213503359714,48.74875200800827,48.997039794921875,53400
2005-01-18,48.84561394616604,49.263456974708006,48.506489274973205,48.736610412597656,80300
2005-01-19,49.58442088576646,49.778204472524195,48.106822769300656,48.131046295166016,72400
2005-01-20,48.25214316585941,48.512540206612904,47.05310444746428,48.04624557495117,162200
2005-01-21,48.0522996881659,48.20369319986155,47.507282122028904,48.028076171875,79500
2005-01-24,48.07048867288924,48.24005336630144,47.62236496214215,47.97965621948242,43200
2005-01-25,47.88880648048922,48.26425950904721,47.84035943804166,47.84641647338867,36500
2005-01-26,47.3559197956232,48.300619072427835,47.3559197956232,47.9857177734375,66200
2005-01-27,48.07653314921164,48.29454022076177,47.937253676932784,48.02203369140625,67600
2005-01-28,48.02203334293861,48.18553633533262,47.55573864655392,47.87063980102539,84300
2005-01-31,47.99175450604565,48.68210871229234,47.99175450604565,48.62760925292969,63300
2005-02-01,48.53676767997039,48.53676767997039,47.99780707125806,48.3248176574707,108300
2005-02-02,48.37932212046607,48.37932212046607,47.59813085366429,47.88275146484375,49100
2005-02-03,47.779789086110085,48.74870655319694,47.779789086110085,48.476200103759766,82400
2005-02-04,48.47621752184052,48.93039818087026,48.47621752184052,48.688167572021484,80300
2005-02-07,48.960669415201174,49.32401298348177,48.803218841552734,48.803218841552734,32100
2005-02-08,48.69424057006835,49.05152725461359,48.44595284406281,48.69424057006836,34700
2005-02-09,48.57310049404987,48.894054044259974,48.40959751154878,48.44593048095703,31400
2005-02-10,48.355115141848906,48.99702715056037,48.2037215411417,48.960689544677734,19700
2005-02-11,48.869828149244434,49.929582827005184,48.73054869317329,49.0515022277832,71400
2005-02-14,49.08180968606855,49.239255712267905,48.2945610744067,48.37934112548828,78700
2005-02-15,48.258203261830616,48.603380326572626,48.082586212026584,48.14314270019531,83600
2005-02-16,47.840360086171444,47.840360086171444,46.72610581576733,46.980445861816406,498700
2005-02-17,46.78059829284098,49.04544408806539,46.78059829284098,48.597320556640625,398600
2005-02-18,48.86984181139828,48.972792948772145,48.22793456272554,48.76689529418945,172700
2005-02-22,48.676037780892834,48.676037780892834,47.65867324841059,48.04018783569336,78500
2005-02-23,48.040198965180416,48.06442248587081,47.355897211128436,47.392234802246094,69400
2005-02-24,47.48308481976883,47.48308481976883,47.11368411362614,47.30141067504883,41900
2005-02-25,47.42251806253818,47.537578648547935,47.15001149796914,47.337738037109375,84900
2005-02-28,47.15605819971641,47.15605819971641,46.63526408897895,46.99860763549805,109700
2005-03-01,46.998609360626915,48.7123852851417,46.998609360626915,48.451988220214844,151200
2005-03-02,48.36116660512102,49.293751632401914,48.161325966382506,48.42778015136719,145100
2005-03-03,48.47033781062659,48.68308605151363,48.14209568001637,48.360923767089844,61700
2005-03-04,48.31835943543877,49.06602261199299,48.23326016494479,48.96268844604492,40500
2005-03-07,48.87151994371501,49.18152714644002,48.73779116459585,48.816810607910156,13800
2005-03-08,48.81679659680755,49.224062662933065,48.76817175818122,49.14503860473633,31600
2005-03-09,49.11465209157882,49.33955531892902,48.79856511183336,48.96268844604492,46500
2005-03-10,48.96267965187617,49.14503321122693,48.36090038460237,48.40345001220703,66200
2005-03-11,48.50679155824263,48.97483748853594,48.50679155824263,48.60404586791992,47700
2005-03-14,48.695232320765754,49.55230489424337,48.695232320765754,49.05994415283203,53200
2005-03-15,49.21189824755524,49.21189824755524,48.6891430226534,49.00522994995117,27400
2005-03-16,48.91405012107253,48.91405012107253,47.929324206563635,48.518943786621094,47300
2005-03-17,48.50677604903684,48.60403032761875,48.17245432174819,48.33049774169922,17100
2005-03-18,48.42167887937272,48.50069827393495,47.91715866489854,48.40951919555664,16100
2005-03-21,48.32444615460075,48.32444615460075,47.13913140583389,47.55854797363281,37700
2005-03-22,47.68619068323191,47.813844228060425,47.0236314068183,47.041866302490234,48200
2005-03-23,46.9324325455214,46.9324325455214,45.67417426034387,45.8747673034668,92400
2005-03-24,45.75320235569418,46.04497453186868,45.52829917750521,45.55868911743164,42600
2005-03-28,45.680261727037106,46.348900678160604,45.680261727037106,46.23948669433594,96300
2005-03-29,46.148332217052314,46.148332217052314,44.82928850227196,44.96909713745117,79900
2005-03-30,44.97517234599878,45.22439502336405,44.76242410773804,44.96909713745117,98800
2005-03-31,44.98124195301502,45.55870198792729,44.88398298762705,45.546546936035156,89100
2005-04-01,45.546526818526324,45.97202301025391,45.315543834097156,45.972023010253906,53100
2005-04-04,45.86263040784413,45.86871025271863,44.65908082621157,45.34595489501953,73500
2005-04-05,45.43104505429586,45.66203273753575,44.920449488830215,45.108882904052734,78100
2005-04-06,45.2000603226331,45.32162936581074,44.464556945016376,44.59828567504883,84000
2005-04-07,44.68944957464787,44.853572845458984,44.25179834012636,44.853572845458984,57500
2005-04-08,44.744183467849325,44.92046188195893,44.62868959436572,44.634769439697266,14700
2005-04-11,44.55574001069863,44.55574001069863,43.188067284228424,43.498069763183594,154000
2005-04-12,43.4372662204239,43.45550110678411,42.24587239010233,43.15765380859375,305900
2005-04-13,43.06038567268117,43.06038567268117,42.428221439014706,42.80508804321289,122400
2005-04-14,42.902346933044115,43.35215770461572,42.70175395093656,42.80508804321289,81700
2005-04-15,42.80511007778114,42.890209331410006,42.17294088113704,42.54981231689453,117000
2005-04-18,42.79297792824237,43.07867042011544,42.604539790746784,42.66532897949219,70900
2005-04-19,43.27316378789235,44.90221405029296,43.27316378789235,44.90221405029297,188100
2005-04-20,45.14535296650824,45.14535296650824,43.25492968396221,43.92356872558594,163100
2005-04-21,43.984349163480076,44.9082859035578,43.97826932035361,44.6043586730957,185300
2005-04-22,44.756324769406916,46.19694159118043,44.616520832678724,45.741050720214844,190800
2005-04-25,45.68027339061072,46.29420782535882,45.40673604242593,46.17263412475586,162600
2005-04-26,46.196960940925095,46.640696948385695,45.716755132531524,46.01460266113281,102200
2005-04-27,45.90517139106586,45.90517139106586,44.81711587939592,45.57085418701172,126000
2005-04-28,45.57083257676047,45.741031019941396,44.98729306975743,45.41886901855469,126300
2005-04-29,45.52831901952893,45.63165320792416,44.98124884925503,45.564788818359375,111900
2005-05-02,45.52831001405983,45.6802736625463,45.26085250870363,45.467525482177734,104800
2005-05-03,45.467515587934756,45.8930118560791,45.32162717808969,45.58908462524414,125500
2005-05-04,45.5890789919249,45.595158834307554,45.22436728750169,45.30338668823242,162700
2005-05-05,45.28515802243065,45.58908525748052,44.84750206194899,45.206138610839844,101200
2005-05-06,45.31556709859597,45.75321856153222,45.24262286932507,45.44929122924805,107200
2005-05-09,45.29732077049009,46.25773210950354,45.28516571954919,46.209102630615234,66200
2005-05-10,46.05714790357714,46.14832703475372,45.8930291775099,45.923423767089844,73900
2005-05-11,45.92340526170155,46.28811700187963,45.838306010245375,46.13007354736328,72200
2005-05-12,46.044979305771506,46.37322129891413,45.89909552133985,45.953800201416016,90600
2005-05-13,46.10576347514916,46.26988678924008,45.686347018436294,46.02066421508789,112000
2005-05-16,45.98419621860486,46.86558343393145,45.98419621860486,46.55557632446289,88400
2005-05-17,46.73794174194336,47.017554312916076,46.348915152975856,46.73794174194336,90300
2005-05-18,46.82912750957284,48.616221844605754,46.82912750957284,47.740909576416016,98600
2005-05-19,47.61933251298133,47.92325984728699,47.212070998026874,47.55854797363281,42000
2005-05-20,47.63148520571754,47.65579994539742,47.139124480496605,47.540306091308594,49300
2005-05-23,47.56461179286365,47.92932354363529,47.412648176912015,47.44304275512695,55200
2005-05-24,47.4126460905998,47.44304066747728,46.59204352808245,47.10871887207031,92400
2005-05-25,47.10871916453116,47.31538744838482,46.86557646068583,47.1573486328125,63500
2005-05-26,47.13911648470443,47.56461276302312,47.13911648470443,47.46735382080078,52600
2005-05-27,47.46735079065374,47.77735785224567,47.22421272574219,47.47343063354492,23400
2005-05-31,47.62540544141873,47.62540544141873,47.01755086108776,47.42481231689453,48100
2005-06-01,47.36402583279005,47.5342243662527,46.8595054389099,47.23029708862305,70700
2005-06-02,47.2424475902331,47.2424475902331,46.80479165354083,47.10871887207031,55900
2005-06-03,47.26126660500897,47.480944919976,47.084307914891205,47.21855163574219,22300
2005-06-06,47.0660300306801,47.33452696907305,46.992806978817086,47.27960968017578,31500
2005-06-07,47.13922676475107,47.53586843887198,46.9561599442083,47.09040832519531,20500
2005-06-08,47.09042925671295,47.26128921552206,45.961529109794405,46.132389068603516,45300
2005-06-09,45.97981100385291,46.88903225879159,45.894381068789265,46.846317291259766,36800
2005-06-10,46.956190797299875,47.62743314328224,46.95009198003508,47.27960968017578,49700
2005-06-13,47.59691639696945,47.93253754148989,47.352828715098696,47.68844985961914,49900
2005-06-14,47.68843823976461,48.51833336256017,47.50537135907164,47.60300827026367,43300
2005-06-15,47.60301986930217,47.792185611348984,47.413849471670055,47.68844985961914,26400
2005-06-16,47.596899401712335,47.74945356646141,47.41383254177998,47.73725128173828,19300
2005-06-17,47.676206526620724,47.74943417196736,47.36499950895647,47.63959503173828,26500
2005-06-20,47.529787515760205,47.74946594238281,47.291803329516526,47.74946594238281,27600
2005-06-21,47.657926122647474,47.657926122647474,47.224672799010634,47.44435119628906,29700
2005-06-22,47.5663929007502,47.68233557084462,47.20636725973903,47.535884857177734,20800
2005-06-23,47.53587947982624,47.61520597084219,46.83412937886334,46.840232849121094,44300
2005-06-24,46.90126245740771,46.92567168747259,46.327657189844636,46.529029846191406,67500
2005-06-27,46.37648657731768,47.27960968017579,46.36428428720241,47.27960968017578,55500
2005-06-28,47.38942592077356,48.57934649206944,47.38942592077356,48.51222229003906,54100
2005-06-29,48.40236452255725,48.74408421578823,48.377955307957656,48.68306350708008,27900
2005-06-30,48.83564808890439,49.134653007114565,48.725808882437555,49.09193801879883,31000
2005-07-01,49.000407338260075,49.549598693847656,48.73801394712149,49.549598693847656,59400
2005-07-05,49.70215374476474,50.35508549837547,49.67774917103106,49.915733337402344,62900
2005-07-06,50.02554707248485,51.166648864746094,50.007236668130105,51.166648864746094,104300
2005-07-07,51.160567530265176,51.349737879115004,50.31847013333145,50.397796630859375,87200
2005-07-08,50.18423552249658,50.4832451493815,49.897432840489,50.12931823730469,91500
2005-07-11,50.23913921769933,51.24599764748719,50.23913921769933,50.965293884277344,56800
2005-07-12,50.96529493376216,51.569412797425166,50.873766156465145,51.4107551574707,62600
2005-07-13,51.52059463931752,51.52059463931752,50.86155950552186,51.09344482421875,48400
2005-07-14,51.11786137487068,51.42907325914231,50.95310488060034,51.35585021972656,43400
2005-07-15,51.20330787824689,51.227712459983856,50.294081246414315,51.10567092895508,54400
2005-07-18,51.258191273284666,51.44735691795906,50.745611595231615,50.94697952270508,47100
2005-07-19,50.83714582659282,52.173521732690524,50.48322372033375,50.82494354248047,107100
2005-07-20,50.89204077059337,50.89204077059337,50.61744063998143,50.73948669433594,116000
2005-07-21,50.73951946595938,50.74562293651445,50.312364983199636,50.45882034301758,67700
2005-07-22,50.45880545060081,50.46490426377193,50.14149025356499,50.220821380615234,101700
2005-07-25,50.129285210721456,50.7822166639282,49.98283455777683,50.64796829223633,71100
2005-07-26,50.64797732927946,51.313111182417806,50.52593587264699,51.25209045410156,93000
2005-07-27,51.34362206573604,52.19792619881907,50.9225711406946,52.051475524902344,87800
2005-07-28,52.057578514388375,52.20403385563594,51.80739212036133,51.80739212036133,132500
2005-07-29,51.88673303546247,52.246763363345316,51.758588067919824,51.86842727661133,48400
2005-08-01,51.95995034353945,52.106401040668686,51.24599795750274,51.48398208618164,59700
2005-08-02,51.48398510393283,52.14911907805227,51.307021700719694,51.551109313964844,83000
2005-08-03,51.459568406417134,51.67924676088761,51.31921653611193,51.630428314208984,66000
2005-08-04,51.84400557441418,51.84400557441418,50.91647832293817,51.01411056518555,60600
2005-08-05,51.01413602438058,51.01413602438058,50.068302546428015,50.31848907470703,84100
2005-08-08,50.22693727400255,50.849360942228756,50.123201547826234,50.178123474121094,51700
2005-08-09,50.17812390111432,51.001915557874014,50.17812390111432,50.843257904052734,41300
2005-08-10,50.843260380442906,51.654849790554,50.843260380442906,51.563316345214844,52600
2005-08-11,51.56329744298534,51.599908945466076,50.98359359432096,51.23988342285156,72700
2005-08-12,51.331413731265975,51.83788988876587,51.20936763773759,51.50837707519531,62400
2005-08-15,51.636534717464116,52.85086455018638,51.636534717464116,52.10029602050781,143200
2005-08-16,52.143028988813114,52.258971682365136,51.42907637770739,51.50230407714844,66600
2005-08-17,51.47177305893366,52.57016488183204,51.465669588922125,51.8440055847168,34500
2005-08-18,51.84400980549324,52.020973205566406,51.435165737522766,52.020973205566406,41600
2005-08-19,52.0209639623144,52.4359114270641,51.7524671746578,52.14910888671875,31100
2005-08-22,52.11861839580267,52.14912644202636,51.78299729824956,51.86842727661133,56400
2005-08-23,51.94774213555842,52.027073280238284,51.490079644560225,51.78298568725586,63500
2005-08-24,51.66094623030597,51.71586349668418,51.3192217245899,51.4107551574707,93100
2005-08-25,51.31921092547625,51.422946621639596,51.160553318908136,51.2642936706543,46500
2005-08-26,51.25210216262941,51.441272515883746,50.556455458621095,51.34973907470703,57700
2005-08-29,51.28871094474219,51.45346739066113,50.84325074482521,51.44126510620117,36500
2005-08-30,51.410747637488065,51.410747637488065,50.397785864787636,50.666282653808594,59400
2005-08-31,50.647914331194436,50.647914331194436,49.74764695238669,50.31108093261719,79000
2005-09-01,50.31108781739563,51.47470488186478,50.176352570540615,51.339969635009766,38300
2005-09-02,51.382836716988166,51.41958099232277,50.73365826045665,50.85002136230469,16600
2005-09-06,50.94189894170906,51.83604567822412,50.81941487957124,51.597198486328125,69300
2005-09-07,51.68904957636011,51.68904957636011,51.1256155703762,51.401206970214844,33900
2005-09-08,51.40732682619632,51.40732682619632,50.93575355790153,51.07661437988281,28300
2005-09-09,51.045996746781704,51.450202450508975,50.98475473264713,51.401206970214844,20400
2005-09-12,52.16062420103809,52.57095088246431,51.995270276683264,52.33210372924805,66000
2005-09-13,52.30147099166268,52.4055828668719,51.29096156074887,51.444068908691406,31000
2005-09-14,51.444071039701626,51.572680656605,51.04599098406795,51.14398193359375,22000
2005-09-15,51.235824015034325,51.321563720703125,50.84386506738102,51.321563720703125,21000
2005-09-16,51.321607010284275,51.66456612224417,51.22361602260004,51.597198486328125,77000
2005-09-19,51.658415450952816,52.43620335276766,51.53593144824845,52.325965881347656,41800
2005-09-20,52.38723765121143,53.71620899283549,52.38723765121143,53.37937545776367,94000
2005-09-21,53.46510048672459,53.46510048672459,51.88503115876029,52.032012939453125,62000
2005-09-22,52.06876350952095,52.82817959189423,51.84829314806901,52.497467041015625,65100
2005-09-23,52.5035744253054,52.70567257587525,52.436206817626946,52.43620681762695,23300
2005-09-26,52.454599392304914,53.04253128367537,52.19738006591796,52.19738006591797,28100
2005-09-27,52.25860810797745,52.74242795285717,52.25860810797745,52.313724517822266,44100
2005-09-28,52.32596579280258,53.158870092685405,52.32596579280258,52.88327407836914,22200
2005-09-29,52.94451260641971,54.31023203974966,52.76078661472661,54.05301284790039,39800
2005-09-30,54.1632458215046,54.68380976350841,54.01625943337815,54.27348327636719,43000
2005-10-03,54.426596950167905,54.78180241513461,53.83253974471328,54.57970428466797,83200
2005-10-04,54.57970819692138,54.95941142332088,54.57970819692138,54.86754608154297,40200
2005-10-05,54.94718058577665,55.118660114092485,54.13877375766863,54.17551803588867,44900
2005-10-06,54.26737837809981,54.26737837809981,53.336482921359114,53.697818756103516,44600
2005-10-07,53.69782742176208,54.12040534021859,53.69782742176208,54.01628875732422,27200
2005-10-10,53.955034933359606,54.23063099609612,53.28748905927655,53.47734069824219,37600
2005-10-11,53.385479200104,53.942792296307154,52.61382138262226,52.82817077636719,119800
2005-10-12,52.73629144828197,52.73629144828197,51.676786622000634,51.738033294677734,42400
2005-10-13,51.73803896434859,52.01975593416755,51.05824194083076,51.119483947753906,82800
2005-10-14,51.14395636467977,52.01973018025316,51.14395636467977,51.933990478515625,38200
2005-10-17,52.087097756255986,52.71789899295214,51.762506402577245,51.933990478515625,54500
2005-10-18,52.05650783961516,52.18511747475825,50.83777443495474,51.25422668457031,76000
2005-10-19,52.36271512331759,57.44588115047386,51.535936345337284,56.098533630371094,447000
2005-10-20,56.159803745754786,56.94983864934099,55.02680969238281,55.02680969238281,177800
2005-10-21,54.93493010677269,55.804583640072394,54.93493010677269,55.05741882324219,181300
2005-10-24,55.1186501394554,56.04954084148122,55.08802679816936,55.486106872558594,140900
2005-10-25,55.522871415584824,56.649739670020445,55.2595264929228,56.63749313354492,209300
2005-10-26,56.790586346912484,57.13967095507354,56.60685563842098,56.95594024658203,189800
2005-10-27,56.83344301999065,57.83170113398235,56.73545208556783,57.2131462097168,87800
2005-10-28,57.36627057679572,57.568373434713756,56.45375192319561,57.09067916870117,78600
2005-10-31,57.18254095334863,58.6339957981732,57.17028974744105,58.05831527709961,173900
2005-11-01,58.064450982738414,58.186939710652716,57.71536628500026,57.78273391723633,153800
2005-11-02,57.83171713044641,58.48701650014626,57.83171713044641,58.364532470703125,187100
2005-11-03,58.57888488394953,58.695243316190336,58.211428104175454,58.3584098815918,123200
2005-11-04,58.43801526599809,59.270919667115095,58.12567961992853,59.11168670654297,46800
2005-11-07,59.344433471479206,59.47304313609547,59.01984650757138,59.25869369506836,46200
2005-11-08,59.44243575758262,59.98749791371473,59.20971411228565,59.938507080078125,62400
2005-11-09,59.90173035968911,60.81425371633782,59.90173035968911,60.78363037109375,124300
2005-11-10,60.87548482232742,61.702263598584565,60.72237746848479,61.481788635253906,77500
2005-11-11,61.63488787911269,62.21669387817383,61.322547610081386,62.21669387817383,57800
2005-11-14,62.40044591081465,62.40044591081465,61.702276603932255,62.143226623535156,47800
2005-11-15,61.95947254155705,62.057463474525726,60.722367383849054,61.2429313659668,149300
2005-11-16,61.36542304818323,61.39604638668895,59.88947064702317,60.097694396972656,67000
2005-11-17,60.25080332574681,64.30508767861977,60.25080332574681,63.69878387451172,220300
2005-11-18,63.69878819080477,65.31560155962684,63.61304844188738,64.10298919677734,237000
2005-11-21,63.98050444817417,64.42145439328395,63.69266186331275,64.3234634399414,173900
2005-11-22,64.4888371761452,66.55272188742947,64.4520882237639,66.23426055908203,192600
2005-11-23,66.29549136227239,66.9691628573265,66.01989996462584,66.61395263671875,67200
2005-11-25,66.9446754439415,67.98580852641277,66.7731959102906,67.97968292236328,40200
2005-11-28,67.97967400417312,67.97967400417312,66.44860026534039,66.69357299804688,69000
2005-11-29,66.69971306217523,66.75482948593897,66.30775380138608,66.68746185302734,53600
2005-11-30,66.53434860479479,66.9079310190647,66.00153319285238,66.04440307617188,72800
2005-12-01,66.37602603489475,67.81924917754468,66.32689387787252,67.21739196777344,96300
2005-12-02,67.37091787481769,67.65956340373229,66.95330396424974,67.57972717285156,41500
2005-12-05,67.59201221095465,67.59201221095465,66.6032498692456,67.18668365478516,94300
2005-12-06,67.34022082665416,68.71588839344278,67.34022082665416,67.55516815185547,80800
2005-12-07,67.40163196285263,67.40163196285263,66.36373745194615,66.5234146118164,71200
2005-12-08,66.48657502581922,67.23582406601228,66.48657502581922,66.73223114013672,75800
2005-12-09,66.88574649455575,67.35863051381978,66.68921791091432,67.09455108642578,160300
2005-12-12,67.30954985112865,68.66065678409193,67.30954985112865,67.85613250732422,96900
2005-12-13,68.00966073027854,68.9370106938695,67.80085599815344,68.53167724609375,60100
2005-12-14,68.68519104371948,69.61254072719115,68.66062964718475,69.28704833984375,95500
2005-12-15,69.44055664407256,69.74148283586877,69.20104329144914,69.6739273071289,71600
2005-12-16,69.91960430792061,69.93188969073732,69.20106403466586,69.20720672607422,85600
2005-12-19,69.36074007138443,69.36074007138443,68.16931097480689,68.32284545898438,86300
2005-12-20,68.16936108791691,68.16936108791691,67.00863990909811,67.37097930908203,67200
2005-12-21,67.524498360626,67.55520714716681,65.81105677531775,65.88475036621094,164500
2005-12-22,65.88472836256037,66.87963367687472,65.31357979637089,66.71381378173828,172000
2005-12-23,66.56029015614935,67.38323770305085,66.32691934892466,66.80594635009766,31700
2005-12-27,66.81206008475637,67.80082243984474,66.63395953847646,66.646240234375,54400
2005-12-28,66.52344357433483,66.52344357433483,65.90316273691995,66.32691955566406,34000
2005-12-29,66.20407047389695,66.4497218965529,65.80487988383021,66.17950439453125,30200
2005-12-30,66.17338879858913,66.62171173095703,65.83561092588026,66.62171173095703,37300
2006-01-03,67.2357976800792,67.2665017538815,64.93891930092049,66.94100952148438,124500
2006-01-04,67.09455653742606,67.39548275595149,66.73221747427296,67.05156707763672,78200
2006-01-05,67.20513728905267,67.20513728905267,66.22251719569883,66.32691955566406,35800
2006-01-06,66.19792180510098,67.81310272216797,66.19792180510098,67.81310272216797,69100
2006-01-09,68.65451804504917,69.08441296159798,67.86842180592951,68.5992431640625,95900
2006-01-10,68.45794202266234,69.46512765022382,68.2307093475358,68.88169860839844,76900
2006-01-11,68.32898477240356,69.12122323385466,67.7946831070992,67.87451934814453,88200
2006-01-12,67.75169638244527,68.77730560302734,67.56745312888536,68.77730560302734,94400
2006-01-13,68.6237798674103,69.31775881684402,68.6237798674103,69.18264770507812,47400
2006-01-17,69.79680017783271,70.31881665696301,68.1877565727878,68.65450286865234,111000
2006-01-18,68.34743127528527,68.38427806276786,66.95947782558359,68.10791778564453,129200
2006-01-19,70.53374985228801,74.15102237383012,70.53374985228801,73.29737091064453,553600
2006-01-20,80.08358687775277,80.31082429705596,76.80409239409639,77.99552154541016,674100
2006-01-23,76.76726768141151,78.9720213601806,75.4284463456276,78.72022247314453,245100
2006-01-24,79.21764976640559,79.26678192210193,78.43769202260209,79.19922637939453,121000
2006-01-25,79.69668474474948,80.28011392560678,79.05183802022235,79.52472686767578,126300
2006-01-26,79.58615968275947,83.86670328809727,79.58615968275947,82.91478729248047,295200
2006-01-27,82.92089586828932,82.92089586828932,80.86353030409336,81.7540283203125,228800
2006-01-30,81.85233943394206,82.29451969241758,81.08466667561727,81.92603302001953,229000
2006-01-31,82.171640554356,82.28832823719293,81.20130169355322,81.55750274658203,86200
2006-02-01,76.14697197269143,80.91268433139962,75.538976643356,79.55543518066406,385300
2006-02-02,78.7570471740652,79.50629615703141,78.7570471740652,79.26063537597656,96200
2006-02-03,79.1132690421219,79.75196849849398,78.64038011410418,79.62914276123047,80500
2006-02-06,79.47558056005393,80.69157086605426,79.38960163682157,80.17569732666016,67200
2006-02-07,80.3906760664442,80.77758608031715,79.56773323563877,79.95464324951172,98300
2006-02-08,80.10815911260686,80.69772632198104,79.84407490992741,80.5196304321289,82400
2006-02-09,81.37326008220728,84.7510180478838,81.37326008220728,82.48484802246094,255700
2006-02-10,82.48486988056408,82.48486988056408,80.53191561914707,80.7652816772461,211500
2006-02-13,88.98854961335414,92.12065565398883,87.05401959301945,87.201416015625,1449400
2006-02-14,87.36111640784956,90.28440944273476,86.74084050146655,89.63957214355469,450600
2006-02-15,95.52914611591133,99.17712650820458,92.88835144042969,92.88835144042969,2536000
2006-02-16,92.73483368323723,93.96310962606157,91.1994887547068,92.67341613769531,338500
2006-02-17,91.9978492794407,92.00398728421229,88.4419859777667,90.02032470703125,442700
2006-02-21,91.1994832158052,91.76448899066916,89.02543905228511,89.2158203125,209700
2006-02-22,88.28232298267174,90.15544544885203,87.88313709671557,88.69379425048828,266100
2006-02-23,88.55872868711894,88.55872868711894,86.15744601855779,87.08480072021484,473600
2006-02-24,88.74294509621862,88.74294509621862,87.42255208367247,88.1288070678711,247000
2006-02-27,88.06125150991275,88.7368070894961,87.35499652571414,88.1288070678711,168400
2006-02-28,87.97528277616743,88.28848983343224,86.63646621699236,87.26902770996094,184400
2006-03-01,87.42254947581698,88.55256116522703,86.59345941387889,87.58222198486328,204500
2006-03-02,87.72344542134455,88.22704294021486,86.68555098889199,87.51464080810547,108900
2006-03-03,87.51466105495194,87.83495945771843,86.44906429417681,87.06501770019531,122800
2006-03-06,86.94184617427008,87.21903281098328,84.59506448112647,84.71209716796875,205900
2006-03-07,84.57039088316182,84.57039088316182,83.31384087431734,83.98523712158203,110300
2006-03-08,83.1536611508176,83.4616376735984,81.95255459171197,82.36524200439453,132200
2006-03-09,82.16813993405343,83.33845646545925,80.59746704507734,81.33660888671875,394400
2006-03-10,81.24424380395871,82.09426244185086,81.19497580639313,81.45983123779297,195500
2006-03-13,81.45985020472351,83.1783563307013,81.45985020472351,82.69175720214844,235400
2006-03-14,82.78415247916202,85.12477782398376,82.71639721343516,84.7305679321289,482800
2006-03-15,84.38564328509995,85.93168343912488,83.83128880402332,85.50668334960938,554200
2006-03-16,86.78783592677546,87.36683366410303,85.580572447785,86.22732543945312,267400
2006-03-17,86.23348010203377,86.94182278624767,86.14109084712011,86.5168228149414,219600
2006-03-20,86.23348159031913,86.74472407330617,85.99326012469425,86.22732543945312,236100
2006-03-21,86.07336142563845,86.23350598178466,85.40196484319208,85.89472961425781,178000
2006-03-22,85.91935268996804,86.49218490419754,85.27259966841235,86.04254150390625,172100
2006-03-23,85.94399933050038,86.04871030767978,85.03854684692527,85.54978942871094,71600
2006-03-24,85.61755236762905,86.23350598178466,85.46972011669745,85.89472961425781,115200
2006-03-27,85.77150363336236,86.11027985420405,85.18018428437485,85.98709106445312,109000
2006-03-28,84.38558858814994,86.32583741299604,84.38558858814994,85.06314086914062,181400
2006-03-29,85.01390863815007,86.22117229077708,85.01390863815007,86.0487060546875,196600
2006-03-30,86.11029784456362,86.52914169696301,85.51282222080836,86.07949829101562,123400
2006-03-31,86.22732620991883,86.78168055132846,85.96862689068075,86.23348236083984,145000
2006-04-03,86.38746349007968,88.80815581660613,86.38746349007968,87.62552642822266,226400
2006-04-04,87.89654602181324,90.04006116661239,87.89654602181324,89.37483978271484,206400
2006-04-05,89.38714619866957,91.15493868558326,89.38714619866957,90.48970794677734,141300
2006-04-06,90.3357372103435,91.15495644462253,89.80601685579856,90.95169067382812,69100
2006-04-07,90.95167477865843,92.08502669771093,90.26796617773068,90.89007568359375,148400
2006-04-10,91.16108726144738,92.02958365928868,90.785355377192,91.14876556396484,152100
2006-04-11,91.14879743462232,91.57380685871321,87.31140971342278,87.71794128417969,255700
2006-04-12,87.24982093136373,89.62124597612494,86.96648754756666,89.24551391601562,160300
2006-04-13,89.32554227418358,89.32554227418358,87.90269178118707,88.08131408691406,92300
2006-04-17,88.08133184067127,88.97446234672778,87.92118734813023,88.18604278564453,78200
2006-04-18,88.2045028044495,90.94549286496526,88.2045028044495,90.85310363769531,203700
2006-04-19,93.62487607297666,98.15829150087927,93.07052201360308,96.27963256835938,626200
2006-04-20,96.39672206577502,96.39672206577502,93.62493133544922,93.62493133544922,277600
2006-04-21,93.62492258036642,94.24087601839514,91.77706226628023,92.88578033447266,148300
2006-04-24,92.8857678933061,93.07055577970485,90.66833205392572,91.24732971191406,177000
2006-04-25,91.06868701260484,91.23498761434922,89.9291698001773,90.99476623535156,69900
2006-04-26,90.85313811629692,94.73364691219146,90.82233856261836,94.17928314208984,195100
2006-04-27,94.0561169813374,95.71918989481755,92.2390556610775,94.53656005859375,217800
2006-04-28,94.85684065318576,95.2572066756816,93.21224590736793,93.34159088134766,225700
2006-05-01,93.34159632080586,93.9267597090681,87.69330342605788,87.98896789550781,408300
2006-05-02,88.14294744823609,89.86760968698412,87.90888211638988,89.3132553100586,145900
2006-05-03,89.92917673805294,90.11396459739187,88.08131694206556,89.28858947753906,62900
2006-05-04,89.62121570908214,91.0810221944906,89.57809446162493,90.33572387695312,228800
2006-05-05,90.45276582804485,92.85498046875,90.11398955853424,92.85498046875,75500
2006-05-08,90.39117812807038,90.99480993980961,86.88024498000894,87.76721954345703,495500
2006-05-09,87.76724450830456,88.20456636411457,87.21288054911174,87.4531021118164,237000
2006-05-10,87.31139924829097,88.01974193773749,86.38746909751539,87.53929901123047,139400
2006-05-11,87.53928225446518,88.42625653321771,86.8062963046988,86.81246185302734,131500
2006-05-12,86.81247100830228,86.97261550380416,85.8638975384377,86.16571807861328,171500
2006-05-15,86.14109677012753,86.1472529213106,85.00157908808819,85.31571197509766,342900
2006-05-16,85.31573171315854,86.75707031329942,85.31573171315854,85.89472961425781,95500
2006-05-17,85.7406858234719,86.2334502762189,83.46166080305473,83.70803833007812,328000
2006-05-18,83.68345674120529,84.2008555111806,81.18268662095187,81.1888427734375,208300
2006-05-19,81.19497883410074,81.97723285742974,80.5297480577316,81.58302307128906,119400
2006-05-22,81.42901846445572,81.6138063207712,79.0452823742182,80.51741027832031,159000
2006-05-23,80.93630398598214,83.01823028260684,80.93630398598214,81.7678451538086,162000
2006-05-24,81.93413912500733,84.38563148091784,80.83774262116624,83.46785736083984,215400
2006-05-25,83.70805355891889,85.53127954616866,83.3446433508998,84.0653076171875,327400
2006-05-26,84.06532533507763,86.23348413936152,83.8990246684471,84.5704116821289,173800
2006-05-30,84.41641737294584,84.69975068046281,81.61382745603568,81.84789276123047,134600
2006-05-31,82.35295474407725,83.1536959178412,81.92794546114938,82.5377426147461,176900
2006-06-01,82.51925799690626,82.52541414589956,81.4906171929808,82.2297592163086,176700
2006-06-02,82.59937614155686,84.81680331795975,82.59937614155686,83.80048370361328,480400
2006-06-05,83.41119596849948,84.27619719260586,83.3494061262892,83.71395111083984,302200
2006-06-06,83.7077536005908,83.71393824054475,81.47110118797725,81.85417175292969,292200
2006-06-07,81.92837267111939,82.71304935596895,80.93979129637526,81.56382751464844,390500
2006-06-08,81.7182699603461,82.11370051433002,80.47637308638289,81.78005981445312,463100
2006-06-09,82.17549049513508,83.56567736441369,81.43405938374812,81.9963150024414,100900
2006-06-12,82.30524996104174,82.8736808254091,78.82051034623592,79.32715606689453,124800
2006-06-13,79.02441891978086,79.02441891978086,75.9968992272946,76.36143493652344,370700
2006-06-14,76.51587353494556,77.04723416065241,74.56961593040214,75.69412231445312,226700
2006-06-15,76.46027362790696,79.5557528268321,76.09573802035479,79.29007720947266,298700
2006-06-16,79.2900725808914,79.58046789275089,78.38799643560876,79.06146240234375,103800
2006-06-19,78.90700944833901,79.1726898052925,78.21500359178695,78.58572387695312,122800
2006-06-20,78.46833750306975,79.43219903796502,78.00494180915398,78.622802734375,169100
2006-06-21,79.06147099588667,81.66883973071934,79.06147099588667,81.08805847167969,101600
2006-06-22,81.08808166578507,81.41554724411156,80.3590007776431,81.29197692871094,152100
2006-06-23,81.44638043418541,82.16309149128388,80.8903002947392,81.58848571777344,109200
2006-06-26,81.88507789821111,83.13315915323805,81.61940232229382,82.8860092163086,140100
2006-06-27,82.79333853209917,83.17640917109584,81.84801236129302,82.40408325195312,112000
2006-06-28,82.40408038602772,83.0466608079779,81.58850914623714,82.62651062011719,222500
2006-06-29,82.78103242156448,84.7520109552848,82.66982194235389,84.64080047607422,88400
2006-06-30,84.79523438918767,86.30280708501465,84.51101422333441,85.98770141601562,131200
2006-07-03,86.14213963665674,87.58793144511438,85.96296417778552,86.88975524902344,70500
2006-07-05,86.77859457644442,86.90216491795486,84.98680105501116,85.89505767822266,51700
2006-07-06,86.34604525749587,87.06276603536605,85.83939488519913,86.79708099365234,94000
2006-07-07,87.04424737381747,88.00810887783813,85.78380584716797,85.78380584716797,76200
2006-07-10,85.88884093116299,86.75385185405415,85.68494570136313,86.01242065429688,56500
2006-07-11,85.85795424015798,87.04424602891652,85.01766304464454,86.80945587158203,81800
2006-07-12,86.96391188489615,87.66209764019567,85.63551487056625,86.22248077392578,101200
2006-07-13,85.88265173552855,85.88265173552855,83.17024318372741,83.92403411865234,239500
2006-07-14,84.07850408550428,84.1464691548929,81.63177101532199,82.16313171386719,186500
2006-07-17,82.0086482750921,83.63980015003499,80.96446218104722,83.46062469482422,99400
2006-07-18,80.32189105007701,82.05190289671681,78.08523361767746,79.06763458251953,1065600
2006-07-19,79.17886845974608,81.7182770683752,79.06765802604981,80.88417053222656,577300
2006-07-20,81.03864452808341,81.69975084263955,79.37659706283334,79.52488708496094,204500
2006-07-21,79.67931551771257,79.85849096235303,77.5415134682809,77.98637390136719,278200
2006-07-24,78.37562390463157,80.29099101094032,78.33855377342066,79.70402526855469,222300
2006-07-25,78.77723338917457,81.34135133228828,78.62276822566638,80.85942077636719,181600
2006-07-26,80.70497810951106,80.70497810951106,78.77725534847059,79.11708068847656,116100
2006-07-27,79.27152208348492,81.18688441287792,78.93169684555554,79.42598724365234,78300
2006-07-28,79.58047894719724,81.86656219461733,79.58047894719724,80.31573486328125,156000
2006-07-31,80.31573548921187,80.42694591714591,78.79579364612124,79.80290985107422,159700
2006-08-01,79.74109843008307,80.38367882150986,77.95548142905832,78.62895202636719,114200
2006-08-02,78.4744980863372,79.30243397325746,78.16556769988557,78.59188842773438,130600
2006-08-03,77.85045614025907,79.8152488413087,77.8442762127359,79.27153778076172,140800
2006-08-04,79.27154552836794,80.3219070425941,78.43742964564858,78.56100463867188,141400
2006-08-07,78.40651746971152,78.62276775454663,77.1955111607322,78.2520523071289,138500
2006-08-08,78.1284916615085,78.78342727629382,77.44884576441751,77.49827575683594,83600
2006-08-09,78.00493055228554,78.4621462510751,76.02159783420879,76.68270874023438,352000
2006-08-10,76.30578412934459,78.3694362714651,76.05863894646909,77.78865051269531,385700
2006-08-11,77.81960629427309,77.85050123588158,77.23264011496188,77.45507049560547,119000
2006-08-14,77.60950846781937,78.46215481766647,76.24403643671646,76.5158920288086,196000
2006-08-15,77.13376406536534,79.88942824102155,77.13376406536534,78.66606140136719,205700
2006-08-16,79.08619363595677,80.43931048864641,77.93697200757192,80.15509033203125,272900
2006-08-17,80.00063362664012,82.05193651779473,79.83381795720318,81.6874008178711,152800
2006-08-18,81.58849165253892,82.89217785629496,81.279561361865,82.20635223388672,143000
2006-08-21,82.05191692147419,82.58327759174075,81.1930907782558,81.31048583984375,77100
2006-08-22,80.93975900213854,82.34230555745772,80.6370038378147,81.83565521240234,124200
2006-08-23,81.99011689115598,83.38648817314643,81.60087104261203,81.86654663085938,201400
2006-08-24,82.02105237059341,82.39794797893796,79.72878378322352,80.32810974121094,123500
2006-08-25,80.26013494601105,80.59996035962867,78.9502727274959,79.33334350585938,72800
2006-08-28,79.17883108597364,80.48251731207897,79.17883108597364,80.16741180419922,50400
2006-08-29,80.19833676347479,80.3404421130716,78.21499937211061,78.56100463867188,100700
2006-08-30,78.28297365370102,80.29102156611306,78.28297365370102,80.1921615600586,64500
2006-08-31,80.14880082034448,80.68808205558328,79.59091487432774,80.6756820678711,70800
2006-09-01,80.83061947827962,82.90717685003949,80.73764325022536,82.55384826660156,117000
2006-09-05,82.39889401479917,82.87619412713876,81.73564141829105,82.51667022705078,100800
2006-09-06,82.51662063998232,82.82035861229318,81.9215541314043,82.59101104736328,100400
2006-09-07,82.59106230677402,82.59106230677402,81.69845253150504,81.89060974121094,102300
2006-09-08,81.93398812573746,82.69022636956655,81.51867850960454,82.44847869873047,195600
2006-09-11,82.29352086501515,82.34931607076949,81.04759188240773,81.76663970947266,103300
2006-09-12,81.82859839587329,84.14690322303268,81.69222696731009,83.81837463378906,260000
2006-09-13,83.97333564780489,89.41576406618258,83.09312614174718,89.19261169433594,326500
2006-09-14,89.19880433677864,90.66168996295079,88.96326144893352,90.43853759765625,132800
2006-09-15,91.05842293444329,92.24857543278613,90.92825621202262,91.74028015136719,121200
2006-09-18,91.74644013593955,92.32911617755059,90.2091738161064,90.83523559570312,161000
2006-09-19,89.69469272020736,90.28356408271469,88.78348808599814,89.9798355102539,240100
2006-09-20,90.74850210284183,91.7092976019271,89.00667778599568,89.92408752441406,177000
2006-09-21,90.07901439070775,90.58110479849461,89.16780977716377,89.5521240234375,80100
2006-09-22,89.38480231923515,89.80631671655442,88.888906922914,89.50877380371094,51700
2006-09-25,90.12862573633576,91.2443878284005,89.4095874622642,91.05842590332031,54600
2006-09-26,91.21335537639554,92.65764551475021,90.87243635435311,92.32292175292969,83800
2006-09-27,91.74644817378733,93.32710982849939,91.64727671038352,92.55227661132812,103600
2006-09-28,92.8250306829932,93.45109259342192,91.7712592714301,92.91800689697266,64300
2006-09-29,92.91800650843143,94.43048263893574,92.02540648271776,92.3601303100586,301800
2006-10-02,92.36016205319402,92.36016205319402,88.78352762599862,89.69473266601562,228500
2006-10-03,90.06664503938946,90.56254035514822,89.76911163330078,89.76911163330078,88800
2006-10-04,89.82486560683749,92.05018429037005,89.2855752671528,91.39932250976562,214300
2006-10-05,91.49231918733265,93.17835719264258,91.13899066504273,92.422119140625,186700
2006-10-06,92.51509475306351,92.88701851533597,91.9262233448106,92.37252807617188,111900
2006-10-09,92.26712796958213,93.37048953102452,92.0811661366444,92.99237060546875,106300
2006-10-10,92.85605965588078,95.92439879178583,92.85605965588078,95.2735366821289,179100
2006-10-11,94.09577332299887,94.62265437862536,92.9862065581565,94.53587341308594,305300
2006-10-12,94.69084682334956,95.45328978018156,93.84163235323163,94.14537048339844,270200
2006-10-13,93.99040907684926,94.67225690476789,92.47793252055337,92.67008972167969,182000
2006-10-16,92.67007596819423,92.81884738815609,91.55431396451947,92.04401397705078,210400
2006-10-17,92.19895452437831,93.27132101301659,90.87244047891888,92.0191879272461,116100
2006-10-18,92.20520280716147,93.74867481716576,91.90146461641314,92.18041229248047,120300
2006-10-19,91.74028596538516,92.08121459545337,90.81048576979003,91.0274429321289,77600
2006-10-20,90.90346162583579,91.24439025447828,89.74431374686796,90.25880432128906,120500
2006-10-23,90.25880801641817,92.00682753001294,89.84969364529833,91.89525604248047,87100
2006-10-24,91.49233857739152,92.14939583695595,90.86007182679985,91.12041473388672,76900
2006-10-25,91.12044505512357,91.71552151106563,90.581163815165,91.12664031982422,38000
2006-10-26,92.05017337205278,94.28789176973682,91.03978797097412,94.20111083984375,196400
2006-10-27,93.90982336344129,94.79622837726065,92.5771134819144,92.67008972167969,161600
2006-10-30,92.36016722648374,98.24890272078974,90.81049999114005,96.0793685913086,632900
2006-10-31,97.0091501145623,97.33767874805334,93.22795901043646,93.50070190429688,425100
2006-11-01,92.73204178322624,93.43248456901762,91.13278491265756,92.39111328125,562800
2006-11-02,92.23617152348504,92.65767636079514,90.93444760418608,91.10181427001953,234400
2006-11-03,91.89522753966183,92.20516085345496,89.58312766712106,90.09761810302734,137300
2006-11-06,89.88066161396671,90.38275207239502,89.11202358548023,89.42816162109375,339000
2006-11-07,89.27942730558065,90.50676109798775,89.27942730558065,90.3827896118164,308000
2006-11-08,90.38272978829909,90.41992026369263,88.74008740233826,89.53971099853516,187600
2006-11-09,89.5087820002943,89.58936772887112,88.4550100981261,88.78353881835938,220100
2006-11-10,89.44675036265532,89.44675036265532,87.28341256979768,87.87228393554688,220300
2006-11-13,87.71114148072104,88.53556535897727,87.28343192764524,87.7855224609375,137100
2006-11-14,88.17604152390507,88.56035586624422,87.2276461924829,87.7855224609375,102600
2006-11-15,88.23802696909601,89.74429848343911,88.23802696909601,89.26080322265625,219200
2006-11-16,89.41577378053542,90.28978812009105,89.30420231169792,90.11622619628906,193700
2006-11-17,90.11621195836675,91.58529281644569,90.11621195836675,91.22576904296875,187700
2006-11-20,90.99643292724788,92.0811996459961,90.53153290492722,92.0811996459961,253900
2006-11-21,92.23615725828368,93.9036000212009,92.20516203482443,92.422119140625,137600
2006-11-22,92.51512727106075,93.17838933994561,92.21138910983065,93.07920837402344,91300
2006-11-24,93.16595600261967,93.36430840503941,91.83944179813916,92.82502746582031,35700
2006-11-27,93.13497619408749,93.13497619408749,90.71749973015298,91.1080093383789,373800
2006-11-28,91.23196998143077,91.33735563646114,89.39716997454494,90.0108413696289,195400
2006-11-29,89.75669238499339,90.18440188480643,89.16782096197568,89.63272094726562,435200
2006-11-30,89.36541948740174,89.88140878693227,88.82456746236207,89.12918090820312,238300
2006-12-01,89.13536587567238,89.39646706957073,87.61226134898413,88.46395874023438,89800
2006-12-04,88.96127935748892,90.68330420690914,88.96127935748892,90.60249328613281,124700
2006-12-05,90.39115722682234,91.55369098890095,90.23573913703346,91.19933319091797,221700
2006-12-06,91.0749956948823,92.00129087491827,90.85740658654873,91.44178009033203,109700
2006-12-07,92.06343640465477,93.05189295375912,91.49149910292209,91.89559173583984,158300
2006-12-08,91.78991636735326,92.0510270954169,90.95066440760702,91.47908020019531,99800
2006-12-11,92.94002458523767,92.94002458523767,90.3290023803711,90.3290023803711,79900
2006-12-12,90.40357478329513,91.07498193175635,89.55810016885863,90.8263168334961,107300
2006-12-13,89.89384915138596,91.07502313139845,89.89384915138596,90.87608337402344,123500
2006-12-14,91.0128265846237,92.08832656039218,90.79524695767489,90.80146026611328,92400
2006-12-15,90.91958349604946,90.93823290814561,90.23574009929901,90.67713165283203,116200
2006-12-18,91.14337468860198,91.14337468860198,89.62649278537326,90.13626861572266,106100
2006-12-19,89.83165135064624,90.67712609573805,89.52081518680316,90.6087417602539,83800
2006-12-20,90.08034579250985,92.10078151478326,90.02439754144892,91.298828125,112100
2006-12-21,92.16293392310837,93.52439800606804,92.03237854439976,92.87785339355469,190100
2006-12-22,92.81568938597648,93.30059308953209,92.62918577246253,92.97110748291016,127300
2006-12-26,92.81568689701804,93.34410272084173,92.62918328850539,92.71621704101562,75700
2006-12-27,92.71624710333882,94.66208529119685,92.71624710333882,94.27664184570312,91900
2006-12-28,94.4319871167443,95.42666625976562,94.24549307764572,95.42666625976562,119800
2006-12-29,95.42670931593811,95.58212740928654,94.30769714663586,94.4320297241211,81900
2007-01-03,95.05369406190681,98.47911462074883,95.05369406190681,96.43380737304688,243200
2007-01-04,96.51467423763714,98.11859073526516,95.42674715283286,97.4720458984375,248600
2007-01-05,97.47826722938125,97.91964947071857,97.05552492151112,97.44718170166016,165500
2007-01-08,98.22426233494457,99.33705201921609,97.3539245643395,99.24380493164062,260600
2007-01-09,99.4675978913331,100.30685954292896,99.2624448323659,99.8716812133789,243200
2007-01-10,99.74733830330442,102.52621479104586,98.78374415113554,102.51377868652344,293800
2007-01-11,102.60703186506588,104.68341541147318,102.51377531316889,104.45339965820312,313500
2007-01-12,103.83170304244952,108.1025884134452,103.83170304244952,107.23846435546875,427900
2007-01-16,107.549282255816,107.8539050251293,105.25531049803882,106.59191131591797,333200
2007-01-17,106.9152221350775,108.85484657221119,106.49870274420388,107.66744995117188,210900
2007-01-18,107.97825379105032,108.10879965040701,105.32371064786511,105.7215805053711,305700
2007-01-19,106.05726774446961,106.05726774446961,104.98799093638885,105.48532104492188,159100
2007-01-22,105.62212815628092,106.03243418269199,104.81396169245983,105.2366943359375,219600
2007-01-23,108.79269450907064,109.97386854078107,104.87615560955007,109.50761413574219,786900
2007-01-24,106.40547366886621,107.58664769432652,103.58307503982215,106.92146301269531,1242700
2007-01-25,106.86546463920651,107.48713693957646,105.00044773809668,105.49778747558594,390900
2007-01-26,105.07510312622871,105.68433960434663,104.13637145048641,105.16835021972656,303800
2007-01-29,106.10082962706984,106.53599841913483,104.54043528481961,104.8015365600586,198000
2007-01-30,104.95694023258362,105.0999222118957,102.98624009192774,104.51554870605469,428000
2007-01-31,103.35308671687622,104.9259178942011,103.19766854136212,104.29180908203125,214700
2007-02-01,105.37346263110824,106.29353504697868,104.42851800925993,105.26156616210938,303700
2007-02-02,105.26156286655608,105.68429549527306,104.53419789696716,105.11235809326172,183600
2007-02-05,105.61592654307486,106.46761471884199,105.32373974821188,106.08839416503906,293000
2007-02-06,105.69049136780637,106.40542011685376,105.44182627263835,106.1816177368164,157900
2007-02-07,106.89660501855543,107.38150890285472,106.41791444550103,107.26338958740234,243800
2007-02-08,107.5804240898635,108.5377955310426,107.5804240898635,107.8228759765625,326700
2007-02-09,109.94898438195774,112.08753902064824,107.3628248427986,107.97206115722656,324700
2007-02-12,107.56176985569704,107.81043504107978,105.74648744169039,106.50492858886719,314700
2007-02-13,106.92766102381098,107.3006682868862,105.72783775279717,106.0013656616211,183200
2007-02-14,105.8459243445159,108.39478461613622,105.8459243445159,107.0146713256836,466400
2007-02-15,106.86551901923524,109.48276490944049,106.1505993043994,109.15949249267578,419900
2007-02-16,109.46409372788521,109.78736608038201,107.30067610787931,107.88504028320312,179300
2007-02-20,108.10888758530685,108.79273140567473,107.4561387856515,108.17105865478516,219000
2007-02-21,107.76693027838323,108.13992808198702,107.26959038760874,107.3255386352539,188800
2007-02-22,108.54402589482775,109.35219258285927,107.99695104117086,108.79890441894531,304300
2007-02-23,108.80510732602177,108.8983543926818,107.97205909133042,108.38858795166016,214300
2007-02-26,108.38856400955737,108.63722912303484,103.69493647643334,104.17984008789062,427700
2007-02-27,103.9746579406867,103.9746579406867,99.09452819811366,101.35741424560547,283800
2007-02-28,101.82992307464863,101.82992307464863,98.39828937523524,99.00131225585938,515800
2007-03-01,98.22423760670878,99.30595098011084,95.91782886629501,98.5599365234375,258000
2007-03-02,98.22423619077112,98.34856876976842,96.48355162690568,96.79438781738281,218300
2007-03-05,96.4759917199617,97.11283128064373,95.02123355826787,95.22102355957031,235200
2007-03-06,96.30746468065948,97.33141400509948,95.80797511403655,96.83192443847656,326000
2007-03-07,96.71950521379927,98.30537370565592,96.55716569222221,97.27518463134766,246400
2007-03-08,97.43121435159041,99.52281108139096,97.43121435159041,98.37399291992188,216600
2007-03-09,98.76113096016205,99.64147969436208,98.2741315597461,99.03585052490234,169900
2007-03-12,99.04206189184839,99.66017114638525,98.51135298104028,99.46662139892578,228100
2007-03-13,99.4666198324588,99.57900939412549,95.63929653452472,95.7516860961914,272100
2007-03-14,95.74545291934767,96.60082166908131,94.47800495838507,95.90154266357422,308300
2007-03-15,95.358375084955,98.04312146972843,95.358375084955,97.35008239746094,212600
2007-03-16,97.91200255909952,98.70493178846492,97.29388359561933,97.44373321533203,174400
2007-03-19,97.44372690403752,98.97340475587671,97.44372690403752,98.84228515625,154900
2007-03-20,99.36047213317904,99.36047213317904,96.20121771353054,96.35730743408203,491700
2007-03-21,96.40728169857573,99.1357276560411,96.40728169857573,98.91719818115234,329500
2007-03-22,99.70391975300217,99.9536596161561,98.49890157221992,98.7611312866211,194600
2007-03-23,99.27935702330976,100.14097580318314,98.96093724799233,100.12224578857422,138600
2007-03-26,100.36573043861104,101.07749946779695,98.59879295235032,99.60401153564453,164200
2007-03-27,99.67893819523324,99.71015805928768,98.71118909830014,99.004638671875,103800
2007-03-28,99.29184768924115,99.58529728980726,97.71221959783595,97.83708953857422,152900
2007-03-29,98.1804432560522,98.64871246077105,96.47594601842476,97.40623474121094,146900
2007-03-30,97.64972639047052,98.77357429562133,97.34379663223544,97.59353637695312,202200
2007-04-02,97.5061403582135,97.6934499568276,95.97646276896191,96.2137222290039,184700
2007-04-03,96.61954590698937,97.63100434055444,96.61954590698937,97.40623474121094,153600
2007-04-04,97.40625708703499,97.74965648799983,97.10032723369103,97.26265716552734,143700
2007-04-05,97.1502776666224,98.0243765769049,97.0253982277561,97.71843719482422,111700
2007-04-09,97.56234729598177,98.19295606975801,96.88803834023018,97.00666809082031,211500
2007-04-10,97.00666808467473,99.06081481147523,97.00666808467473,99.01710510253906,182200
2007-04-11,98.80483261148109,98.8110727730922,97.48743446224944,98.0431137084961,113200
2007-04-12,97.24392771880852,98.43020617232958,95.9764795354171,97.71843719482422,288200
2007-04-13,97.94318340766507,98.67368222078761,97.56857376160706,98.5613021850586,193800
2007-04-16,99.02340642180746,100.48440515746482,99.02340642180746,100.27212524414062,248900
2007-04-17,100.52185092826585,101.4521497485524,100.24089113851818,100.89022064208984,201200
2007-04-18,100.45938042063186,101.66439849812524,99.89746101321822,100.14096069335938,306300
2007-04-19,98.64874183263257,98.64874183263257,95.63932627466893,97.6872329711914,1000600
2007-04-20,98.33654029221113,98.59252976293476,96.21372355065616,96.67574310302734,354900
2007-04-23,96.83183176218378,97.38751087238973,94.97124467239873,95.3333740234375,346300
2007-04-24,95.14606426826823,95.87032296915766,93.65384669205334,95.31464385986328,332800
2007-04-25,95.83910268200015,95.89529270329072,94.19079536874324,95.41454315185547,319100
2007-04-26,95.68305164048692,100.80279540199095,95.39584220389361,95.47077178955078,288800
2007-04-27,95.47075629665005,95.9078057797022,93.84117859579798,94.58416748046875,358200
2007-04-30,94.58416854764577,94.62786873296196,93.3292005922656,93.46656036376953,463500
2007-05-01,93.41657867215375,93.66007827016303,92.09294080881727,92.93582916259766,385900
2007-05-02,92.57993386678615,94.15332091027881,92.33019412583323,92.81094360351562,400900
2007-05-03,92.96707824825013,93.59768711837295,92.71109822451116,93.01078796386719,286500
2007-05-04,93.05449617039294,93.49155525636164,92.66739649341412,92.97957611083984,266000
2007-05-07,93.80371175756994,93.97853153808992,91.81200476489927,92.66737365722656,441400
2007-05-08,92.30523539308282,92.62366459110034,91.53727646467827,91.98057556152344,304600
2007-05-09,91.56224680727263,92.13041580402277,90.282318433159,91.23758697509766,451500
2007-05-10,90.68812647205677,91.71207464460433,90.53203675351622,90.9378662109375,343800
2007-05-11,91.93688246883919,94.52796906379663,91.93688246883919,93.08570098876953,424700
2007-05-14,92.9670234670956,93.21677270853084,90.94410700974701,91.59968566894531,446600
2007-05-15,91.69337367855726,92.44260265943024,90.1949157168113,90.41968536376953,390800
2007-05-16,90.76934920475868,91.21888861894796,89.71418056664677,90.34477996826172,273000
2007-05-17,90.63824305342735,92.77355082492977,90.25114331634407,92.46762084960938,528900
2007-05-18,92.6548839490812,93.08569323993382,92.28027421609544,92.53001403808594,350000
2007-05-21,93.77873862730677,93.84117835056428,91.59973137929673,92.60494995117188,644000
2007-05-22,92.60491186063277,93.07942117053499,91.84319327963166,92.01801300048828,247200
2007-05-23,92.4675610325396,93.40409942438724,91.53102264069199,92.01177215576172,337900
2007-05-24,92.00555437171923,92.53001371223047,90.71937619176683,91.33124542236328,327600
2007-05-25,91.17516365240495,91.46237304615038,89.97015509571622,90.51958465576172,308600
2007-05-29,91.78075347838057,92.2302926249213,90.53203574398084,91.41238403320312,284700
2007-05-30,91.09395628023296,91.46857541695688,90.60695711866812,91.42486572265625,190600
2007-05-31,95.08367137668957,96.4447795728125,93.65389280506425,95.86412048339844,999000
2007-06-01,95.73918855271836,96.52588684025204,95.57061851421298,96.33857727050781,410000
2007-06-04,95.15232103690603,95.71424993131859,94.6091316799078,95.48323059082031,215000
2007-06-05,95.69645074526363,97.46488600737212,95.06934427791299,95.44560241699219,249100
2007-06-06,94.81853067383491,95.82190521660327,94.73701331006826,94.84362030029297,254500
2007-06-07,94.84986570150944,95.13206173527381,93.46395601549465,93.66463470458984,369200
2007-06-08,93.66463505762493,95.45189255967996,92.8744842463292,95.3327407836914,520500
2007-06-11,95.74031988595425,96.98826489660067,95.22609768388605,96.78131866455078,305900
2007-06-12,96.26086982366715,99.08284972077792,96.26086982366715,97.38966369628906,892000
2007-06-13,98.0167105981716,98.7817810028054,97.08231882362514,98.43060302734375,403100
2007-06-14,98.46824671412206,99.41517390550138,98.34909497060146,98.59366607666016,287200
2007-06-15,99.22079739899092,99.77265421553756,98.44945903505335,99.0201187133789,247100
2007-06-18,99.08283214855899,100.71331296083663,98.65012711005296,100.51263427734375,395800
2007-06-19,100.43110840185442,101.34042053859103,99.05147592971412,101.00177764892578,428000
2007-06-20,101.34666305825029,101.98003706102489,98.83823752330827,99.00128173828125,479000
2007-06-21,98.87584576421106,99.05143475664741,96.29217095931995,98.22992706298828,444800
2007-06-22,98.33655679310397,100.08618907422455,96.12913950185961,97.52131652832031,1890100
2007-06-25,97.45862559294062,98.76300828973359,96.53050106304487,96.90676879882812,267500
2007-06-26,97.45232976647098,99.02009575093084,96.59319706902991,98.01673126220703,584100
2007-06-27,97.82236536710849,100.07994346397265,97.46490999966126,100.02350616455078,316900
2007-06-28,99.86672975810689,100.3370597255705,99.2082658898803,99.58453369140625,203400
2007-06-29,99.64716874576025,100.0234362834699,97.38959222614533,98.19855499267578,480100
2007-07-02,99.11418740989714,104.24391415095558,98.86333906053987,103.77986145019531,600200
2007-07-03,103.78614022325428,104.78951459073183,103.20293568999003,103.94291687011719,145000
2007-07-05,104.25645711432921,104.28153716437772,102.28734305895536,102.78275299072266,211300
2007-07-06,103.15900418734718,103.94288719788933,102.65731714682332,103.88017272949219,130200
2007-07-09,104.09964044795643,104.1623549022852,102.60712446864822,103.03356170654297,200900
2007-07-10,103.04614462897852,103.10884953762022,101.60379776581844,102.75140380859375,420100
2007-07-11,102.71378747658353,103.38479614257812,102.12431530084818,103.38479614257812,333600
2007-07-12,103.7861325902897,104.40069432150594,103.14021361822962,103.66071319580078,359700
2007-07-13,104.75810860944317,106.35723157723916,104.16235954231051,105.88690185546875,332200
2007-07-16,105.85558251857579,106.25693030872954,104.3003610278408,104.77069091796875,365400
2007-07-17,104.53866067538875,105.15949960886985,102.26227039039799,102.93953704833984,517000
2007-07-18,103.47258670611949,110.37075915319411,103.46004189510914,109.30467987060547,1449800
2007-07-19,112.0325668949383,112.86035202734662,107.93756241657633,109.68719482421875,1370600
2007-07-20,108.81554415012697,109.17926714056205,105.89322498375698,107.5550537109375,753100
2007-07-23,108.48945046843764,109.4928249361634,107.24150478992584,108.06929016113281,424900
2007-07-24,107.2352050512938,107.2352050512938,103.23426275985138,104.63898468017578,790600
2007-07-25,105.6674645515647,106.38236570939546,104.60138522060834,105.85559844970703,487400
2007-07-26,104.6327313389678,104.71424868334752,101.27770748033102,103.72341918945312,553900
2007-07-27,103.22800279251457,104.4132337113474,101.03313001179555,102.50055694580078,465900
2007-07-30,101.90479977108102,104.01814547967494,100.09246248406151,103.09629821777344,619500
2007-07-31,103.7861458948787,104.75816307232428,99.84164945456216,100.02350616455078,458900
2007-08-01,100.21163425970116,100.83874084509492,96.1981463718488,97.49626159667969,816000
2007-08-02,97.43350198862166,100.52514099868004,97.37079710045352,99.05143737792969,471800
2007-08-03,99.05150504827202,99.2396389790718,94.00957120239536,94.693115234375,784300
2007-08-06,94.71187788767809,98.01673126220703,94.37951226448332,98.01673126220703,517100
2007-08-07,97.20148782598321,99.77262778312728,96.69980081374975,99.126708984375,571800
2007-08-08,99.67858928234578,103.46631839571702,99.67858928234578,101.89855194091797,595600
2007-08-09,99.67858543569781,102.78276098263078,94.94392901114013,98.09827423095703,751200
2007-08-10,95.94728489163556,102.01140299109562,94.09732281567184,99.08281707763672,789700
2007-08-13,100.69450699154602,105.82423416418729,95.3829135542089,95.80934143066406,786200
2007-08-14,96.88793164424119,97.64045735488577,90.6544929575968,92.1281967163086,1530500
2007-08-15,89.46303775058608,94.46734618109231,89.46303775058608,91.11859893798828,717800
2007-08-16,90.77366880553187,96.76253798765335,87.29322570439228,96.12288665771484,1015300
2007-08-17,99.0828745760659,102.22467620484821,98.33034832850677,101.1209716796875,1009200
2007-08-20,101.32787399883773,101.32787399883773,96.91931587005777,99.14554595947266,366000
2007-08-21,98.75673756925164,99.9921382477015,97.82862254744872,99.40265655517578,269100
2007-08-22,100.65062801239806,102.49432329018947,99.14557572014213,100.5879135131836,807300
2007-08-23,100.74463537131943,101.5912328055862,99.64719921446896,100.2554931640625,545300
2007-08-24,100.46242834405716,100.46242834405716,97.22028988912085,99.49668884277344,269700
2007-08-27,99.39635294396071,100.46243178731173,98.45569345237749,98.6563720703125,232600
2007-08-28,98.02927987825221,98.39299318016073,94.07223034186352,94.28545379638672,311700
2007-08-29,95.27441080885981,97.52950214868379,94.22245648424402,97.46650695800781,356800
2007-08-30,96.43347554433332,97.92637738703188,95.99883360070156,97.09488677978516,212900
2007-08-31,98.82084562453228,98.95942738123578,97.19566743277919,97.69960021972656,183000
2007-09-04,96.97518576995253,100.00506830352911,96.4397650378701,99.27437591552734,126200
2007-09-05,98.42401248165787,99.27439979418739,97.13268751555452,98.73267364501953,208300
2007-09-06,99.79089666305529,99.79089666305529,97.63659362171136,98.7011489868164,196000
2007-09-07,97.47910750081648,97.64918682553959,95.69015558919668,96.11849212646484,243100
2007-09-10,96.27599013140953,96.92480035574194,94.39885033730796,95.80986022949219,148600
2007-09-11,95.93584433617997,99.66493173884666,95.93584433617997,99.26178741455078,292100
2007-09-12,98.7011816432627,98.90274903417642,96.31380327838114,97.46025085449219,257800
2007-09-13,97.95158327252767,99.96100957335706,97.32166955373329,99.95470428466797,133900
2007-09-14,99.32479014694157,100.27596600981038,98.20354450115438,99.65865325927734,185300
2007-09-17,100.03029241492084,100.59721087151327,99.26809264737611,99.52635955810547,153600
2007-09-18,100.15627673663924,107.08532732848221,100.15627673663924,106.77037048339844,532200
2007-09-19,107.07900907668328,110.23487253886307,106.83334317377968,107.51364135742188,517100
2007-09-20,107.33728851439714,107.71524057161717,103.99244837136425,105.04440307617188,235600
2007-09-21,105.25857173808934,107.77822626575903,105.1955765302099,107.13571166992188,236300
2007-09-24,107.17978933726826,107.17978933726826,103.9357383192634,103.99873352050781,149000
2007-09-25,104.20030134250082,106.37980651855469,103.40661370645026,106.37980651855469,247000
2007-09-26,106.45541533718948,106.97194918499567,104.51527998710527,106.29164123535156,209200
2007-09-27,106.31048830723267,108.71045684814453,106.2663897551537,108.71045684814453,187400
2007-09-28,108.71048509749292,109.44748282121374,108.53411006677605,109.23331451416016,187500
2007-10-01,109.63649116535773,111.003402862611,109.07586830692924,110.71363830566406,363100
2007-10-02,111.24269031356268,112.1434617002259,110.67576258831238,111.33717346191406,221200
2007-10-03,110.99709639386272,113.43485931707606,110.54985344138173,112.62857055664062,310600
2007-10-04,112.38286398269476,112.43955388792708,108.45849616185656,111.51358032226562,450600
2007-10-05,111.77819335874867,113.03802086262122,111.30575804479646,112.95613861083984,184300
2007-10-08,112.95609211778117,113.44742387312019,112.1875968877961,112.89309692382812,200600
2007-10-09,112.92461075550374,117.3529024766175,112.62855060245188,117.34030151367188,425300
2007-10-10,117.34031505965943,117.41590162262202,115.40017984595633,116.73560333251953,314000
2007-10-11,117.63636018750732,118.47414639606419,114.4867923110011,115.81591033935547,263400
2007-10-12,115.77812533841517,116.61591160685613,114.83325490792491,115.90410614013672,343600
2007-10-15,115.58914663308893,115.66473319001449,113.57342501741697,114.20333862304688,219700
2007-10-16,114.64429873525775,116.282078276164,113.81911328773093,116.02381134033203,257200
2007-10-17,121.25836099897111,125.21421740963646,118.26627157172378,123.46305847167969,1284500
2007-10-18,118.10881322708767,120.94342474453777,117.66157029184437,120.65996551513672,1196700
2007-10-19,120.47098548061508,121.91978879697423,116.91827288149867,117.61747741699219,493100
2007-10-22,117.16392082405179,120.25679867519796,116.09306970660568,119.5827865600586,230800
2007-10-23,120.15601254429349,120.91190690007907,119.11035371940233,120.72293090820312,408800
2007-10-24,120.43947021046873,120.58434763733905,116.03638059728024,119.19853973388672,515400
2007-10-25,121.25838304917764,124.67880970805614,120.99382045774946,122.92765045166016,1198000
2007-10-26,124.09292666707063,127.83461340495715,123.24253982238199,124.99369812011719,723500
2007-10-29,125.51030822188928,125.51030822188928,123.4882809593959,123.9607162475586,263500
2007-10-30,123.80943866174294,125.47870476037728,123.48817678530628,124.51493835449219,563800
2007-10-31,124.72288645123474,130.59368551801865,124.52130949587061,130.36061096191406,598100
2007-11-01,129.13224399508218,129.31491464767652,125.17009303043666,126.2661361694336,400200
2007-11-02,127.14806011769184,127.3811250668169,122.46779721467665,125.54177856445312,596400
2007-11-05,125.2898584148856,125.2898584148856,122.3922605298625,123.14815521240234,773700
2007-11-06,123.77799638844317,124.20003725834637,120.78590741722127,123.96697235107422,401200
2007-11-07,121.65522582827546,123.45677924475491,120.61586254277607,121.10089874267578,535000
2007-11-08,120.94344304474957,122.3544533404913,117.08206858428879,120.25053405761719,474100
2007-11-09,117.67412593151349,122.39218096683817,116.9812269278332,120.43944549560547,378400
2007-11-12,121.71819547764807,123.46305874403622,118.70091373035545,119.0347671508789,485800
2007-11-13,119.28674531346765,123.51347015144113,119.28674531346765,123.25520324707031,327800
2007-11-14,123.70243974263633,125.10084874764927,122.36072065659768,123.58905029296875,358000
2007-11-15,123.46936925135094,124.30715554687444,122.58749399907323,123.77803039550781,495200
2007-11-16,124.40793118083133,124.40793118083133,119.23004082046887,121.09458923339844,483100
2007-11-19,119.06628367547877,119.8914690389331,115.52616234143936,116.12458801269531,494900
2007-11-20,116.84896041931071,120.49615554771722,115.06630396678518,118.26626586914062,371600
2007-11-21,117.60486927930462,119.94185300582633,114.70727243504737,118.04580688476562,633200
2007-11-23,119.99226306424971,120.75445325164219,119.02849588109447,120.06155395507812,229400
2007-11-26,119.99854306726,120.49617059150596,117.66786462556777,117.73085021972656,272100
2007-11-27,118.49932247941615,121.13866153630077,117.32138733069101,120.94338989257812,311000
2007-11-28,121.72447477104554,126.92126057271356,121.72447477104554,126.25984954833984,730600
2007-11-29,126.40517824439385,126.80967442901793,124.23100763555833,124.90727996826172,289300
2007-11-30,127.47969437383894,128.1938871318034,124.85046282468906,125.37504577636719,293500
2007-12-03,127.56813698695652,128.81322909033935,124.64186290192904,128.59202575683594,406000
2007-12-04,128.30132246094848,129.48953483877057,127.44808320769032,128.44668579101562,485100
2007-12-05,132.30201007694288,132.30201007694288,126.00070978348006,127.66925811767578,457300
2007-12-06,128.30133669000423,134.6532028243843,127.82731697316925,134.58999633789062,458500
2007-12-07,135.4747379991695,136.7387896356667,133.76194378837835,134.72262573242188,355400
2007-12-10,135.90459585837942,141.91516167433096,135.60122597633844,139.7093963623047,555200
2007-12-11,141.32734292433517,141.32734292433517,134.09064670873707,135.09556579589844,605500
2007-12-12,139.03938974131822,139.03938974131822,129.5653174473689,131.46139526367188,886400
2007-12-13,129.57166583691594,132.07449340820312,128.0042438267907,132.07449340820312,340600
2007-12-14,131.46142104129717,132.97827973419274,130.11520244168452,132.0618438720703,309500
2007-12-17,132.40318224072553,132.40318224072553,128.45301818847656,128.45301818847656,277300
2007-12-18,130.70300538573164,131.3350315146337,127.3343049614094,129.12294006347656,414700
2007-12-19,127.2015812421815,131.8343341432384,127.2015812421815,130.4501953125,407000
2007-12-20,130.8862482940259,131.4234741952455,128.53511104917027,129.66644287109375,121900
2007-12-21,132.05559809004998,137.76279573348293,131.91023471777356,136.6125030517578,489100
2007-12-24,137.7690021712023,139.19738686892708,137.18122271675614,138.717041015625,113000
2007-12-26,138.34418909303773,141.06821997110086,135.73391828095785,140.32875061035156,316800
2007-12-27,137.9397344412849,139.79156679689623,136.9537749958715,137.9586944580078,433000
2007-12-28,136.5176270834142,139.46918758576746,136.26482052047024,138.63491821289062,522900
2007-12-31,138.85614160939724,138.85614160939724,135.13350801500096,137.0232696533203,236600
2008-01-02,137.0232807280104,137.39617386775814,134.45725592452635,136.08155822753906,218500
2008-01-03,137.67425304784715,143.53313797294226,137.67425304784715,142.7115020751953,824100
2008-01-04,143.77960452297086,143.77960452297086,131.82799002381117,133.3448486328125,659900
2008-01-07,135.46854363356238,135.46854363356238,129.4200556712654,130.63986206054688,844600
2008-01-08,132.4284705187005,133.09210006575506,127.11945343017578,127.11945343017578,560300
2008-01-09,128.04850029630623,129.41366943436273,124.19313697043148,126.26618194580078,599300
2008-01-10,125.96281447073636,133.9642678980852,123.47894666967946,131.98602294921875,1560900
2008-01-11,130.82942631259536,131.34136600295972,127.41016217992478,128.9712677001953,303700
2008-01-14,130.20367634415229,132.06183437793243,130.0140762541353,131.71421813964844,367400
2008-01-15,132.93408542898155,132.93408542898155,127.59978221118423,127.89683532714844,486500
2008-01-16,126.47477199643988,129.54010313557612,122.1833180456043,128.74374389648438,1047200
2008-01-17,135.7338952087744,137.76901962413257,128.13694991671062,129.53372192382812,1578100
2008-01-18,129.63488631211126,131.59417126945243,125.77952287113177,127.353271484375,919000
2008-01-22,123.24506186499384,131.22122637244868,120.08493207358374,128.30126953125,1110900
2008-01-23,126.8413022548866,134.57097770349628,122.35391369924344,131.4677276611328,942600
2008-01-24,134.7922282293548,138.61598860729808,132.97830650633074,134.93759155273438,679600
2008-01-25,136.10683480039566,137.80066024757718,131.16438569499047,131.4930419921875,439300
2008-01-28,131.49302617720446,133.84416393600304,129.4073382113086,132.9150848388672,296800
2008-01-29,134.4951801722397,138.86880041273145,134.05276375154563,138.69815063476562,553500
2008-01-30,132.86454388239912,146.62375647483793,132.86454388239912,136.5176544189453,1066500
2008-01-31,132.57378139059955,139.74096416022002,132.57378139059955,139.2985382080078,468600
2008-02-01,141.08719706252617,141.08719706252617,136.38492088689276,139.39337158203125,695300
2008-02-04,137.45305192247756,139.27329042013764,136.14476273525005,138.9193572998047,330100
2008-02-05,136.83365524903087,137.68689437028974,132.47899565942723,132.5042724609375,534600
2008-02-06,131.85329255715797,134.72901347346988,128.58571851322705,129.29359436035156,520700
2008-02-07,129.67280073511364,130.98109946138555,128.629961471759,129.37574768066406,573400
2008-02-08,129.94457749989542,132.02393924528747,128.7310788313426,129.5021514892578,332200
2008-02-11,130.19741952469872,130.19741952469872,126.65806834023125,127.76411437988281,374300
2008-02-12,127.66931216345193,131.56891326384306,127.66931216345193,130.6082305908203,364000
2008-02-13,131.069611243051,132.03661066673268,128.69318629056326,130.1847686767578,372200
2008-02-14,130.6967021010679,132.13140436809425,125.1854421533352,125.53937530517578,729100
2008-02-15,124.8251994561767,124.83151624761601,121.27953137953666,123.73811340332031,422700
2008-02-19,125.45717538558699,125.91855171818446,113.87213631991064,119.04843139648438,2422500
2008-02-20,116.60880940425636,122.26544077718997,114.28927489479017,120.61585235595703,667400
2008-02-21,120.08496653421228,122.1264082649869,118.4290611343846,118.83987426757812,297700
2008-02-22,118.79566856346904,119.26968829234804,113.30967521971895,117.29144287109375,796500
2008-02-25,116.72890081681282,123.03651853316273,115.812464909516,122.3096923828125,488700
2008-02-26,119.4529000104733,127.03089433481168,119.4529000104733,125.04633331298828,562700
2008-02-27,123.49789274149794,129.37573724127842,123.18187970004686,127.22685241699219,439700
2008-02-28,127.73246965162332,128.37081249574302,124.14887343089178,124.63553619384766,333600
2008-02-29,124.59765024553323,124.59765024553323,121.5386456154976,122.13906860351562,522100
2008-03-03,121.0329821609089,121.70925462766718,116.11582052400796,121.42483520507812,947200
2008-03-04,120.40099563312549,126.17771493286213,120.40099563312549,125.74161529541016,750300
2008-03-05,126.83935189469885,130.18958522946133,124.98657207183142,128.44467163085938,959600
2008-03-06,126.7441772408227,126.7441772408227,116.75058128816708,117.37875366210938,901300
2008-03-07,117.23915598030398,120.97009176399817,114.73916923943852,116.47138977050781,871400
2008-03-10,115.83681873930946,117.65152829631018,112.27085486764305,112.68963623046875,472100
2008-03-11,116.11599817828747,119.39009094238281,114.52971405016879,119.39009094238281,588400
2008-03-12,119.92308869067395,122.67053415954354,116.02083332826548,116.42057037353516,514200
2008-03-13,113.95866583564015,119.73273476960149,111.38888338172096,118.3177719116211,887900
2008-03-14,120.58299426625253,120.58299426625253,112.46122564293044,113.57162475585938,545000
2008-03-17,110.08814978627358,113.83177752007342,105.15163295081386,112.40412139892578,893000
2008-03-18,115.00560905032535,118.73020140108167,111.07796766661816,118.56523132324219,877600
2008-03-19,123.73017112198471,125.95096906519983,120.10075199452031,120.5766372680664,1631600
2008-03-20,120.54490283486857,131.57909503334602,118.10837269565782,130.7732696533203,878100
2008-03-24,127.08041771029477,147.1564331052261,124.23779871755464,142.46737670898438,1552700
2008-03-25,140.93185521583652,146.54095467365744,139.71993157966338,143.85696411132812,597400
2008-03-26,143.20975793955972,144.03462778838662,139.28211609966039,140.29100036621094,459000
2008-03-27,134.2758890854694,136.3570948432025,128.17186570789156,128.50181579589844,1090800
2008-03-28,126.90910275884595,132.61338535606163,126.52204895019531,126.52204895019531,558000
2008-03-31,126.42691947397606,132.0994764062562,125.35458922268126,129.55506896972656,326300
2008-04-01,131.97884312136702,140.28462472299074,131.97884312136702,139.8848876953125,779400
2008-04-02,139.90394959596088,140.52577040168504,135.05626460846295,138.8950653076172,597500
2008-04-03,138.16539446307144,143.0130800170021,135.49408682443246,141.67425537109375,382100
2008-04-04,140.7034603803155,142.91156608932772,137.79738549338168,139.5803680419922,441200
2008-04-07,143.4001363929617,144.14885812150035,139.41539001464844,139.41539001464844,310900
2008-04-08,139.6121125392778,143.60955261535602,138.23521834187926,141.00804138183594,496100
2008-04-09,140.89375736066032,141.68054808712068,136.42043420950165,139.1234588623047,419400
2008-04-10,138.88238749881242,141.99784298507166,138.17172543937787,139.8404998779297,212900
2008-04-11,131.99154040565915,136.28719111275916,130.77327528360289,131.66159057617188,580000
2008-04-14,131.34436441823507,131.94715062773332,127.70225150395098,128.7111358642578,373100
2008-04-15,130.20227976529563,130.9510113710809,125.62743893439516,130.19593811035156,737000
2008-04-16,128.17816067561088,132.13753124374585,127.51192876781275,130.32916259765625,820000
2008-04-17,128.0131245225963,128.62860351666293,125.44969372404279,128.1717529296875,693700
2008-04-18,131.31901519484808,133.52076975841698,129.0030334004265,129.66293334960938,858000
2008-04-21,126.95349794547215,129.9293686464935,126.67431037784989,128.0829315185547,375000
2008-04-22,126.82029834540039,127.35963906825405,121.64901359673499,123.45738220214844,565900
2008-04-23,122.77839200983436,124.17432011180706,121.06520708096286,122.81011962890625,291200
2008-04-24,121.69979183981195,128.93959918327423,121.69979183981195,128.4890899658203,509400
2008-04-25,129.6946474465634,131.14768981325582,125.78604887464688,129.02206420898438,299400
2008-04-28,128.55245187810235,129.87858290257435,126.58545595787318,128.59686279296875,248700
2008-04-29,128.17178447811864,128.74284301144448,125.919258606601,127.41036987304688,324600
2008-04-30,129.75809593384525,130.53220368658563,127.48019329710118,128.03855895996094,417300
2008-05-01,127.06141255750663,134.85958437902127,127.06141255750663,134.4788818359375,514900
2008-05-02,135.7859668533237,138.05752764755937,134.00932609829945,137.213623046875,360900
2008-05-05,134.84052610855832,139.59303802498843,134.81514981623158,136.6742706298828,389900
2008-05-06,137.37230696655897,139.6819379758563,133.7428854259607,138.92686462402344,696500
2008-05-07,139.88497199829416,139.88497199829416,134.00936568730648,134.61215209960938,469600
2008-05-08,136.09048921655844,136.3569837961016,133.24787068618798,136.0587615966797,254100
2008-05-09,135.77325657648495,137.53720411868605,132.994092790623,134.5169219970703,231100
2008-05-12,135.9191909563566,139.02196272231757,135.15142507966593,136.9597930908203,639800
2008-05-13,138.152720205939,138.1590715418911,134.28853255778125,136.26187133789062,404100
2008-05-14,135.7542538609479,137.8291171302259,134.94207680226626,135.2910614013672,377300
2008-05-15,135.29102854276255,139.16790811427953,134.42174776496626,139.02197265625,239100
2008-05-16,139.04731717817106,139.04731717817106,135.4813536581572,137.30874633789062,175000
2008-05-19,137.68954728943802,139.54866878754717,134.3964178581555,135.31011962890625,273600
2008-05-20,134.1362247392705,134.1362247392705,129.61848920116432,131.12228393554688,412700
2008-05-21,131.34435100291694,131.50297944615716,126.6679875944065,127.39767456054688,207100
2008-05-22,126.52209493704663,130.00558048104122,126.02083310852514,129.03477478027344,321000
2008-05-23,129.28217772512386,134.55498548593593,129.28217772512386,132.30245971679688,664800
2008-05-27,132.5816835067495,136.2301385979101,132.08042176296271,136.17303466796875,364600
2008-05-28,137.05498278817046,137.1501559867862,133.86972075502842,136.6742706298828,195000
2008-05-29,136.19843576277518,142.44840297311475,135.79869849849112,140.54486083984375,362100
2008-05-30,141.4965761486394,144.35822987584325,141.34428935249778,142.75926208496094,283800
2008-06-02,142.0041397278258,142.0041397278258,137.2135603100973,139.67547607421875,268900
2008-06-03,139.10443926108874,139.85317048063425,135.6082721710813,137.91156005859375,583700
2008-06-04,137.68314258916726,139.1679024458053,136.4585260127045,137.07400512695312,397900
2008-06-05,138.00676200815545,141.8265380859375,138.00676200815545,141.8265380859375,366400
2008-06-06,140.05625853617684,140.11337214873444,135.47506713867188,135.47506713867188,270900
2008-06-09,135.49407829721457,138.0321336040846,133.2732799037033,135.72250366210938,256900
2008-06-10,135.98359182771054,137.2254200981688,133.69097831505968,135.00286865234375,434500
2008-06-11,134.55071134353284,134.563450784583,129.1503447024748,129.2777099609375,487100
2008-06-12,129.91460596573174,132.5956910801687,127.82578366680805,129.2459259033203,646400
2008-06-13,130.86977441812667,133.89474487304688,129.25858040584095,133.89474487304688,538400
2008-06-16,132.9586037947068,134.91369475099683,130.55772963388085,132.9012908935547,454900
2008-06-17,133.89476553819745,135.5059597991529,129.6024875109282,130.29664611816406,398100
2008-06-18,129.11845232064093,132.88215405213725,128.64719035276858,130.52586364746094,477400
2008-06-19,130.23291742153347,131.53843271812744,127.21431231655133,131.207275390625,526200
2008-06-20,130.04192875963068,130.38582569292066,123.59078571991286,125.45671081542969,583600
2008-06-23,130.31573006477183,131.25187959172774,125.68593046679834,127.08696746826172,738700
2008-06-24,129.0803175925872,129.0803175925872,122.07512011656013,123.62262725830078,730400
2008-06-25,123.25956225690035,125.09364262251324,119.88433081376155,120.71221923828125,740700
2008-06-26,118.45155900156684,118.80182093133207,114.83433326197668,115.07632446289062,643200
2008-06-27,116.25444118771632,116.70658941274132,112.4716328999314,113.10210418701172,2915100
2008-06-30,115.94867891478115,115.94867891478115,109.44658223459679,112.71991729736328,989700
2008-07-01,110.64389886610195,113.7962353712966,108.45954616077492,112.10224914550781,1029600
2008-07-02,113.35043907856227,114.63047589447271,106.23698237941456,107.05213165283203,1207600
2008-07-03,107.88001058267997,108.24937661530443,105.07793617170614,107.98828125,587300
2008-07-07,108.25577937525406,109.42119068225549,103.32666413344698,104.57486724853516,1093300
2008-07-08,103.42854500474034,110.84131622314453,102.7535003478729,110.84131622314453,794100
2008-07-09,110.84771213144666,111.77112271724837,105.72117855995138,106.14785766601562,847200
2008-07-10,107.14771731114281,113.3632366714802,105.84220083282646,110.1408462524414,926400
2008-07-11,107.89916840820268,112.66271087410749,106.79744434268609,111.26167297363281,1165200
2008-07-14,112.32513283718362,113.99363998892333,105.91218987850868,106.11598205566406,669700
2008-07-15,105.23718264682101,107.7654231525471,99.47381306066595,104.5557632446289,1475400
2008-07-16,104.69584794787181,114.52859860440823,103.32665425911223,113.9618148803711,2457100
2008-07-17,122.26615641423355,137.32096020770527,118.06939947065432,132.62747192382812,2561100
2008-07-18,132.39821313055864,141.93802431618812,130.2266095487888,138.83026123046875,1673700
2008-07-21,138.23160939047168,142.00805161710832,133.93296673922123,135.77342224121094,746600
2008-07-22,135.00927220783393,140.68984985351562,129.94642644350998,140.68984985351562,865100
2008-07-23,138.28257587234145,143.05248125966773,137.0216432473532,141.7406005859375,958800
2008-07-24,142.59398286727495,142.59398286727495,134.296008715573,135.00926208496094,698500
2008-07-25,135.16848601919588,140.15491472605663,133.37897781795792,139.02134704589844,502600
2008-07-28,138.46723245594848,140.798054306394,133.14329337671919,133.38528442382812,566700
2008-07-29,134.85003476341254,140.86813354492188,133.74193652850485,140.86813354492188,595300
2008-07-30,141.34576312945862,144.24336917782477,135.84987447895614,141.05918884277344,501400
2008-07-31,138.82393869131008,140.88728193789495,137.58847480214007,138.0087890625,417200
2008-08-01,138.51185206850786,140.70256981232106,134.8436796223181,139.6708984375,567700
2008-08-04,138.7537930517476,140.4859872780188,136.601284847629,138.44810485839844,372800
2008-08-05,138.2571010121225,145.35781860351562,138.2571010121225,145.35781860351562,686700
2008-08-06,145.19862015784247,145.268672512402,141.17381163650904,142.39654541015625,371500
2008-08-07,141.53039974761248,142.0908086757234,136.76049583581687,138.3143768310547,461300
2008-08-08,137.7604031450845,143.89950335436808,137.08534865119876,141.7469940185547,311300
2008-08-11,141.37761981670673,147.33840633821313,139.3970590783283,146.94993591308594,693100
2008-08-12,146.15386382259933,148.9559383706039,141.55590706787322,143.01426696777344,702800
2008-08-13,143.03339129661833,143.51101836944673,139.4352615175691,140.199462890625,519400
2008-08-14,138.83665429657518,141.95078287727105,136.23199661139657,138.51187133789062,1519000
2008-08-15,139.35884436818546,141.52408321253165,136.442133875843,138.00238037109375,311900
2008-08-18,138.00232006254183,138.44173833251818,133.88199153536715,133.92657470703125,235800
2008-08-19,132.14343500118545,133.73552457951297,130.16924003712185,132.58921813964844,438400
2008-08-20,132.07977762401794,135.27669694653824,130.67874041934775,134.11766052246094,390600
2008-08-21,130.78703177899018,135.17483228810048,130.78703177899018,134.65899658203125,250100
2008-08-22,135.2639694258474,136.26380666127113,133.02231358777485,135.83712768554688,290300
2008-08-25,135.32765244610314,135.32765244610314,131.5830535888672,131.5830535888672,370700
2008-08-26,131.90786723315503,132.88222570893726,129.67894083701438,132.27085876464844,327700
2008-08-27,132.14345809235684,136.24468311756473,131.0226303316009,135.6142120361328,300800
2008-08-28,135.56945341294576,139.81997680664062,135.0517118205364,139.81997680664062,319200
2008-08-29,138.8612518310547,140.2099161630119,138.16455099804776,138.8612518310547,252800
2008-09-02,141.2517902444878,145.15716380507521,139.20002688976635,140.42724609375,509000
2008-09-03,140.42721384006663,142.65794554010853,137.205765388654,141.6096954345703,275400
2008-09-04,140.17150137494497,140.8937646669345,134.55952876282527,134.80880737304688,318200
2008-09-05,134.22081124668694,136.0424602452974,129.68264964784208,135.21792602539062,440100
2008-09-08,142.53654143028572,144.24314369318554,135.1220806654188,142.9967498779297,622300
2008-09-09,141.57778207423834,142.90088386132783,134.73858642578125,134.73858642578125,754800
2008-09-10,135.72927245944842,141.25815093650468,132.35441786890328,138.31793212890625,524200
2008-09-11,134.2272532611342,141.4946971381465,133.01920837190693,141.13037109375,606800
2008-09-12,139.66027163049858,139.85202681447328,128.31487199003473,129.75302124023438,1393300
2008-09-15,128.474609375,139.91587665691898,128.1230599857978,128.474609375,1443300
2008-09-16,122.57502809442353,135.5567169189453,122.57502809442353,135.5567169189453,927700
2008-09-17,123.83423367516754,133.3643613497843,115.45461752448489,120.16535186767578,1537500
2008-09-18,124.30084428518747,137.42315706053597,108.16800131264851,132.8402557373047,2173700
2008-09-19,144.0257576400946,159.39156875518105,126.38446816409095,134.2271728515625,1975800
2008-09-22,134.22722337735408,134.22722337735408,120.64470672607422,120.64470672607422,887100
2008-09-23,123.43152182536097,127.49668961400339,118.24779382486176,118.27975463867188,494500
2008-09-24,121.20721702857401,126.94702751761623,118.93174697850297,125.86042785644531,395400
2008-09-25,130.64783288076174,134.60434182716568,122.14678281041809,122.3129653930664,808900
2008-09-26,121.1240049733588,129.48443878252087,116.63059279865557,128.48092651367188,442200
2008-09-29,126.55709599200343,127.4902990719825,117.3529474574497,122.08285522460938,545300
2008-09-30,125.27880420047397,130.99944152329883,121.4756995950033,124.32003784179688,410900
2008-10-01,122.08285260913613,122.10202714605421,112.9362278825241,115.26283264160156,683200
2008-10-02,115.0519406332455,115.0519406332455,106.66593563696146,109.9704818725586,762900
2008-10-03,111.88797302496657,124.6395564667166,111.88797302496657,116.64984130859375,725400
2008-10-06,111.22962493477539,114.87932147733328,107.6374422494406,109.93848419189453,385200
2008-10-07,113.77356883696396,119.02121919658252,109.45912170410156,109.45912170410156,348800
2008-10-08,106.74258422851561,115.39703856263877,104.99123532348172,106.74258422851562,491500
2008-10-09,111.24882751080992,111.24882751080992,95.87660921591092,98.14569091796875,1134000
2008-10-10,94.59819577774911,104.24337434435245,84.51198352169122,101.62914276123047,1483900
2008-10-13,108.9158105816227,115.05191670723742,103.93023532676654,114.94964599609375,275800
2008-10-14,118.886993978901,120.146174211504,104.42240659048471,108.1615982055664,785400
2008-10-15,103.55310945805401,107.24755342172375,91.37039184570312,91.37039184570312,939400
2008-10-16,93.15368335632583,94.8666734737079,84.39056014993493,93.55635833740234,918400
2008-10-17,90.91016271598653,97.02709268274639,90.12397755751442,95.05842590332031,1010100
2008-10-20,97.22523804453519,97.73018370878904,87.65675519416568,91.54295349121094,745800
2008-10-21,87.88688267971531,87.88688267971531,80.70253087190903,83.22088623046875,1451100
2008-10-22,79.36661488295448,83.20806552728584,71.92659424657583,76.61815643310547,1088300
2008-10-23,77.01446093560723,80.61942002243562,68.16825065914472,72.15032196044922,839800
2008-10-24,63.527819850601965,77.46827265624628,63.527819850601965,74.46414184570312,1024600
2008-10-27,71.74763909266011,74.37465771593064,68.42391967773438,68.42391967773438,432800
2008-10-28,73.02598838930001,81.80828094482422,69.29958448536831,81.80828094482422,845500
2008-10-29,82.1215011203834,88.7625532288161,77.34045739415065,83.93037414550781,803100
2008-10-30,87.94438230807782,87.94438230807782,81.0348788314755,82.9460220336914,572500
2008-10-31,83.06109072986025,85.18316411236728,81.39923067423837,83.94954681396484,494500
2008-11-03,82.38993547697503,88.46211875155167,81.17550272328765,88.00830841064453,541600
2008-11-04,89.44646739727624,94.54071094384446,88.3598680050111,92.073486328125,724700
2008-11-05,90.1239771237726,91.28088619160798,86.92809141016365,87.29242706298828,670300
2008-11-06,86.34647264024758,88.70503880714861,78.63799475540151,79.03428649902344,749400
2008-11-07,79.82684697617778,82.58169938436892,76.96972386646327,80.2742691040039,441400
2008-11-10,82.26211057618445,82.85655049354605,73.44146740366111,73.85693359375,526100
2008-11-11,70.34144620163285,75.20558462674204,68.05319087025912,73.50537109375,1508700
2008-11-12,70.25198642621875,73.02601384556675,67.37568828788132,68.04682159423828,735900
2008-11-13,68.70518493025148,76.06211898024135,67.38208776153903,75.86397552490234,1168800
2008-11-14,74.27239389329199,76.28580318966881,70.3158900641228,70.38619995117188,599000
2008-11-17,69.6255864864164,72.65528565363134,66.94104366126939,68.00846862792969,876400
2008-11-18,67.11361054855736,69.28681415115105,65.848037461109,67.90618896484375,702200
2008-11-19,67.17756699154275,67.82953089582175,63.04848014508268,63.201881408691406,1142100
2008-11-20,61.34822177843593,69.68308708503524,61.34822177843593,63.73874282836914,1098900
2008-11-21,65.12576590338077,69.83650372315091,60.58121552457594,69.60639953613281,1007200
2008-11-24,71.5750717736748,75.07136729218365,68.27691476888636,74.22765350341797,911700
2008-11-25,76.61816462555093,77.27012315500212,71.84990380245787,75.0585708618164,647600
2008-11-26,73.34560192911802,80.28706843645418,73.07075546974703,79.72459411621094,284400
2008-11-28,78.93836385627267,80.37651218563796,78.45898107981758,80.35094451904297,101000
2008-12-01,77.56605384192602,78.13847292526097,68.69676721649103,68.85755920410156,580900
2008-12-02,69.81587196816727,73.03813935846574,67.40399253454078,72.90950775146484,602400
2008-12-03,70.105328674684,78.37003845906425,69.71942876429347,78.33788299560547,503900
2008-12-04,76.6335063144915,79.04538751465184,73.35977701384174,74.44029998779297,470600
2008-12-05,73.52051441314272,82.66636190706573,72.67796611076518,82.52486419677734,601300
2008-12-08,83.59255145958376,89.25243220929157,83.16163004780134,88.84080505371094,601900
2008-12-09,85.92722738524041,88.30050847209678,84.20353247006472,85.61849975585938,693000
2008-12-10,85.23264305645279,87.05923818432035,83.3417271902091,85.36127471923828,423000
2008-12-11,84.15210316715702,86.53826089013599,75.94528259083565,76.31832122802734,615400
2008-12-12,73.37260335225628,77.93909496762984,73.37260335225628,77.28306579589844,473100
2008-12-15,76.40833170653286,76.86498022643303,73.21178716025106,74.47882843017578,252500
2008-12-16,75.6815553669894,83.11014556884766,75.6815553669894,83.11014556884766,1020500
2008-12-17,81.18066403672142,84.66020519884825,79.10966233518715,83.83051300048828,552600
2008-12-18,85.81789878132388,87.2328761871868,80.67255985306508,81.81739807128906,684900
2008-12-19,82.64709635576591,87.94680474460304,81.5858680670774,87.73455810546875,635200
2008-12-22,87.47085690199515,87.67667539364463,83.95915494646125,85.72786712646484,283900
2008-12-23,86.3903458363205,86.3903458363205,82.10041078399456,82.92366027832031,574900
2008-12-24,82.29332240622537,83.44459832502623,81.41861375933422,82.48627471923828,298200
2008-12-26,82.80789955890148,82.80789955890148,79.83646093054566,81.29645538330078,212600
2008-12-29,80.92338054577705,80.92338054577705,77.74612972370898,79.8814468383789,591700
2008-12-30,80.87836820314334,83.41245144908639,79.24472105179271,83.40601348876953,480700
2008-12-31,83.64400006883763,86.87270616540094,83.00083207109796,86.2809829711914,541800
2009-01-02,85.5413390136276,90.04351475118696,83.10373675386477,89.47752380371094,687800
2009-01-05,88.757187452653,92.17884605645858,88.40988103728732,89.25885772705078,692900
2009-01-06,90.04350675439306,91.32984256517011,88.74430483759849,89.94059753417969,776400
2009-01-07,89.39391926236733,89.40034740900988,83.59896959901879,84.11993408203125,963700
2009-01-08,83.67615607701416,86.28741644171299,81.41220209487642,85.62495422363281,704600
2009-01-09,86.18450560505771,86.18450560505771,81.34145170953242,81.87528228759766,494700
2009-01-12,81.69519347903623,82.09395938738282,78.20922425552673,79.4505386352539,492500
2009-01-13,79.20612574696169,82.89790802022038,78.73018288765206,81.67588806152344,515600
2009-01-14,79.73353555892189,79.83643988446951,76.07390816902999,76.92288970947266,483500
2009-01-15,76.50481301114516,77.69467744704359,72.34994933153703,75.03839111328125,606100
2009-01-16,76.53698810580295,77.35380926517088,72.88379385539794,75.35356140136719,699400
2009-01-20,73.26969450212809,73.52696267341149,66.0855094022107,66.529296875,1897000
2009-01-21,63.19125740648963,70.33042138399425,61.86633286723429,69.78372955322266,3231600
2009-01-22,67.26892467094954,70.25322808012369,64.26533191791637,68.99261474609375,1462800
2009-01-23,66.3749280578895,72.5107506660811,66.29775104717105,71.9383316040039,678500
2009-01-26,73.4497661763152,74.24729783974882,67.9635452256477,68.85111999511719,674400
2009-01-27,69.55217494710404,70.31111325047412,66.342768563107,69.71296691894531,594400
2009-01-28,71.21799993524756,77.23804833498397,71.21799993524756,76.85858154296875,878900
2009-01-29,74.60749839953856,75.8423799539929,69.35924443263292,69.67440032958984,787300
2009-01-30,70.10530092841594,71.30802666498565,68.75464932311802,69.97666931152344,749300
2009-02-02,68.58743292673296,71.95763176464109,67.87351607708123,71.0443344116211,465800
2009-02-03,71.50100885121373,72.26638059266728,68.76754395400421,70.2725601196289,594300
2009-02-04,69.08910121240766,74.44025845315586,68.33659587550137,73.19894409179688,838400
2009-02-05,71.39164848988115,76.06747772289387,71.37235423486594,74.7875747680664,759000
2009-02-06,74.35021961331013,79.28331698201325,74.31806415758837,78.78164672851562,691400
2009-02-09,78.12559939433527,78.2285036985334,75.75874151400296,76.42120361328125,551400
2009-02-10,75.2699525125422,77.9455338281456,72.63296461484444,73.28899383544922,851500
2009-02-11,71.71324014359261,74.60106341757219,71.21156983174126,73.35974884033203,791500
2009-02-12,72.49791818002264,73.68134527824232,70.16321454147364,73.30831146240234,547700
2009-02-13,72.6651387013773,73.65561331999186,71.15368964502031,71.78399658203125,398900
2009-02-17,70.61988138506487,70.61988138506487,67.53910463563764,67.7899398803711,477800
2009-02-18,70.29826837537097,70.29826837537097,66.18842501334245,68.52955627441406,463900
2009-02-19,66.82513550746656,69.89947681122946,65.7832019032996,66.20769500732422,637700
2009-02-20,64.48403526365632,67.62912688905736,63.43566811720052,66.29133605957031,1572300
2009-02-23,67.0180870840181,67.28178825423657,62.38728059060102,62.94683837890625,897500
2009-02-24,64.25246890693792,69.23058666955667,63.22340133297015,68.85111999511719,943900
2009-02-25,68.20799201010861,69.80947951137998,65.35232352983051,67.8992691040039,805100
2009-02-26,68.98621402322516,70.24038989621474,64.31681209143186,64.79275512695312,760400
2009-02-27,63.918020716598164,65.84752431339163,62.13001483535324,62.265079498291016,1370700
2009-03-02,61.61548467529689,62.96613623770288,58.89488239228043,59.37725830078125,1166900
2009-03-03,60.695756601053596,61.24244833566191,57.76290763491639,58.25171661376953,1399600
2009-03-04,59.776057688654824,63.776564919399284,58.91420969696833,61.962825775146484,1517000
2009-03-05,59.965669306422015,62.397235609800866,58.54563300219779,59.278343200683594,754100
2009-03-06,61.61265449651047,61.61265449651047,57.65082646229238,59.91380310058594,786000
2009-03-09,58.68180926597923,60.71135514253296,58.033391484034716,58.94117736816406,539000
2009-03-10,60.1861435417335,65.17895891688433,59.81654557185387,65.1659927368164,807500
2009-03-11,65.47722145467087,69.0564849782572,64.20631841060089,68.28486633300781,886800
2009-03-12,68.08384732263819,72.4282432206026,66.65733059564398,72.10403442382812,758400
2009-03-13,70.8461369188207,72.13648707778366,68.44050724676991,70.02912902832031,710400
2009-03-16,70.61268623444444,71.58531275297112,67.07880691557689,67.37059783935547,735900
2009-03-17,67.64294865311189,71.12495422363281,66.61196666540864,71.12495422363281,534900
2009-03-18,69.70488724049879,79.40521328050932,69.14724774681213,79.10045623779297,1301300
2009-03-19,78.1862200080304,79.10048653938073,73.50464267076123,73.78346252441406,1146800
2009-03-20,74.38000536740608,75.5666111306576,73.12207325027377,73.89369201660156,779600
2009-03-23,76.39009950186498,86.93337927130577,75.16459025455428,86.86205291748047,1516500
2009-03-24,83.58104249780452,90.13006561136612,83.08824857862898,83.28277587890625,1223800
2009-03-25,84.3267174097141,87.16677999037786,81.2986032227302,85.94776153564453,879700
2009-03-26,85.94781290245099,88.72304131313679,82.78352971139562,88.63226318359375,1220600
2009-03-27,86.72588311784138,86.72588311784138,82.46577825341089,82.66678619384766,1154800
2009-03-30,80.10552543722294,83.93767157632031,80.00177622781572,80.98088836669922,1179300
2009-03-31,82.02484924552654,84.8778835225255,80.034206856975,84.32024383544922,970500
2009-04-01,83.55511637026339,85.85700149132079,83.12715825656524,84.7417221069336,1303100
2009-04-02,86.23958373183369,90.03931315517964,84.82603740929369,88.45069122314453,1203800
2009-04-03,87.4585985083241,89.58540816106361,87.03712098993887,89.48165893554688,711700
2009-04-06,87.82818523065696,89.81234202974662,86.44057159446503,88.42472839355469,830800
2009-04-07,86.10988970484047,87.19274629241993,83.01693388891971,83.37356567382812,817500
2009-04-08,83.39302842145754,85.50038664464009,81.49964929745603,83.65888214111328,1228800
2009-04-09,87.86062932117288,90.01986221059813,85.59116657117949,89.50760650634766,844700
2009-04-13,88.02920621742322,91.40098704703148,87.17978039320545,90.3699951171875,959800
2009-04-14,89.72157295284818,90.36999078994403,85.54576049889964,85.71435546875,755100
2009-04-15,85.35773985441975,90.39595017371123,84.28785417810177,90.13009643554688,673100
2009-04-16,88.96292017075824,92.3995364891695,85.90887787379566,88.5738754272461,702000
2009-04-17,85.05944576828308,89.3519785095569,84.09330953858127,88.13294982910156,855300
2009-04-20,87.50399808588011,87.50399808588011,80.00828836290822,80.13796997070312,1123500
2009-04-21,77.81011794421147,90.05872694816671,77.23951219355286,89.99388122558594,1560400
2009-04-22,88.50905795964724,92.39956600182953,86.80371543505377,88.30155944824219,1693700
2009-04-23,90.40888252855753,95.99825028595812,88.47011977978705,95.78427124023438,1468800
2009-04-24,94.27348762847025,99.02639250389181,92.76267258124295,98.01486206054688,1273100
2009-04-27,97.25621260440838,99.37653219291752,95.9788284418991,96.91255187988281,687600
2009-04-28,96.47811249647184,96.91904189340919,95.01917195670306,95.21369934082031,516000
2009-04-29,97.65170425734742,98.51409104458205,95.69996075447861,97.9305191040039,639500
2009-04-30,97.91108881329384,99.18847268403928,94.96727632421896,95.00617980957031,675000
2009-05-01,95.8037356738094,96.89307289373822,93.69637769790496,96.23817443847656,1159700
2009-05-04,97.37938337043191,102.61211992225638,97.35993162737516,102.44353485107422,802000
2009-05-05,101.31530760891904,104.13592973038055,100.85492649775199,102.24903106689453,1020400
2009-05-06,102.45002055387522,103.99325820680221,99.53862083829503,100.91975402832031,1084500
2009-05-07,102.83903577856094,102.84551639272573,93.15167520809052,93.6833724975586,1634100
2009-05-08,96.05017254945545,96.92553101365554,92.73026527977972,96.19282531738281,1207400
2009-05-11,94.21511558079176,95.53140302472384,91.90674961791721,92.10775756835938,620700
2009-05-12,92.10774792397456,94.98672445948276,90.22733041948625,92.74319458007812,803400
2009-05-13,91.1675635349894,92.5097834848452,89.31308788751065,89.52057647705078,861200
2009-05-14,89.8253013266163,92.20499304897636,88.98235635528408,90.79792785644531,617100
2009-05-15,90.79146521709494,93.5342698039168,88.71653018812721,91.3037109375,942700
2009-05-18,92.8858749405234,94.0400581447681,90.9406210150674,93.57319641113281,991800
2009-05-19,94.35775890236752,94.35775890236752,89.89664137268375,90.57099151611328,842100
2009-05-20,91.93916443755762,92.77562902147284,88.49606716822214,88.93699645996094,523000
2009-05-21,87.78279775492125,92.0039937260242,87.21218697145923,91.91321563720703,1386600
2009-05-22,92.82099736062736,96.77634961054554,91.73814090068214,95.78427124023438,884500
2009-05-26,94.46802035235793,100.45939636230467,94.23458947573185,100.45939636230469,1014400
2009-05-27,100.47883336336696,101.80160141046838,96.29004974174876,96.68558502197266,588800
2009-05-28,96.89307008339793,99.79149853002302,96.51050594421459,99.42190551757812,476800
2009-05-29,99.83693252647804,103.42268371582031,98.13158981070261,103.42268371582031,1062800
2009-06-01,105.64020024647752,107.47522334671409,102.43701553623046,106.98242950439453,802500
2009-06-02,107.5335846856786,109.13517713204507,105.74395546723511,108.5775375366211,745400
2009-06-03,107.78654346630336,108.75917066569558,105.28364907743773,106.68423461914062,807000
2009-06-04,107.6614681145347,108.60615071791956,105.77861439508139,107.5963134765625,763400
2009-06-05,109.33583657843897,110.59323947789856,106.32586948624014,106.67768859863281,1061700
2009-06-08,110.10458388040843,111.12093229486652,107.30310431414641,110.33912658691406,899500
2009-06-09,112.67806559887961,119.74691625544277,110.37173658614284,118.66541290283203,1840100
2009-06-10,117.27118804439887,118.90646603218535,115.03652517732968,116.30696105957031,975700
2009-06-11,117.40144377779752,119.72080482276128,116.32646226307831,118.9650650024414,742700
2009-06-12,117.01061536858167,117.27121409007803,110.89296743119743,115.030029296875,1602800
2009-06-15,112.61289310416078,113.76605235526777,108.24779196545948,110.52155303955078,1236600
2009-06-16,110.91243111669077,112.38483170982636,109.6615402697337,110.39773559570312,1168100
2009-06-17,110.82122874678973,112.41089581323004,107.98066080064945,108.96443176269531,708300
2009-06-18,109.61598987139212,112.58685849663067,109.15993722123747,110.99066925048828,478100
2009-06-19,112.40443598307611,114.33289994605323,111.68777472695575,113.98760223388672,531000
2009-06-22,112.99073448780774,113.68785101076597,108.9709417510298,108.99048614501953,560500
2009-06-23,109.51822708632994,111.3359255228896,109.10126339837225,109.32928466796875,502100
2009-06-24,109.2250653134807,113.92894323537097,109.2250653134807,113.01683807373047,558200
2009-06-25,113.18617584561302,115.9159885710466,112.31967135688426,114.20904541015625,685500
2009-06-26,115.12117094492712,115.95509828406507,114.3067880011441,115.88995361328125,886200
2009-06-29,114.99092188757336,115.93560452673789,114.07881656862881,114.6325912475586,391400
2009-06-30,115.90301841110842,115.90301841110842,113.13411540297321,114.28728485107422,276500
2009-07-01,114.73025698987973,114.80843456032434,112.39786337338147,112.61286163330078,423000
2009-07-02,112.09165489332538,112.09165489332538,109.22502136230469,109.22502136230469,317600
2009-07-06,109.29015786508762,109.63545533309154,107.33563939358083,108.29986572265625,597700
2009-07-07,109.40097042412725,109.40097042412725,105.58966335907213,105.6548080444336,585200
2009-07-08,107.66141347073398,107.66141347073398,103.88267503389999,105.14659881591797,709500
2009-07-09,104.60589739565114,109.0491771492801,104.59938590852796,108.33902740478516,454800
2009-07-10,108.47585863286909,109.04266624454067,106.84709198672992,108.25434875488281,331100
2009-07-13,109.86353932961747,112.13729054987446,107.86340969289647,112.124267578125,524200
2009-07-14,112.39791016584428,112.83441835121079,110.43035764723635,112.52169799804688,600100
2009-07-15,113.65531419585434,117.4796643551294,112.8344195322564,117.31678771972656,463200
2009-07-16,117.2646322293723,117.36886569069654,114.31982072590549,116.69781494140625,359800
2009-07-17,115.7661959012931,117.32980758323868,115.7661959012931,117.13435363769531,308000
2009-07-20,118.24196506793672,120.72420422489753,117.31682666468018,120.41148376464844,545000
2009-07-21,118.26144778440126,120.48307711457343,116.2287410001313,119.96839141845703,859300
2009-07-22,118.02036350116857,121.06941818643655,116.93234916174862,120.86093139648438,767200
2009-07-23,121.18018371305025,130.06021863621686,120.97169690477955,128.93310546875,1371100
2009-07-24,127.92328767229846,128.88751437625862,123.55818676918918,125.20649719238281,685500
2009-07-27,124.63969621631855,126.06649691933079,123.3757721243132,123.78622436523438,568700
2009-07-28,123.45402509135069,125.61702246254147,122.24222206552538,123.89053344726562,526500
2009-07-29,123.13472678229449,124.11198651866191,122.73730742519041,123.29109191894531,327800
2009-07-30,123.65596111707652,127.28484789890325,123.65596111707652,124.67230987548828,466600
2009-07-31,125.57135310721787,125.57135310721787,123.29759208388026,124.13803100585938,276600
2009-08-03,125.15443470787962,127.4477310180664,125.15443470787962,127.4477310180664,411500
2009-08-04,126.63326630930729,129.64323193666698,125.65600693679232,129.38914489746094,517500
2009-08-05,128.84849747965742,131.1287711886953,128.07971431689836,130.71180725097656,461800
2009-08-06,130.54233836478477,132.64018983522178,127.82555778277889,128.92660522460938,547300
2009-08-07,129.18067480139737,132.5489613471812,129.03083112847094,131.9039764404297,315400
2009-08-10,132.58156166874357,132.58156166874357,128.34676977269035,129.49993896484375,210300
2009-08-11,129.49994488903548,130.54234928487702,127.4346705551171,129.49342346191406,467500
2009-08-12,129.32405568410755,132.89430894666137,129.02435828421224,131.00494384765625,432700
2009-08-13,131.3502121197851,132.77049136940852,128.63343149197948,129.38265991210938,326200
2009-08-14,130.20359990675033,130.92025121259857,128.08620342552254,128.8484649658203,310500
2009-08-17,125.56480654459438,128.20992053472304,122.80893767629549,123.10863494873047,686800
2009-08-18,124.71134458683855,128.54871659877645,123.3627316089198,127.80599975585938,384000
2009-08-19,125.95577363073211,128.8810418774677,125.77335257591405,128.1122589111328,279900
2009-08-20,127.42162894462939,134.8618311923453,127.42162894462939,134.36016845703125,612100
2009-08-21,135.89120439000945,136.8293751847616,134.38622621559392,135.1875762939453,383000
2009-08-24,136.49051261707376,137.16156302939447,132.9723840487672,133.42843627929688,446500
2009-08-25,132.6467081919123,133.18093827522296,130.74430073879944,131.83883666992188,536600
2009-08-26,131.59779899937215,133.2461096175816,129.5325246267777,129.78009033203125,431300
2009-08-27,129.84521282393806,130.731261825382,127.92978263396384,130.46414184570312,419900
2009-08-28,130.92677071842655,132.76401416111807,130.39904202178363,131.3111572265625,434900
2009-08-31,129.0416076361421,130.814043767082,128.72767241372918,130.52627563476562,290600
2009-09-01,130.676676257439,132.6780291313392,126.52353472016426,126.96173858642578,524900
2009-09-02,125.53599805960081,127.74664868486441,125.36594187007387,125.82377624511719,238400
2009-09-03,126.29464360888089,128.93695068359375,126.29464360888089,128.93695068359375,267800
2009-09-04,128.9370057271973,129.4667747247359,126.98797596470199,127.83168029785156,268100
2009-09-08,130.04882894126433,130.63092198347871,128.91080994852015,130.38893127441406,243300
2009-09-09,130.38893570792294,132.59303921577657,129.80030586268342,132.12213134765625,224500
2009-09-10,132.01092891456597,132.508003810348,130.31697415508464,131.90628051757812,236200
2009-09-11,132.2594790970939,132.76962760675386,130.84675554119497,131.9651641845703,282800
2009-09-14,130.4215956408578,131.6511791223809,129.24432636721366,131.6119384765625,216100
2009-09-15,131.61197170681197,132.3183334493453,130.52627697237867,131.24571228027344,290600
2009-09-16,132.7369819646858,135.38583729911184,131.9717588644873,135.35968017578125,386200
2009-09-17,133.43020062313155,135.8108969708911,132.30525520805406,132.39682006835938,323800
2009-09-18,132.32486573862525,135.5688860015653,132.32486573862525,135.51002502441406,413700
2009-09-21,134.61403684303122,135.38579649651285,133.2078498770337,133.6329803466797,278200
2009-09-22,134.43744322818873,136.52382496376256,134.43744322818873,136.17063903808594,204200
2009-09-23,139.74168283447858,143.99946422564213,137.67492152240533,138.0215606689453,739700
2009-09-24,138.78020176766947,139.990165006962,133.29936499369416,134.8952178955078,446300
2009-09-25,134.9082935740714,134.9082935740714,132.76958854066814,133.26011657714844,262500
2009-09-28,134.33281704863901,139.91175842285156,134.2412521601223,139.91175842285156,406400
2009-09-29,139.92481951463245,141.703802760137,139.4866154770753,140.04254150390625,417000
2009-09-30,141.50102745747077,142.9791487227529,139.07454376402848,141.8084259033203,410100
2009-10-01,140.53305225541956,142.37744302965942,136.51726189528526,136.56304931640625,393700
2009-10-02,135.54272581448205,138.67556083391042,134.7317157772625,135.3399658203125,364300
2009-10-05,136.2686887330384,139.4800046044786,135.39227108092715,139.3753662109375,349700
2009-10-06,141.25905825347888,143.27349554711893,137.54412894456414,139.38197326660156,558700
2009-10-07,139.97057950026868,140.21911697527196,137.72723538161145,139.63702392578125,325100
2009-10-08,140.55269234939337,142.08968487739563,139.44737706182184,139.87249755859375,318400
2009-10-09,140.29108716915187,142.0504501854342,139.65013301513054,141.63186645507812,321300
2009-10-12,141.5795264093313,142.90722199839053,141.3179153495469,142.4036102294922,330800
2009-10-13,141.82152277720607,141.86076343975165,139.08110340478328,139.8267059326172,228500
2009-10-14,141.59911820856982,148.46651193231108,141.37020109251702,147.85171508789062,514400
2009-10-15,147.0537496813709,149.02894519619264,146.2427497858759,147.91708374023438,289000
2009-10-16,146.8314469735946,148.54502235943156,145.69996467545343,147.5181884765625,183300
2009-10-19,150.16705740265908,152.9859582457839,149.4279916204653,150.70989990234375,515800
2009-10-20,154.22199218055087,156.96894675276081,152.81580604466726,154.74522399902344,736600
2009-10-21,153.20831037216539,155.51052555716663,152.4169204717574,152.9205322265625,480400
2009-10-22,152.6589271857096,153.83619692779888,149.87926722958153,152.91400146484375,285400
2009-10-23,152.90088843395802,153.78384306522088,150.5986736022319,151.21347045898438,294100
2009-10-26,152.4365877746949,152.7309027750958,148.36192528397967,149.11407470703125,257900
2009-10-27,148.0151971188777,149.08781801743436,144.59458443320898,145.13088989257812,256900
2009-10-28,145.6084146566246,148.9636212324506,143.8882923320211,144.9478302001953,458800
2009-10-29,146.32127780041762,147.65550997770407,145.29443408245663,147.3284912109375,342700
2009-10-30,146.77258225746093,146.77258225746093,140.32377103235874,141.5926055908203,414000
2009-11-02,141.93923048297765,145.04590881456454,141.34405392324294,144.35263061523438,429300
2009-11-03,142.9726287867053,144.751611924715,141.35060829157624,144.5619354248047,253200
2009-11-04,145.20942908190167,146.88376372193832,143.68552029379072,144.1171875,174100
2009-11-05,144.36566754901165,148.2506511683421,144.3133433612306,148.21141052246094,148200
2009-11-06,147.40700126699596,150.18011437512433,146.88376917759487,148.8000946044922,172200
2009-11-09,149.48682603683727,155.39933128342935,149.25137211144516,154.02584838867188,434400
2009-11-10,154.3855462691678,154.80412984936433,151.59934026927294,151.7890167236328,273400
2009-11-11,151.7105502084721,153.91465349623866,151.50779019064353,152.560791015625,341100
2009-11-12,151.6713363269052,153.15600467763235,150.57255779796355,151.2462158203125,240400
2009-11-13,151.2854740853274,152.90094816603914,150.1409079946107,152.45620727539062,127000
2009-11-16,153.0316899389098,157.09326716477528,153.0316899389098,156.28225708007812,236900
2009-11-17,156.3084138632199,157.296006820585,154.73218121260538,156.3214874267578,224300
2009-11-18,156.7727881797055,156.7727881797055,152.4561466283427,154.2220458984375,160000
2009-11-19,153.46994618857218,154.11091033623092,149.70269253417595,151.16119384765625,174100
2009-11-20,149.77457049748412,150.30433921557315,147.39387466693523,147.590087890625,267200
2009-11-23,148.6889146102984,150.76221273051377,147.89098789149978,149.3756561279297,237000
2009-11-24,149.65782519072835,150.70787536084734,147.85305834547546,150.4125518798828,228200
2009-11-25,149.46755955696983,151.8826617498855,149.46755955696983,151.17388916015625,205800
2009-11-27,145.05074154619678,148.31244794658124,144.99823804110574,145.1623077392578,166700
2009-11-30,146.63899195798763,149.1000383858163,145.83833071901216,149.02784729003906,357000
2009-12-01,149.60537927377317,150.86543387023823,147.59715693369498,148.80471801757812,257600
2009-12-02,148.9753065075909,150.45193399500093,148.48965652890624,149.44126892089844,218000
2009-12-03,149.2903036603756,149.9662700460758,147.15739748836495,147.66273498535156,274100
2009-12-04,150.29443597464825,150.29443597464825,141.95313628116895,146.67178344726562,880400
2009-12-07,146.12046603921186,148.259941266267,144.38133128165427,145.38543701171875,548300
2009-12-08,144.3813916244943,148.06967669695976,144.053252098075,146.9211883544922,313100
2009-12-09,147.32802465437842,149.29686096400465,145.72670285363932,148.97528076171875,229000
2009-12-10,148.7324579823924,150.94411419017095,148.7324579823924,149.32310485839844,194500
2009-12-11,149.3296365184174,149.8415430676989,147.81363447059516,148.32553100585938,189400
2009-12-14,148.38465345589177,149.75627386257145,147.15740518473885,148.4305877685547,156500
2009-12-15,148.81779875947294,149.29688956335065,146.82271532304154,148.9228057861328,375600
2009-12-16,149.95977671359842,154.6062340165167,149.95977671359842,153.93026733398438,404400
2009-12-17,152.7488862187992,155.5249426574324,152.1319825626542,154.15988159179688,355300
2009-12-18,154.42903629087388,157.2904136206516,153.87776423998702,156.72601318359375,878500
2009-12-21,157.1131403194058,158.07787095410205,156.17466644449465,158.0319366455078,259400
2009-12-22,157.9532562491801,158.4389064105751,156.45038144719894,157.08041381835938,223000
2009-12-23,157.0803559263057,157.73663481463115,156.1024967776532,156.64064025878906,191200
2009-12-24,156.27971536635042,157.7891489961365,156.27971536635042,157.27725219726562,77300
2009-12-28,157.50691894973733,157.50691894973733,156.00404483759414,157.0934600830078,214200
2009-12-29,157.3100440226612,158.59635502127892,156.66689353036278,156.78501892089844,332200
2009-12-30,157.30349529187544,157.362557991068,155.51841583567509,155.71530151367188,166500
2009-12-31,156.1878150543835,156.22062098733434,152.38795471191406,152.38795471191406,260300
2010-01-04,154.9146425831116,157.2444347746899,153.2542577004029,156.5750274658203,238700
2010-01-05,156.88355334537303,157.29044326714433,155.38066828730078,157.25106811523438,198800
2010-01-06,156.52904978758056,156.62092841714417,153.60861119000214,154.00894165039062,278500
2010-01-07,154.00240380682632,155.99748718837773,153.56925734428512,155.70216369628906,218300
2010-01-08,155.84001029841787,157.11975230087694,155.37404781853664,156.7981719970703,224400
2010-01-11,157.4741011309256,160.0007785979417,157.4741011309256,159.35105895996094,207900
2010-01-12,158.32077989329906,159.60052218564454,156.5028839111328,156.5028839111328,208100
2010-01-13,153.71367848861294,157.47415460685068,153.71367848861294,157.12632751464844,203400
2010-01-14,156.96224604856025,157.69727531854835,155.53812183094698,156.12876892089844,163900
2010-01-15,156.09593270824402,156.65376373744868,154.9868198194442,156.25343322753906,197000
2010-01-19,155.99097232470785,158.07137575590903,153.72024235709293,157.51353454589844,187600
2010-01-20,156.85065547919328,157.1066038469876,154.44211314276436,156.36500549316406,203000
2010-01-21,157.5201084662668,157.5201084662668,150.8654389584196,151.10169982910156,354700
2010-01-22,150.60943050188428,154.67178799925995,146.09422900095686,147.66273498535156,282600
2010-01-25,147.95145785302648,149.82184596418108,146.9145364026031,148.62086486816406,195600
2010-01-26,147.36746609073546,150.215714830285,146.67837106948346,147.47247314453125,203100
2010-01-27,149.86783703644366,151.6857322360665,143.4297431867776,148.82435607910156,560200
2010-01-28,148.97529311373847,149.92689540615436,141.58559715728487,144.14508056640625,632900
2010-01-29,147.53812451690257,147.53812451690257,139.56433628752498,140.32562255859375,483100
2010-02-01,141.26403236790867,143.87601957013499,141.11309102575044,142.1303253173828,426400
2010-02-02,139.68901144681257,142.00567588537794,137.35264942220292,141.75628662109375,716700
2010-02-03,141.63148834963303,145.62166358823367,141.13272020006434,144.8013153076172,601700
2010-02-04,142.27468101430202,142.8193936367095,138.14669164172292,138.63890075683594,540500
2010-02-05,138.10727983657597,139.45921224480043,131.6232436110145,137.0244140625,884900
2010-02-08,137.42479669295864,137.7923212861653,134.28122519012064,134.3140411376953,356400
2010-02-09,135.7643997406175,137.40509683233094,134.63559934039702,137.08352661132812,564800
2010-02-10,136.5913287330698,139.72834102965925,136.5913287330698,138.56016540527344,619400
2010-02-11,138.323904144999,138.63891520758025,135.2656421209602,136.04661560058594,437100
2010-02-12,134.7865970194485,135.95477294921875,133.10652422220696,135.95477294921875,396400
2010-02-16,136.70292780902005,138.08767700195312,135.84976304314247,138.08767700195312,277100
2010-02-17,138.0810893168287,140.23368350666507,137.78576578733706,139.8464813232422,372500
2010-02-18,140.7061545183144,141.25743625751377,138.64543972407517,140.26644897460938,350900
2010-02-19,140.60772371869817,141.880906109806,140.18114653216043,141.43463134765625,294800
2010-02-22,142.75375723245477,143.92193261229494,141.78245746740416,142.5634307861328,374900
2010-02-23,142.78004033581524,143.8629065630083,140.94902655386568,141.0146484375,276000
2010-02-24,142.5765837684527,143.7119434037417,142.08437461850409,143.3050537109375,280500
2010-02-25,142.0843820110133,143.803829526475,140.8308869072277,143.26568603515625,359100
2010-02-26,142.74072238788608,144.2829824744689,142.74072238788608,143.59388732910156,302500
2010-03-01,143.00972392906462,144.2566497151082,141.99248972780782,143.06878662109375,389700
2010-03-02,144.30913101328122,144.5913360773537,142.02528381347656,142.02528381347656,568200
2010-03-03,143.17377684431406,143.86943072844525,140.83085686177725,141.8087158203125,500900
2010-03-04,143.67464807185706,143.67464807185706,139.96261578060356,142.30982971191406,300600
2010-03-05,143.07460099165817,144.973474491485,142.05923728224212,144.9405059814453,557200
2010-03-08,144.94060025816378,144.94060025816378,142.70547064747458,143.81314086914062,293900
2010-03-09,143.06804476589485,144.3141782763816,142.3229985192142,143.0548553466797,323100
2010-03-10,143.60209599621254,144.31417370257668,142.01310806054565,142.21749877929688,502000
2010-03-11,141.28788526929222,142.05931057201522,138.2285930860176,138.7296905517578,730900
2010-03-12,139.76479084061327,140.92521824757569,137.37142943491097,138.45932006835938,601600
2010-03-15,137.81321981518357,140.5758153356151,137.5692607670731,139.89010620117188,384800
2010-03-16,140.7736352259806,140.7736352259806,138.8483915949033,140.00881958007812,290400
2010-03-17,145.05263152127455,149.4371729498449,144.71637677001115,146.8987579345703,895300
2010-03-18,147.03722329110806,149.66795439322073,146.5493253851615,148.78445434570312,406000
2010-03-19,147.92074584960938,149.002047058925,145.81748073903404,147.92074584960938,514700
2010-03-22,147.0306169601071,148.8767433107355,146.3778765186102,148.81080627441406,296900
2010-03-23,148.79769348946814,150.17570179789163,148.2174895254532,149.6680145263672,301200
2010-03-24,149.01520879342016,149.61520166545176,147.52512622409398,148.3492889404297,327500
2010-03-25,148.35589077905954,150.1294906996646,147.92074047521177,148.61962890625,486500
2010-03-26,148.9624662965151,148.969066037244,143.7867302962329,144.5713348388672,538100
2010-03-29,144.39336387957255,145.33620156349588,142.03954942012663,145.08566284179688,314600
2010-03-30,145.05926881674975,145.13179555874055,143.5494067196832,144.47906494140625,222800
2010-03-31,144.2416592581986,146.22623938136468,142.88344076335716,143.5757293701172,324800
2010-04-01,139.40874964938462,139.76478345552164,136.4483540549212,139.151611328125,1632300
2010-04-05,138.9142973447282,138.9142973447282,135.53852955379875,135.82203674316406,645300
2010-04-06,134.25281794891552,135.22203418995394,130.58694348702534,130.91001892089844,1399900
2010-04-07,131.04190292092105,132.79572401103138,130.45509933039028,131.2199249267578,1117600
2010-04-08,130.257292276557,134.89238347424305,130.15179701416454,134.8726043701172,1329100
2010-04-09,134.49012467473295,137.73402692495532,134.49012467473295,135.89450073242188,774700
2010-04-12,135.40666827008567,136.481379940209,134.93194962196876,135.690185546875,561300
2010-04-13,135.61768209668855,136.95612210757716,134.8594460415717,136.41546630859375,335900
2010-04-14,137.27257176973583,139.4022059043356,136.8176322354054,139.36924743652344,586400
2010-04-15,139.77802189543988,139.95604389123187,136.23082170531092,136.2835693359375,579800
2010-04-16,135.88800217904114,136.2704049653674,131.35839539935063,132.36058044433594,821200
2010-04-19,131.54957079990982,134.25941845779573,131.48363375243017,133.58689880371094,454800
2010-04-20,135.06379782585026,135.06379782585026,133.0330595675238,133.96270751953125,319500
2010-04-21,133.4485128434392,135.39354621186732,131.3914045379893,132.65731811523438,386700
2010-04-22,133.18465074011993,137.35821055721567,132.30115101608527,137.00216674804688,698700
2010-04-23,136.42201883650168,139.70548052962252,136.42201883650168,139.13186645507812,591600
2010-04-26,134.70120025214047,134.70120025214047,126.85516260024332,127.2177963256836,1816800
2010-04-27,126.59141783187331,127.76502496317642,121.98269540462216,122.30577087402344,1042000
2010-04-28,123.81566169302394,125.92552719706934,119.45748698392241,121.6069107055664,1106400
2010-04-29,123.19586719651721,126.04416878280585,122.31895671432561,125.52989196777344,699500
2010-04-30,124.89691537093756,125.21999079181747,120.3145724778638,121.31675720214844,846600
2010-05-03,122.3782849702227,123.56508140193934,121.48818513128998,122.47718048095703,421000
2010-05-04,121.34308106241586,121.64637726979649,116.6750338123621,117.14974212646484,668200
2010-05-05,114.98718503539077,117.65088472780718,114.38720218805902,115.25092315673828,766600
2010-05-06,114.59156532942379,118.29699701132341,110.26636178743884,113.15422058105469,1279100
2010-05-07,113.14106515016981,116.0355242951992,111.77624682149514,113.4839096069336,1232400
2010-05-10,116.3849849647767,119.4113085646177,115.12566170329438,116.41795349121094,597500
2010-05-11,115.13221479219632,115.13221479219632,111.92787021650388,112.73885345458984,940400
2010-05-12,113.09489199332455,114.84211274560525,112.75203752210342,114.70365905761719,463900
2010-05-13,114.88170469577585,115.55421429728746,113.43776985977442,113.64875030517578,314000
2010-05-14,113.1411100257064,113.88614659815511,111.19607713630452,111.90156555175781,517100
2010-05-17,111.78286428011924,113.8663506224249,110.2004754478214,112.74549102783203,552400
2010-05-18,113.57622878958186,115.91685326228355,110.4510097457696,111.09056091308594,582900
2010-05-19,110.71471034255744,111.85534861052385,108.1301375307981,110.73448944091797,535600
2010-05-20,109.29717815883679,109.29717815883679,105.55877685546875,105.55877685546875,657800
2010-05-21,104.95218208709852,110.1411178831266,104.17417723807029,109.75870513916016,1070800
2010-05-24,110.44440036639132,111.87514572144266,106.77852599151976,106.78512573242188,586400
2010-05-25,104.18737717712523,107.18733206443932,102.52586199851433,107.10161590576172,701800
2010-05-26,108.62466886500891,109.30377828129107,107.03568039909031,108.15653991699219,1075000
2010-05-27,111.18946055135416,113.72128646972784,109.6795986023926,113.66194915771484,725200
2010-05-28,113.72789055907589,114.77622335370916,109.93014147575194,110.6883773803711,575900
2010-06-01,108.84881766638283,110.68835451374146,107.40488295367213,107.6026840209961,338500
2010-06-02,109.05325740872166,109.2510585649129,107.18076125935877,108.63788604736328,495900
2010-06-03,111.3642686387898,111.3642686387898,107.60966922259563,108.6843032836914,353600
2010-06-04,106.79374056228136,107.71580546777108,105.51345756572977,105.7987060546875,580600
2010-06-07,106.54825983410552,107.58309379168564,104.35919267246055,104.47859191894531,546200
2010-06-08,104.09384729871148,105.06235174493739,100.70409691993837,103.80860900878906,992100
2010-06-09,105.37416187271016,105.37416187271016,102.41558805235944,102.76053619384766,507800
2010-06-10,103.60294198616192,105.15520282024343,102.13030088225476,104.13362884521484,580800
2010-06-11,102.22975805630387,105.64603622088701,102.22975805630387,105.56643676757812,328900
2010-06-14,105.44710710889923,106.93301853435732,104.77711086180167,105.3210678100586,421400
2010-06-15,106.13041247163288,108.31948087337183,105.36754640622394,108.31285095214844,342900
2010-06-16,107.00596969750768,108.4056514580321,106.34261360478541,107.14527893066406,331800
2010-06-17,107.63622375081434,107.72246333622562,104.60468976124976,105.71912384033203,341500
2010-06-18,105.3741375212553,106.43550137915216,105.07561913052227,105.3210678100586,329100
2010-06-21,106.65441668025895,107.36421272376315,104.16020083318679,104.75721740722656,406600
2010-06-22,104.08057440755505,105.34758706533776,103.37078860058476,103.3774185180664,246100
2010-06-23,103.12538735874547,103.88161322758008,102.12371274617338,102.85340881347656,296600
2010-06-24,102.54160145098363,102.68090058308138,99.86827680497764,99.99431610107422,301200
2010-06-25,99.94126087375217,103.26467223584602,99.68918224502973,101.05569458007812,676800
2010-06-28,101.36082163821474,102.05070757980691,100.51835649443409,100.92300415039062,243400
2010-06-29,99.15182505974835,99.45696316044014,96.31929202188294,96.58464050292969,470000
2010-06-30,96.09377145301885,97.54652302832851,94.86655853745286,95.1252670288086,311400
2010-07-01,96.41883442875687,96.41883442875687,91.82177037939289,93.0821533203125,639800
2010-07-02,93.16170832354685,95.5365237649068,92.3922130163336,94.72058868408203,533600
2010-07-06,95.64267690317394,97.91799357210408,95.0921002517818,96.32594299316406,473100
2010-07-07,96.31935461537454,98.58140254150169,95.93460665933404,98.49516296386719,332600
2010-07-08,99.44375079967486,100.99600219726562,98.76049458307683,100.99600219726562,462800
2010-07-09,100.79036972882092,102.99270764111924,99.86830476795237,102.80033874511719,373300
2010-07-12,102.10380904619396,103.27795262984924,101.45372265182624,102.25637817382812,194300
2010-07-13,102.97944073365677,105.10880889332435,102.8865712519581,104.08060455322266,366900
2010-07-14,103.93465570537089,103.98772542170458,101.56647908080883,102.9860610961914,267000
2010-07-15,102.6676474619434,103.07229517071322,100.18006157737808,102.15023040771484,278700
2010-07-16,101.4603073318426,101.47357728720274,98.81352313107057,98.93292236328125,360400
2010-07-19,99.50343526186235,99.64274452491462,97.40722712972936,98.2629623413086,201900
2010-07-20,97.08880427662449,99.1518422603593,96.31930873111313,99.07887268066406,443100
2010-07-21,99.6692896912951,100.16017702488125,93.53987348998179,95.07886505126953,1127600
2010-07-22,95.95445901561355,100.96279976200924,95.52328158504108,100.30608367919922,587200
2010-07-23,99.6891690179181,103.21158882363552,99.51006000958994,102.48190307617188,466000
2010-07-26,102.98607463407099,106.06404773194139,102.82686546414132,105.90483856201172,439300
2010-07-27,106.3293514623589,107.8882424436153,104.27295349701228,104.53166198730469,388500
2010-07-28,104.94297538520279,106.13038895216067,103.10547541181859,104.1469497680664,308600
2010-07-29,104.8102961529898,106.11047896401682,103.29121466876235,104.9695053100586,438100
2010-07-30,103.88159817510683,105.63285836086125,103.48358035570253,104.47198486328125,313700
2010-08-02,106.13700321329378,108.46538007736059,106.13700321329378,108.02757263183594,369200
2010-08-03,108.02754319664963,108.08724281540702,106.36915297331765,106.6941909790039,345300
2010-08-04,106.56155812027747,106.96620587762533,104.27298085613575,106.42224884033203,489400
2010-08-05,105.80529989574936,107.17845190656668,105.51342158686002,106.48192596435547,222000
2010-08-06,106.02425020426648,106.02425020426648,102.31609051222115,104.25308990478516,542700
2010-08-09,105.01594347110424,106.37582603012777,104.55159604466112,105.90483856201172,294200
2010-08-10,105.40066504380792,106.8069769331624,104.47860034091777,105.74561309814453,329600
2010-08-11,102.67427018973014,103.67593439184033,101.31438797700262,101.4603271484375,336700
2010-08-12,100.66438958158462,100.66438958158462,99.06569734082268,99.17183685302734,423300
2010-08-13,98.8400613069508,102.09714226654975,98.83343138971324,100.55152130126953,295200
2010-08-16,99.73556991998689,100.33258621893255,98.83340543406358,100.04734802246094,303100
2010-08-17,100.9959726438731,101.75882815855263,100.41221599972857,100.7637939453125,203300
2010-08-18,100.63779686996263,101.32105310448834,99.17840479426238,99.82186126708984,227500
2010-08-19,99.4702359813231,100.4520000844626,97.51333769150774,97.73224639892578,411100
2010-08-20,97.51336219770229,97.84504030041556,95.85497168413592,96.45198822021484,536800
2010-08-23,96.6576503891133,96.85001926135733,94.62114170087294,94.9594497680664,433800
2010-08-24,93.84500086210211,94.32924804588038,92.92293616432652,93.79193115234375,434900
2010-08-25,92.88314566172758,93.95777955581188,92.44532810413281,93.66590118408203,428400
2010-08-26,94.04401135923474,94.3624195012442,92.4983901977539,92.4983901977539,265500
2010-08-27,93.14848135898819,94.01747640782858,92.31265614631994,93.63272857666016,302900
2010-08-30,93.75878495794315,95.05896786980823,93.45364670241314,94.30937194824219,337700
2010-08-31,94.4162457309683,94.98408655333459,93.69474486809666,94.83043670654297,360800
2010-09-01,96.62079603500368,98.2842464287144,95.67215917667741,97.91682434082031,318600
2010-09-02,97.20202705292286,99.94773420422817,97.20202705292286,99.74063873291016,317300
2010-09-03,100.34188063300243,101.27047687581137,100.26839415938248,101.24375915527344,300400
2010-09-07,100.80951821453527,101.43081480573356,100.43540896094657,100.72935485839844,220600
2010-09-08,100.37529566790592,102.09887933922607,100.37529566790592,101.50431060791016,367300
2010-09-09,102.91388983157998,104.21659523325327,99.23289971955809,100.70262908935547,463300
2010-09-10,100.72940439356799,101.25717393090756,100.0413080651117,100.98326873779297,292600
2010-09-13,102.0186863325496,102.88047282094695,100.19488879307028,100.6692123413086,385900
2010-09-14,100.82958263771249,107.22287682155077,100.1748912907993,106.58822631835938,1011900
2010-09-15,105.7598040711297,110.77021745478156,105.7598040711297,110.16228485107422,735900
2010-09-16,109.1401650906964,109.82158418855306,107.24956781898364,108.58567810058594,429600
2010-09-17,109.05332638678647,110.52972256022775,107.59696085864124,110.26250457763672,544100
2010-09-20,110.75017510320342,115.03241079639999,110.75017510320342,114.69169616699219,749500
2010-09-21,115.35309169600315,115.48670069903869,111.35143732500781,112.0662612915039,764700
2010-09-22,112.37354652658343,113.1685234880869,110.068748406436,110.72344970703125,469400
2010-09-23,110.72342096935319,110.72342096935319,107.46330984914188,108.00443267822266,676200
2010-09-24,109.70131517856625,111.83240204920774,109.56101914442928,111.71883392333984,299300
2010-09-27,109.28050764490625,111.73226983141383,109.1669394459021,110.83039093017578,377200
2010-09-28,111.56524930393705,112.76106395794771,110.08884241773364,112.68090057373047,394600
2010-09-29,111.9727075653016,113.74304937390698,111.9727075653016,112.740966796875,561300
2010-09-30,113.56269849108727,114.9054856713473,113.23534779821725,113.73638916015625,728700
2010-10-01,114.77184070238042,114.77184070238042,113.13510813852676,114.46453094482422,416400
2010-10-04,114.61153889510254,114.61153889510254,112.94140103478988,114.17730712890625,453400
2010-10-05,111.56522546773967,115.21948845873699,111.01073839336689,114.44454193115234,846400
2010-10-06,113.6094783172567,114.48462909560148,113.29549152283634,114.47127532958984,439900
2010-10-07,114.63826723005712,115.48001304500731,114.1038210740532,114.20402526855469,306000
2010-10-08,114.90546213931546,116.80273592814851,114.18396150263729,116.57559967041016,406600
2010-10-11,117.39067343071527,118.78022962231779,117.04328183438602,118.40612030029297,566900
2010-10-12,117.72472854722082,119.41490796757218,116.66252286130202,119.32138061523438,454000
2010-10-13,119.84912964744149,120.918022320022,118.9272201658997,119.74224853515625,401600
2010-10-14,119.3213541211584,120.33680100229721,118.43283937437624,118.746826171875,724500
2010-10-15,117.9117481514977,118.81362678991538,116.90966530601754,117.4040298461914,339600
2010-10-18,116.98980858374291,118.4662148744757,116.98980858374291,117.91172790527344,447500
2010-10-19,116.74261603905508,117.57768482331156,115.57351974109602,116.6624526977539,380800
2010-10-20,116.56231723791491,116.86294016502117,112.28008936048008,113.24208068847656,1435400
2010-10-21,113.55607495402181,113.61620769832234,110.34272951913991,111.07090759277344,923300
2010-10-22,111.79906802643839,113.59612837332385,111.51179892231181,111.9393539428711,593300
2010-10-25,112.03953232815142,113.32219697729518,112.03953232815142,112.49380493164062,765300
2010-10-26,112.1330733840802,113.06166973734545,111.56522236640642,112.64746856689453,329600
2010-10-27,112.04622425343177,112.69423864354609,111.03746452350694,112.56730651855469,314300
2010-10-28,113.00150768883583,113.46915437904812,112.03282990457382,112.32009887695312,319600
2010-10-29,112.62069810877988,114.40440349773304,112.40023876492603,114.230712890625,578400
2010-11-01,114.73181136691461,116.55559933026693,113.67628285729684,114.8052978515625,302900
2010-11-02,116.12803481110078,116.47542636387172,115.30632978227621,115.60026550292969,211500
2010-11-03,111.21783632590086,112.83452882451928,109.56773902569115,110.67003631591797,1959200
2010-11-04,111.89257576528318,113.54267302281266,111.37149349382273,112.90801239013672,2337800
2010-11-05,112.96144194577384,116.21487743146565,112.92136026809473,115.67374420166016,1184600
2010-11-08,114.89879929968899,115.09253079173754,112.8278244305719,112.96143341064453,2274300
2010-11-09,110.63660571663114,111.89922945014096,109.78817288387432,109.90174102783203,16343600
2010-11-10,110.64998107162549,112.86791893534564,110.3025895289779,112.5539321899414,5091100
2010-11-11,112.23328086341931,115.17940693257543,110.92388810144523,114.37105560302734,3135500
2010-11-12,113.78315628816442,115.62698480402389,111.89923590120397,115.62030792236328,3350200
2010-11-15,116.05461509600657,116.07465594772303,114.18405745062319,115.62705993652344,1715400
2010-11-16,114.14393578794406,115.1393419141752,110.75021343786106,111.7522964477539,2319400
2010-11-17,112.40033379788052,113.57610776549296,111.5919821869661,112.85460662841797,1929800
2010-11-18,114.4579146069949,114.85206478349063,112.81449410049136,113.00154876708984,2262700
2010-11-19,113.32219666917598,113.56937380900759,111.43827628124457,112.88795471191406,842100
2010-11-22,112.60738561288824,113.43577775072204,111.07085657686899,111.4783706665039,1077000
2010-11-23,110.89715718359236,110.94392593803748,108.59236890737472,108.91303253173828,1200500
2010-11-24,110.26919761325003,111.19779400030033,109.84831954498578,110.82368469238281,948900
2010-11-26,110.32261353767181,110.87710046743709,109.56770804873537,109.96186828613281,230900
2010-11-29,109.65460431385004,109.84833587936005,107.91097944939756,108.95983123779297,1046000
2010-11-30,108.41198199018807,109.56103759016726,108.22492737565302,108.89298248291016,1147600
2010-12-01,110.57348879541314,112.75807140079365,110.06935434801764,112.67068481445312,1506800
2010-12-02,113.00673427612519,115.53413397158343,112.98656972592848,115.51396942138672,1048400
2010-12-03,114.63340685374793,116.1256451155479,112.96640573716198,115.85005950927734,719600
2010-12-06,116.0785922563192,116.25335510258259,114.23681811812621,115.26525115966797,747600
2010-12-07,116.29369208310956,117.27507799497972,114.00156935047148,115.20476531982422,1323500
2010-12-08,115.28546359068271,117.16084950885126,115.11070067183475,116.75753784179688,848900
2010-12-09,119.73526205868556,120.92501163811447,117.71872483121302,120.87124633789062,1489600
2010-12-10,120.85776183106039,123.08267223043762,119.98392725629806,123.04234313964844,1982000
2010-12-13,123.6809211784738,124.54130937483662,122.04753132740005,122.25590515136719,925700
2010-12-14,122.29625032556999,123.83553574057908,121.89293881821719,122.78022003173828,713800
2010-12-15,123.06922606699625,123.76829783108317,121.4291079935256,121.59715270996094,753100
2010-12-16,122.1013016025291,123.21040301890342,119.80245083491248,123.08268737792969,937900
2010-12-17,122.82051283931344,127.06195948436462,121.83240916924451,125.83187103271484,3979700
2010-12-20,126.05369706928795,127.04180078481174,124.66229220366647,126.7057113647461,1502200
2010-12-21,127.33756971927144,129.44821100962668,126.86704655071502,129.40115356445312,888800
2010-12-22,129.9927195614798,130.227986356054,127.9224066418006,128.3593292236328,678600
2010-12-23,128.19800713804358,128.88363273664277,126.64527495678287,126.82003784179688,356200
2010-12-27,126.74606764364619,127.69384247314028,125.71763461815678,127.21659088134766,387900
2010-12-28,127.17626648402047,127.71401174268564,125.93274147103484,127.31742858886719,304400
2010-12-29,128.07696296719703,128.70209467703336,127.28379678916191,128.2651824951172,379600
2010-12-30,127.5796264637347,128.11737192670645,126.18149236266476,126.38314819335938,379000
2010-12-31,126.57131445529464,128.11732828850822,125.93946452076611,128.1038818359375,480700
2011-01-03,128.73571984639653,131.07489980176973,127.39807999705577,127.84172058105469,1085200
2011-01-04,128.56101111668,128.72233784344422,126.84696208178087,127.74095153808594,794400
2011-01-05,127.73417144976702,129.62299275286932,127.20987266302109,129.05836486816406,925300
2011-01-06,129.51544631215484,129.58938641328544,126.6116383316316,127.66695404052734,727300
2011-01-07,128.73574461499172,128.73574461499172,124.66234089388092,126.61165618896484,886200
2011-01-10,126.4435916717053,128.7491607107049,125.98650461980299,128.50045776367188,898300
2011-01-11,128.9709533671217,131.531953158455,128.1979517880818,130.01283264160156,734000
2011-01-12,130.8732863059417,131.2362688124386,128.41310800773982,130.2952117919922,818100
2011-01-13,130.29517604465556,131.80757880796065,129.3877405406551,131.61936950683594,609000
2011-01-14,131.29671521381414,133.8308327209869,130.1808956979449,133.80393981933594,808200
2011-01-18,133.971993530974,134.4290805799289,130.23467996880225,132.09661865234375,812000
2011-01-19,131.5857690176049,132.37894564140117,128.38620038623313,128.7626190185547,774300
2011-01-20,129.55576385622808,129.7372447730183,127.2098558213477,128.2987823486328,806800
2011-01-21,129.3675735532678,130.83963693290357,128.5878434595081,129.77760314941406,627400
2011-01-24,130.557334645253,131.00769338014896,128.594573040494,130.12042236328125,789900
2011-01-25,133.9921744500496,134.34842853953742,131.02114416710359,133.09817504882812,1361900
2011-01-26,133.87119022275684,134.99372807391006,132.36550536655378,134.408935546875,1313700
2011-01-27,134.94667926706,135.82051419270195,133.59560289993397,135.59869384765625,729600
2011-01-28,135.36343346075483,135.42392711951138,130.36913730285497,130.59095764160156,1041700
2011-01-31,130.80606794930554,133.22590675856893,130.7657285843405,133.10491943359375,699800
2011-02-01,133.91818506823142,135.78012329417265,133.42749739551124,135.26254272460938,639200
2011-02-02,134.14676758701978,134.42908153545267,132.43942718796308,132.84945678710938,778200
2011-02-03,132.41928138099092,132.97047316068733,130.7455517462726,132.2982940673828,462100
2011-02-04,132.48649284773828,132.85618311431912,130.44306282302114,130.63800048828125,702200
2011-02-07,131.249684614146,133.42754854474748,131.07492174421037,131.74710083007812,808400
2011-02-08,132.27137282564087,134.06608938951504,131.1152242122884,134.01231384277344,727600
2011-02-09,133.27295376824597,134.87273306060683,132.59404630923044,134.18038940429688,447000
2011-02-10,133.09817891678753,135.50458130783298,133.09817891678753,134.91307067871094,486900
2011-02-11,134.4424868222508,136.8556166659289,133.76358988257215,136.734619140625,473000
2011-02-14,136.78844951094243,138.76465774444782,136.17676405644994,137.80343627929688,672500
2011-02-15,136.86241744959764,138.46892544620792,136.1431807291892,138.24038696289062,457800
2011-02-16,138.48904320375877,139.14105767620245,137.1245206084314,138.02523803710938,458200
2011-02-17,137.81017579834125,138.1193724716854,136.31793722589904,137.52113342285156,379000
2011-02-18,138.09917601402455,139.45698049061426,136.38511748147698,138.9192352294922,516900
2011-02-22,136.7279298380334,137.23206407692197,133.03094541951697,133.36703491210938,537500
2011-02-23,133.7636530695869,134.32156300414127,130.6581886271816,131.16232299804688,682900
2011-02-24,131.60596997805274,135.4037888695318,130.12045958905287,135.24246215820312,832500
2011-02-25,136.44564858088674,137.49424640790681,135.4037688529384,137.07077026367188,863900
2011-02-28,136.52627704965775,138.20672454903485,134.77860754765055,137.1177978515625,685300
2011-03-01,141.0029993934637,141.0029993934637,135.04076436371483,135.3970184326172,748100
2011-03-02,134.9264393357397,135.80027377320644,133.58881017043265,133.66275024414062,710100
2011-03-03,134.9454619974523,140.21820276990746,134.83717233737778,140.1505126953125,704800
2011-03-04,140.23170418336463,140.4076942105241,136.05548356058736,136.651123046875,537400
2011-03-07,137.06402017817774,137.47690480023172,133.09762392187474,134.18060302734375,654600
2011-03-08,134.74917090508146,135.635855068657,133.23977733142272,134.5799560546875,564300
2011-03-09,134.06546314814742,134.5460272403195,132.427455327595,133.27352905273438,552300
2011-03-10,131.56787960667796,132.8065330408795,127.8654593783848,128.86044311523438,944700
2011-03-11,129.1108602493918,129.90278407682428,127.46609776042804,128.5896759033203,593700
2011-03-14,127.70986431398757,128.04829411383773,125.61837062964749,127.5406494140625,584400
2011-03-15,124.0615159032156,126.42375818513094,122.03093834119542,125.6927490234375,792200
2011-03-16,125.35433408456234,126.05149830278182,121.50977840848024,121.67899322509766,924900
2011-03-17,124.06154033251154,124.90761448328938,122.99211169461553,124.51504516601562,675100
2011-03-18,125.40853327749986,126.41028249312204,123.92620924975601,124.9144287109375,748500
2011-03-21,125.2257186526643,126.66066720012216,125.21895377866684,125.89581298828125,461800
2011-03-22,125.64539277478788,126.12595708493994,125.00236818957258,125.23927307128906,509900
2011-03-23,125.07008259290059,125.31375239681667,122.76198949581426,124.33907318115234,525700
2011-03-24,124.50825339965516,126.23424650324563,124.50825339965516,125.59123229980469,1010400
2011-03-25,126.29518604723184,127.93995966969901,125.59125685414602,127.4120101928711,592500
2011-03-28,128.12947721601327,129.063536097361,126.7013035722131,126.89082336425781,570300
2011-03-29,126.7486469320486,127.16153144693607,125.35431866709958,126.23423767089844,975700
2011-03-30,132.89455219314723,135.4395497655454,131.90634340101442,134.58670043945312,4569000
2011-03-31,134.08581325204622,136.07577064824048,134.08581325204622,136.0554656982422,2705100
2011-04-01,136.75943255237547,138.4177358799474,136.72558751955685,137.01663208007812,18680000
2011-04-04,136.31938969880656,137.2669984346723,135.24996163629004,136.04188537597656,1768900
2011-04-05,135.54109735923043,136.8609711480539,134.64763797722378,135.01991271972656,1303700
2011-04-06,135.87271617961648,135.87948105335124,134.49191766191592,134.84388732910156,1058800
2011-04-07,135.13491553991636,135.22967540104406,133.20587329666267,134.01133728027344,959400
2011-04-08,134.69500459475506,135.3109490542981,132.19739205304717,132.73211669921875,817000
2011-04-11,132.56290498008366,133.53757374757365,132.33954016001707,132.63058471679688,797900
2011-04-12,133.4834270332511,133.4834270332511,131.2565541536105,131.83865356445312,904900
2011-04-13,132.6847605055309,133.29392989468096,130.82339697105974,131.77099609375,1179600
2011-04-14,130.74211189382615,131.5069556868578,130.05847756328328,130.89102172851562,679400
2011-04-15,131.97405453327357,132.04850948694747,130.329291004008,130.79632568359375,681600
2011-04-18,129.33435126581276,130.6271557570575,127.9670917952801,128.97561645507812,971100
2011-04-19,129.4967305864309,129.977294921875,128.16331689436464,129.977294921875,708700
2011-04-20,131.56109378950555,132.98926683662125,130.49843042294918,131.1211395263672,984100
2011-04-21,132.5291019136987,134.83719545720248,131.39197249946864,134.61383056640625,959000
2011-04-25,134.53930895251878,135.3650780204192,132.59671598390787,133.42926025390625,803400
2011-04-26,133.61877969917668,135.03341297542485,133.16528526589363,134.64759826660156,565700
2011-04-27,134.78977455675334,135.6493888486876,133.19238603009845,135.30418395996094,746400
2011-04-28,134.62729661673723,134.92511633020646,133.02314354779406,134.01812744140625,534200
2011-04-29,133.9165981186318,134.2008777459561,131.9063254493621,132.62379455566406,454000
2011-05-02,133.24658377724168,133.67977351627337,132.20422451796668,132.3463592529297,462900
2011-05-03,133.75413963724247,133.75413963724247,129.96372419255064,131.35806274414062,570700
2011-05-04,133.38188188034331,133.91660647046163,130.3766251639872,131.3174591064453,574300
2011-05-05,130.78280131568613,131.2295310914027,129.1041925461519,129.59829711914062,516700
2011-05-06,131.37162500429895,133.72032770784824,131.23625520378263,132.4884490966797,746600
2011-05-09,133.5578693631796,133.5578693631796,131.46636647527453,133.11790466308594,431600
2011-05-10,133.34803308610043,134.1264273968591,132.44104419730022,134.01812744140625,423100
2011-05-11,133.44274502604472,133.44274502604472,131.42570813860007,131.66261291503906,503200
2011-05-12,131.41897707691544,132.66439545346054,130.01110878375746,132.5831756591797,485000
2011-05-13,132.81332295534483,133.11790755245013,131.23623966236113,131.47314453125,299600
2011-05-16,130.13298149490535,132.59674924039825,129.7742468475052,129.92315673828125,457900
2011-05-17,129.33433626918023,129.92320082832106,126.89087264976929,128.9688262939453,608300
2011-05-18,128.92813668709928,131.14146914858404,128.26481756726025,130.80303955078125,361900
2011-05-19,134.03844558028408,135.27709933151203,132.68472698808563,134.08583068847656,916100
2011-05-20,134.01817303209245,135.365127075111,133.56467843342125,133.68650817871094,566300
2011-05-23,132.37340958153632,132.7998240183611,130.9790704180338,131.81161499023438,542500
2011-05-24,130.32247400937194,131.4663677817096,129.63208501820503,130.6676788330078,1056300
2011-05-25,130.6338573946288,132.56967559090452,130.6338573946288,132.2650909423828,625500
2011-05-26,132.2718033538896,134.1670108890581,131.31066467655097,133.7067413330078,629900
2011-05-27,134.01816500798526,136.17057300367736,133.81510511660457,135.82537841796875,663000
2011-05-31,137.0640502079192,139.13523864746094,136.3059708648337,139.13523864746094,897700
2011-06-01,140.27911586973718,140.3941807326521,134.89131030091468,134.9319305419922,1055300
2011-06-02,134.98606560086176,136.06904477542386,133.94370666599102,135.0876007080078,600600
2011-06-03,133.77555239623936,133.80963221034168,131.908088820244,131.9694366455078,753800
2011-06-06,131.45834193378593,132.2080462521675,127.79838422784329,128.03012084960938,795600
2011-06-07,128.84110875572233,130.5654518863378,128.45943974962736,129.2500457763672,678000
2011-06-08,128.9910903826193,130.08158249876416,128.77299819921245,129.28416442871094,600300
2011-06-09,129.62491452573357,131.64231099471783,127.75063874693394,131.07662963867188,440500
2011-06-10,129.57039594970078,130.6472538855997,126.271672895247,126.64653015136719,896000
2011-06-13,126.91230926529866,128.96378523310423,126.769178197917,128.76612854003906,762100
2011-06-14,130.6609036502625,131.5401049572681,130.25877832718865,131.24021911621094,516900
2011-06-15,129.85666038672204,130.43598623891356,126.43525171551342,126.98731994628906,826600
2011-06-16,127.44395980445388,128.81388146663457,126.21715885340251,128.22093200683594,826800
2011-06-17,130.1428854439511,130.17696526348902,127.3825864565914,127.6824722290039,659200
2011-06-20,127.34848507648299,129.35224692620514,126.8645767197713,129.08644104003906,407300
2011-06-21,129.73399713138218,130.75632962130732,128.58897933482,129.99298095703125,543000
2011-06-22,129.28418966346464,130.45646527723858,128.86844063300177,128.90933227539062,590300
2011-06-23,126.89191261947386,128.12553598019355,125.89003627631662,127.70296478271484,690500
2011-06-24,127.7778765988462,128.03687072157672,125.07210351565556,125.671875,771700
2011-06-27,125.7878249631915,127.73707323436851,125.47431539773129,127.49853515625,434200
2011-06-28,127.77107982737272,129.00469235759385,126.9055023151249,128.99105834960938,593300
2011-06-29,129.8225895777434,131.1993335481921,128.97064585340448,130.78358459472656,829200
2011-06-30,131.41058927544054,131.73092088767453,129.38637053417548,130.72903442382812,782100
2011-07-01,130.89264067355307,134.02097564778646,130.24516549932085,133.87103271484375,741100
2011-07-05,133.20306520777712,133.82328254112272,132.3442995463138,132.5692138671875,402300
2011-07-06,132.35108523537434,133.43475451903683,131.60137103930106,133.2779998779297,570600
2011-07-07,134.78430249397562,135.69759402618217,134.30040430572964,135.28184509277344,414300
2011-07-08,133.07360624875722,133.48254338558738,132.1262452681473,133.2099151611328,618200
2011-07-11,129.61131772605017,131.1652623495124,126.64655961010182,127.02822875976562,835600
2011-07-12,126.36024649993027,128.5139620060255,125.0652966347098,125.19479370117188,943500
2011-07-13,126.24438659717802,127.45074144685313,125.74685452911444,126.12171173095703,765300
2011-07-14,127.00778123221848,127.32129071535098,123.8794358089261,124.22703552246094,672400
2011-07-15,127.98919287744926,127.99601508240714,124.28154287659984,125.77413940429688,745700
2011-07-18,125.56971997189777,125.56971997189777,121.84842441358633,122.85031127929688,701000
2011-07-19,123.6953753309955,125.36518238868511,122.48220870787732,125.19479370117188,1211500
2011-07-20,129.2023600879451,130.5109441740764,125.50151178211121,125.74687194824219,915900
2011-07-21,125.91726372409066,128.52762015507665,125.91726372409066,127.94148254394531,728600
2011-07-22,128.2754613241607,129.48862829948456,127.79155273526706,128.0778045654297,572500
2011-07-25,126.42845619365734,127.73704058392367,125.542432587831,126.76923370361328,393400
2011-07-26,128.62992249318805,128.62992249318805,125.0790253797035,125.69242095947266,762200
2011-07-27,125.8014235424674,125.8014235424674,119.71513196553522,120.52618408203125,1612500
2011-07-28,120.86692320640142,121.49395236131397,118.62461253720001,119.3198013305664,1279500
2011-07-29,117.56817867984887,122.39358691362914,117.48639544867085,121.6302490234375,1276300
2011-08-01,123.63404061434784,123.70220025646331,119.3334313492737,121.56211853027344,978800
2011-08-02,122.35274283470201,122.35274283470201,118.55647691721012,118.92452239990234,1141800
2011-08-03,119.00627371995091,120.43754283566577,115.55078619186506,118.21566772460938,1490600
2011-08-04,116.46409905794864,117.69088949938839,111.01166011927617,111.26383209228516,1276000
2011-08-05,112.89277553431717,114.20135995300673,107.00414045036187,110.12566375732422,1897300
2011-08-08,104.97990891320563,108.87159228310864,98.92088577771246,98.99585723876953,1855300
2011-08-09,102.24685984297358,106.79282937044034,98.58009148181294,106.69058990478516,2030800
2011-08-10,103.29645274827618,105.72278638194551,99.41840393728258,100.9110107421875,1944200
2011-08-11,102.26726035440373,112.12935533653942,101.32671176546266,110.39820098876953,1968300
2011-08-12,113.86054467304812,114.84198526149018,108.9874319509128,109.77803802490234,947800
2011-08-15,110.84130250005573,112.8927794824005,110.4187312919548,112.552001953125,782900
2011-08-16,109.15784627645753,112.32707272084349,108.30590256563298,109.83940124511719,874900
2011-08-17,110.63678339612669,112.238430812736,108.62619897118728,109.85298919677734,867500
2011-08-18,107.52212754862812,107.52212754862812,102.57404132558676,103.7872085571289,1029400
2011-08-19,102.40359859574373,106.34979592250045,102.23320991255613,103.13967895507812,1195500
2011-08-22,105.8045668689227,106.6428763291,103.24191426264983,103.71218872070312,1197200
2011-08-23,104.48235935077564,108.66710566435658,102.39680319836287,108.64665985107422,1118000
2011-08-24,107.92419273579667,111.59095001220703,106.84051284064066,111.59095001220703,707600
2011-08-25,112.60652045549668,114.48079674749935,107.01094920422977,108.12188720703125,1036700
2011-08-26,107.7197529510013,111.10025939746511,105.35475663960352,109.72352600097656,742600
2011-08-29,111.61822235868007,114.69884228678039,111.09342229848289,114.62387084960938,594300
2011-08-30,113.99003743839835,115.14186668543502,112.89273382195698,113.81964874267578,627400
2011-08-31,114.46910923309287,114.99825585396518,112.06386300208322,113.21837615966797,1460800
2011-09-01,113.19773501553317,114.35224791215656,111.431592434675,111.79581451416016,814200
2011-09-02,110.08464419827476,110.6893949501364,106.55237005279076,107.23270416259766,769100
2011-09-06,103.25374616728182,104.88243751002908,102.32600448650523,104.73812866210938,1055400
2011-09-07,106.38741738180666,109.28058803300362,105.98883267890804,109.20499420166016,924700
2011-09-08,108.40790259594236,108.79274038222444,106.8754198091251,107.10906982421875,909800
2011-09-09,106.16751986553551,106.47676355925812,103.13690859777425,103.81725311279297,879100
2011-09-12,102.57341370558724,104.49074394310972,101.77625455533678,103.97533416748047,939700
2011-09-13,105.39097676196164,105.61087944973873,103.13005080613306,103.92034149169922,1192300
2011-09-14,105.1435912636371,106.05071747646497,102.46346470035192,104.66254425048828,1101800
2011-09-15,105.98886899043904,109.58300090124936,105.48720638476536,109.39057159423828,1009800
2011-09-16,109.94032468588308,111.252903935611,108.38035884101893,110.55882263183594,1152900
2011-09-19,107.54882502441406,108.38722564942987,106.17439914550782,107.37702178955078,714100
2011-09-20,108.26352701213612,109.55549075523243,106.7516605707047,106.91659545898438,702200
2011-09-21,106.78606245906118,107.77565117939844,101.164663319981,101.1715316772461,895800
2011-09-22,98.03781779538294,99.95513762164674,96.36101624883699,99.47409057617188,1301400
2011-09-23,98.65627802431419,101.62504265856577,98.12712117786877,101.45323944091797,770800
2011-09-26,101.71440036147189,103.52177404927147,99.42597963301435,103.3224868774414,872500
2011-09-27,105.7620914649496,108.40786608359262,103.86538709164677,104.79312896728516,1188000
2011-09-28,108.38724515504852,108.38724515504852,101.88620496402336,102.08550262451172,952700
2011-09-29,104.9580834627997,104.99244622471029,101.75567748196079,104.22277069091797,1147400
2011-09-30,102.6421584685846,104.16090417301967,101.43953543305969,101.71441650390625,1095600
2011-10-03,100.88973435982889,102.18856645255313,97.1925252289255,97.42618560791016,1041900
2011-10-04,96.25107429597385,101.41205188068544,94.14820368700865,101.15777587890625,1300000
2011-10-05,101.37766250825038,103.86537015903072,99.996357696996,103.41868591308594,869300
2011-10-06,103.40495302928453,104.58696036625693,99.85206266253864,104.22960662841797,781000
2011-10-07,104.69694319281743,105.14362761244038,101.49452692012831,101.5563735961914,1009800
2011-10-10,105.06115791659904,107.70005410163995,103.72108378081361,106.68984985351562,1081400
2011-10-11,105.45285768462686,106.82041565292737,104.4701478955867,105.18484497070312,776200
2011-10-12,106.1675654982436,110.08467843645933,106.05760887533631,107.20525360107422,1219000
2011-10-13,106.88223476397967,106.88223476397967,102.75208849733305,105.59027099609375,1038100
2011-10-14,105.86517771420966,109.60361856988244,105.86517771420966,107.14339447021484,1061300
2011-10-17,106.00257976091088,106.7722547803047,103.25372842189212,103.58358764648438,619700
2011-10-18,103.7829453294293,108.41475580635817,103.27440376230044,107.41143035888672,1155200
2011-10-19,105.14360583264452,105.83081894266181,101.74877139139275,102.33977508544922,1540800
2011-10-20,102.42222579264889,105.49406888808782,100.6973248553286,104.56633758544922,1160300
2011-10-21,106.18128188275381,107.03342981807712,104.55945870651828,106.05072021484375,941300
2011-10-24,106.99906694028802,108.81330892456508,105.92014793324093,108.22230529785156,776400
2011-10-25,108.73774974662608,108.73774974662608,103.03387766732479,103.34313201904297,915900
2011-10-26,105.30166806544749,106.68984156489527,104.05781394139458,106.08509063720703,963700
2011-10-27,109.93352145403863,117.11489893067731,109.72048699133741,116.22151947021484,2000000
2011-10-28,116.20774891517897,117.37600918358466,113.54822687000932,116.675048828125,939300
2011-10-31,114.4278474752766,114.70960735792575,108.40786460108744,108.43534851074219,1355800
2011-11-01,104.51820447136804,106.60733750012393,102.97197549034996,103.0819320678711,1845900
2011-11-02,104.88933608179798,107.19837245721317,103.59050377600441,106.87538146972656,772200
2011-11-03,107.9817697304905,110.1052551416633,105.17793975193547,109.44552612304688,841000
2011-11-04,107.90617902948043,109.04694454318357,106.2225094197155,108.30476379394531,541100
2011-11-07,108.58653615571721,110.11902889043526,106.93036058461637,109.98845672607422,720700
2011-11-08,112.28372743469359,112.6410811173669,109.56235944301471,112.12567138671875,816900
2011-11-09,109.30812011491776,109.30812011491776,105.13674181761726,105.30166625976562,1086900
2011-11-10,107.3907882321084,110.47636817221834,106.14693426652795,109.87162780761719,1170000
2011-11-11,111.3147406483797,114.07733939388818,110.29766851035573,112.92969512939453,946200
2011-11-14,111.87827996807147,113.52071864022308,111.1704514076487,112.09818267822266,762300
2011-11-15,111.93326442394938,115.67857343199007,111.60339461152076,113.99490356445312,1068200
2011-11-16,112.31124440642483,113.30771190122097,110.60009030794005,110.86810302734375,810000
2011-11-17,110.61379393128927,112.12566022684007,109.08818044153219,109.67918395996094,1014700
2011-11-18,110.56568654082771,110.77872086876557,108.6621038118357,109.44552612304688,667800
2011-11-21,107.50069352080595,108.57962265261298,106.03005854482589,107.62439727783203,640400
2011-11-22,107.42515426799933,108.34601728342827,105.87204598790628,107.07466888427734,562800
2011-11-23,105.67962456385209,106.44929984306438,104.07154850433815,104.10591125488281,894700
2011-11-25,103.92720226753295,105.67272887777597,103.32246205571688,103.95469665527344,217100
2011-11-28,108.44910675854035,110.18775520895346,108.13299457812377,109.8372802734375,975200
2011-11-29,109.64483868422695,111.87140214265118,109.20502277389292,110.66191101074219,877300
2011-11-30,115.17691687580572,118.56487234083166,114.12548169796734,118.22813415527344,1388200
2011-12-01,117.42109594762081,117.93373462617294,114.61545702768801,115.97325134277344,752500
2011-12-02,117.5250254416567,119.99814785073687,116.46511885791531,117.0886001586914,618200
2011-12-05,119.8041317170081,122.27031889406967,119.23607190382,122.1386947631836,1009300
2011-12-06,122.08328448623642,122.08328448623642,119.15295602740179,120.16437530517578,530100
2011-12-07,119.76947993344572,121.3766641062979,118.44632563829039,120.79474639892578,497900
2011-12-08,119.60324835576424,119.76951211261591,115.77927708288294,116.03559112548828,715000
2011-12-09,116.80453741204289,120.22672291642628,116.58285241507633,119.6240234375,729600
2011-12-12,115.2319777591772,117.98912906105788,115.2319777591772,117.40721130371094,532000
2011-12-13,118.46023855195138,119.38852092531549,114.56005304629863,116.20880126953125,498100
2011-12-14,115.5506518785592,116.85301412440057,114.49766937659511,115.64763641357422,691200
2011-12-15,117.68435677227558,117.7328437687584,116.03560862241605,116.2711410522461,443600
2011-12-16,116.88069795362038,118.38396311903863,116.29185664301735,117.99602508544922,940900
2011-12-19,118.16231952200641,118.3839939258067,114.36604361565796,114.71935272216797,667500
2011-12-20,117.44876231648648,120.47608525086005,117.22708794156549,119.94266510009766,608400
2011-12-21,120.081223392083,120.85711019836242,117.84364495255174,120.0881576538086,601900
2011-12-22,120.45531319840477,122.06248689872464,120.19898863851674,121.57064056396484,588600
2011-12-23,122.40888382754002,123.81516503318025,121.23121131741823,123.59349060058594,313100
2011-12-27,123.43414841168943,124.5356285748298,122.63056671555695,123.19861602783203,310700
2011-12-28,123.22629795813778,123.22629795813778,121.85464618692045,122.2287368774414,301000
2011-12-29,122.89381250879465,124.34859134324809,122.30498151048599,124.27931213378906,342200
2011-12-30,124.27931264822145,124.30009429704053,123.21940627635529,123.4757308959961,252200
2012-01-03,127.22345914139756,128.82371958820193,125.29761610918725,125.57472229003906,654300
2012-01-04,124.38320642407606,125.29763049960869,123.06005200615935,124.667236328125,481600
2012-01-05,124.34856298677116,124.63951657320807,121.35587940538437,124.23079681396484,812200
2012-01-06,124.47324320392525,125.3530381567295,122.96997783857883,124.09223937988281,413100
2012-01-09,124.21004701537929,124.59798523008946,122.82454735111521,124.17540740966797,632100
2012-01-10,126.37140733973139,127.18885753631344,125.38770396931875,126.8355484008789,540600
2012-01-11,126.10123564119685,127.53523269179728,124.02991009161475,127.37589263916016,534800
2012-01-12,129.48187666308962,129.6619878182318,126.26058352666767,129.58578491210938,632600
2012-01-13,128.6713238946453,129.48876340841954,127.74303132934062,129.24630737304688,911900
2012-01-17,130.66645091729623,131.89954459319915,129.48877848835235,129.8628692626953,1336800
2012-01-18,129.8905311902887,130.75646806489064,128.58123505871134,130.09835815429688,720800
2012-01-19,129.54419373927485,130.09839561269155,125.42233514349314,129.91827392578125,919300
2012-01-20,127.98545405203379,129.2601104350325,125.26987762152982,126.64845275878906,1275000
2012-01-23,126.07353492654242,128.65056492637234,125.82414458557427,128.54664611816406,708500
2012-01-24,127.62526572030275,131.10287194104757,127.62526572030275,130.94354248046875,633900
2012-01-25,130.26468558315807,130.79810596196643,129.0731654888383,130.4032440185547,638000
2012-01-26,131.4839050826318,132.78626742882219,129.12854958282105,130.1399688720703,719300
2012-01-27,128.8514962345405,130.9643857869002,128.56054251150624,129.88369750976562,506600
2012-01-30,128.62980284129702,128.8514878943221,126.64161391065697,126.92564392089844,597600
2012-01-31,127.75001228787902,128.07560558828453,124.97901267287,126.08048248291016,758400
2012-02-01,128.49116323531678,128.49116323531678,125.46385156357778,126.77314758300781,1086800
2012-02-02,126.7593623337619,127.75692379126414,126.3229371239974,127.306640625,1007400
2012-02-03,128.33881556036434,130.71495271213976,127.94395369744146,130.68031311035156,1331900
2012-02-06,127.47288178032696,131.76100456163599,127.47288178032696,131.7471466064453,734900
2012-02-07,130.91582840063714,131.61551232564986,129.76587199324337,131.25527954101562,417600
2012-02-08,131.4631221201014,132.07273470798603,130.92277816443064,131.79563903808594,565600
2012-02-09,131.9411194853099,132.2874943536137,130.61103068896392,131.7540740966797,605500
2012-02-10,130.2508253442295,131.90649700681925,129.9321557729946,131.62246704101562,419500
2012-02-13,132.57150072018035,133.49979330985977,132.01037517980137,133.31967163085938,554600
2012-02-14,132.31518226372958,133.5690574305476,131.53930604349318,132.6754150390625,646100
2012-02-15,133.47898171622478,133.66602705936927,131.2275456197553,131.53929138183594,781500
2012-02-16,133.75612339629896,133.84618424663398,132.0103910613603,133.78382873535156,855100
2012-02-17,134.89910356696288,136.3331000674551,133.14644822448452,135.9105224609375,716500
2012-02-21,136.0352310253169,136.32618457913551,134.30335708316838,134.7605743408203,582200
2012-02-22,133.4928600511078,134.80909077387668,133.2850330348263,134.05398559570312,483500
2012-02-23,134.10941245150437,137.22678611464778,133.56214483722647,136.56175231933594,652500
2012-02-24,137.5039428991541,137.92652079614106,135.24557127208183,135.77899169921875,585700
2012-02-27,135.08623557868518,137.4415810990266,134.39348565264063,136.96359252929688,477000
2012-02-28,137.12294009872457,138.48072421297024,136.74884916993398,137.3931121826172,567100
2012-02-29,139.99780256677906,139.99780256677906,136.86658112580267,137.85720825195312,1230900
2012-03-01,137.17833202164408,138.5499738025425,136.5825667114722,137.51084899902344,706600
2012-03-02,137.02591119157938,138.7231460705982,136.88736334706167,137.337646484375,831200
2012-03-05,137.33060040661024,137.3864441556476,135.80191106141902,136.28355407714844,456400
2012-03-06,135.17375136858868,136.0811941511103,133.93824368772033,134.8386993408203,870600
2012-03-07,135.52276596059207,137.31671142578125,134.91548216785438,137.31671142578125,516000
2012-03-08,138.59410904240298,138.8872808939755,136.13005954243954,136.50001525878906,685200
2012-03-09,137.0374897115481,137.86813788906912,136.31153130202497,137.44932556152344,437600
2012-03-12,137.49819260798654,137.49819260798654,135.77405456883275,136.03233337402344,627300
2012-03-13,137.51213066213825,141.70729385961417,136.29755267874324,141.7003173828125,773000
2012-03-14,144.08760849682932,144.08760849682932,138.79653037491036,140.0739288330078,491300
2012-03-15,140.47184465907208,143.15925919453653,139.15256572137866,143.15228271484375,537600
2012-03-16,142.4262905820545,143.59898861255147,141.7143063807611,143.51522827148438,736100
2012-03-19,142.41238310792693,144.15746177822413,142.2657918131314,143.15927124023438,308900
2012-03-20,142.83115526060647,142.83115526060647,141.6514807084638,141.90975952148438,320200
2012-03-21,141.4769700458178,142.58684783921106,140.09487113937078,140.54161071777344,652600
2012-03-22,139.2921218866564,139.68999411435897,138.31487185951306,138.57315063476562,572100
2012-03-23,138.92214485923026,140.61137875013623,138.37768148328158,140.3810272216797,364400
2012-03-26,140.66724601907094,143.23599564242156,140.10184246888292,143.22901916503906,385300
2012-03-27,145.6721183361001,145.6721183361001,142.02141850569842,142.1051788330078,555500
2012-03-28,142.32154410018393,142.7822471291916,139.7458079347688,141.51182556152344,351500
2012-03-29,140.46485468030062,141.15590959598165,138.6988361024518,139.32008361816406,478600
2012-03-30,140.81383832821405,143.02659606933594,139.03385654527852,143.02659606933594,658400
2012-04-02,144.98105254660203,146.1467631669297,141.96556383287304,143.996826171875,479800
2012-04-03,143.4035278737719,144.68092621620792,141.26755415895155,144.1923065185547,605400
2012-04-04,143.50828942291898,143.892208867158,141.69341396551232,142.2727813720703,681600
2012-04-05,141.60954913457326,143.9339937013539,141.30241378264674,143.78042602539062,969300
2012-04-09,140.75099087364632,145.33706032281324,140.15068370034084,141.51882934570312,762200
2012-04-10,141.26755483377673,142.14009381629364,137.81927907069212,138.62899780273438,998200
2012-04-11,140.053036579817,140.3392320446393,137.61690286527968,138.07760620117188,564700
2012-04-12,138.6988002088182,140.9394850941411,138.5522196183765,140.7998809814453,459200
2012-04-13,140.6603205627834,140.8069118609728,137.84725453322577,138.07760620117188,387100
2012-04-16,139.2572063479891,140.49970087083477,137.87510773346256,138.33580017089844,464800
2012-04-17,140.14372692154504,141.69335703669663,139.35494825766668,140.8696746826172,736700
2012-04-18,139.60623900070615,139.60623900070615,135.4529555206573,136.8210906982422,1287900
2012-04-19,136.47207920399146,136.8071418564671,132.4235066721328,133.0447540283203,1673100
2012-04-20,132.94008558698044,134.89457574875055,132.33977812267491,132.90518188476562,1177400
2012-04-23,131.22988646102863,131.42533437600926,128.43776121717696,130.48997497558594,1021400
2012-04-24,130.84595957480664,133.0238243823517,130.4690273750824,131.6277618408203,812800
2012-04-25,132.62587983185037,133.71480640418739,132.45137209522952,133.60311889648438,461200
2012-04-26,133.13548961956474,135.20166668638993,132.63989342539,134.89453125,713800
2012-04-27,134.85960657894006,135.37615342806396,133.58919551373495,134.37098693847656,642300
2012-04-30,133.99407606955336,134.37798471505695,133.15643009471748,133.72882080078125,398600
2012-05-01,133.561304052639,134.88756989013876,132.8493198078771,132.97496032714844,655500
2012-05-02,133.19134034585397,133.19134034585397,130.75521811401126,131.7743377685547,894900
2012-05-03,131.46025383249787,131.8860534092787,127.41864609285281,127.85143280029297,1197200
2012-05-04,127.6629505156611,128.89148183166452,126.88115882830554,127.8583984375,1263900
2012-05-07,126.37155166344877,129.01011914586996,126.37155166344877,128.3120880126953,692900
2012-05-08,127.38369512207736,128.08172619932915,126.09930984509126,127.27898406982422,621500
2012-05-09,125.79221864429834,127.00678622571446,125.32452832491448,125.83409881591797,522300
2012-05-10,126.20406643046337,126.99982171958631,125.03835538900951,125.4222640991211,550700
2012-05-11,124.91270137369683,126.29480039159633,123.635302792338,125.48509216308594,552700
2012-05-14,123.57248888266014,124.41012437138176,123.13272572435822,123.195556640625,494900
2012-05-15,123.32117958600843,125.60374475446187,123.13270816630929,123.44683074951172,576400
2012-05-16,124.13083852385304,124.89168966267738,122.17634983743754,122.20427703857422,558900
2012-05-17,122.15541050676862,123.38394108660978,121.38757223742633,121.43643951416016,562800
2012-05-18,120.94089386718642,121.92512051302522,119.61463871615123,119.9985580444336,772200
2012-05-21,116.64800405729612,120.4941524579997,115.88016541234795,117.08078002929688,1838700
2012-05-22,116.56421030215701,117.02490270595936,113.58361469982546,114.0373306274414,3999900
2012-05-23,112.13869439259227,117.31110751231326,111.85948620696566,116.92021179199219,22888000
2012-05-24,118.17667230689946,119.29351572298307,116.4385709607461,118.97242736816406,3906300
2012-05-25,118.99338428597358,120.23587901969049,118.39307700386566,119.61463165283203,1494500
2012-05-29,120.85013694416612,121.93906383882097,119.37729078508549,121.8762435913086,1629300
2012-05-30,120.75241167205759,120.7593881491117,118.79093520663383,119.2027816772461,1355600
2012-05-31,119.03523011755289,120.01246929437869,116.96207711640051,119.22370147705078,1346400
2012-06-01,117.31810388417168,118.19761932419487,115.4543512868221,116.27105712890625,1686700
2012-06-04,116.68989762545309,117.51358014379035,114.22584785165434,115.1751708984375,1086400
2012-06-05,114.61863342197185,117.46454633687199,114.61863342197185,117.13346099853516,1329600
2012-06-06,118.7466488251971,120.25413974865634,117.80974870354402,120.14846801757812,772300
2012-06-07,121.14877024287208,122.57173244529993,120.96562094902643,121.24739074707031,857400
2012-06-08,120.31048611024111,122.52241226402671,119.72581433847661,122.50833129882812,597300
2012-06-11,123.54385049943515,123.55793146447081,121.00787944534052,121.12763214111328,862500
2012-06-12,122.66334772568078,123.24803043607369,119.9864908794979,121.88142395019531,837300
2012-06-13,122.06453102356993,122.10679541590544,119.866696631498,121.10649871826172,795300
2012-06-14,121.1064848396552,121.9799882601903,120.53589411085822,121.6489028930664,910200
2012-06-15,122.26175403819421,125.14994224304765,121.9940652610032,124.49481201171875,1763700
2012-06-18,123.88197176700574,123.88197176700574,121.10649542494838,122.18428039550781,864300
2012-06-19,123.12116611767598,124.93156948704745,122.3533344371497,124.03693389892578,646600
2012-06-20,124.85406697247781,124.85406697247781,122.74076190980176,123.74105834960938,709100
2012-06-21,123.74107371638175,124.75546199225,120.33865085308473,120.42317962646484,945500
2012-06-22,122.11393347808274,123.21285145552044,120.21899971621366,121.1629409790039,3065000
2012-06-25,119.12703337900862,119.41585438170118,116.7319580733905,117.57727813720703,1224000
2012-06-26,117.75341348105742,119.04957192107054,117.30257529545155,118.4789810180664,667700
2012-06-27,119.23266876621854,119.23266876621854,116.91508225753698,117.20390319824219,1230500
2012-06-28,116.35157748955487,117.08419622265254,114.99202251673987,116.9996566772461,1163600
2012-06-29,119.66239516517821,119.66239516517821,117.62657801717239,119.62718200683594,1101200
2012-07-02,119.62018617026959,120.01466831606177,118.66920472927033,119.49339294433594,853300
2012-07-03,119.07063130856083,122.4730531946079,119.07063130856083,122.4589614868164,517600
2012-07-05,121.83909602883763,122.94505351380033,120.20480148564465,120.98672485351562,666200
2012-07-06,119.86669095743531,120.7754075961179,119.27496799509188,120.65565490722656,671500
2012-07-09,120.81766002944698,121.47983074270034,119.36652544448407,121.06421661376953,775300
2012-07-10,121.90959160015959,123.42413419667874,121.13471909041553,122.2265853881836,1109000
2012-07-11,122.55061974131779,123.54387617298164,121.69120774710473,123.36776733398438,826100
2012-07-12,122.22651945247354,122.22651945247354,120.62745965695534,121.49391174316406,754100
2012-07-13,121.71932737513752,124.26233833172799,121.50800545951918,123.82559204101562,541900
2012-07-16,123.63536135946435,124.3116235706848,122.59280075145506,123.48038482666016,472200
2012-07-17,123.8185950898624,124.29056544871268,121.38829546642097,124.08627319335938,575900
2012-07-18,121.78976579328626,123.9805590565684,120.97966984898072,123.31134796142578,896900
2012-07-19,123.32545339590796,124.64978402401447,122.95914414825772,124.06510162353516,665700
2012-07-20,123.46636827951957,124.20602743580864,121.94478557209557,122.0856704711914,735300
2012-07-23,119.97234314947607,119.97234314947607,116.69672415241713,117.53500366210938,1184100
2012-07-24,117.27433845367112,118.34508268765913,115.42168167079767,115.82320404052734,1179100
2012-07-25,116.5910238572227,117.12640129457766,115.49210706302449,115.56959533691406,961800
2012-07-26,117.38707715127914,117.8097425558795,115.82323020261671,116.23180389404297,1041400
2012-07-27,117.1898456471627,120.83881499016032,116.71787533149477,120.22595977783203,631200
2012-07-30,120.35272419000877,121.54321031238527,118.8452337182022,121.18395233154297,530600
2012-07-31,120.38794891479459,120.9444586382877,118.80297001056854,119.9371109008789,504000
2012-08-01,120.28935332175382,121.81093596432855,119.25383269684838,119.48629760742188,423200
2012-08-02,118.51411789405257,119.47214967845915,116.93618002890577,118.70430755615234,569200
2012-08-03,120.36680428324912,122.38148880103157,119.75394927657536,122.0010986328125,596700
2012-08-06,122.43084861498807,123.48045025836808,121.6489250574377,121.80390167236328,501800
2012-08-07,122.38854563315863,123.01549237811977,121.87430032356906,122.5787353515625,747200
2012-08-08,121.86724800659167,122.5082863995234,121.59251880231012,122.33921813964844,451300
2012-08-09,122.21948023825676,123.66357422945377,121.95884271137868,123.1281967163086,427800
2012-08-10,122.2758522151415,123.092999552743,121.82501415798674,122.86053466796875,382300
2012-08-13,122.64917532629222,123.51562734575514,122.01518814109005,123.24089813232422,353700
2012-08-14,123.63537642178314,123.67765154855357,121.45163448692186,121.86724853515625,474500
2012-08-15,121.84616180255497,124.29759337737983,121.83207008837438,124.0017318725586,466800
2012-08-16,124.02287173435458,125.38243739285028,123.43818917125323,124.84001922607422,374200
2012-08-17,126.41090611178616,126.79834765717112,125.08657512323728,125.94597625732422,389000
2012-08-20,125.19226774611774,126.2982258018487,124.86118222811689,125.650146484375,410400
2012-08-21,125.95293384922564,127.7421933620074,125.0089938759378,125.76273345947266,460900
2012-08-22,125.60078543972809,126.0797961672074,124.83999421182533,125.4176254272461,326600
2012-08-23,125.56555825006048,125.87551141800755,124.52299729782403,124.89634704589844,300200
2012-08-24,124.4173642845141,126.00939500623254,123.6354406398978,125.5796890258789,299500
2012-08-27,125.76282844286527,126.08687339796641,124.50893451669121,124.68504333496094,287500
2012-08-28,124.53003212550084,126.39678078111983,124.1355502019607,125.6148681640625,652000
2012-08-29,126.00942208620317,126.23483585038203,124.50897107436522,124.79074096679688,303600
2012-08-30,124.64147360040661,125.62899964816366,123.9736482022396,125.04642486572266,434700
2012-08-31,125.70717011861949,126.44603420327108,124.22943110869709,125.30220794677734,395000
2012-09-04,125.5366573306862,126.46024556190258,124.58465583663171,125.70005798339844,376400
2012-09-05,125.89189896948797,126.43894920506466,124.98252267276389,125.03936004638672,434200
2012-09-06,125.90610468799362,128.16533326256828,125.42299245681802,128.009033203125,514200
2012-09-07,128.16530090701056,129.82065232549434,127.81007555988401,129.3162384033203,441600
2012-09-10,129.08886432601167,129.2664769656569,126.26127413823228,126.33942413330078,613100
2012-09-11,126.18318894978015,127.41937745922819,125.43011270540933,125.55088806152344,586500
2012-09-12,125.74975607873047,126.51704402686443,124.54909283138983,125.5295181274414,497200
2012-09-13,125.59348828486635,129.28783018049987,124.53491271782092,129.22389221191406,1088100
2012-09-14,131.64650506212357,131.7601797656688,129.3446410981063,130.01246643066406,1090400
2012-09-17,129.6572680755103,130.68741954415088,129.50806864100326,129.81356811523438,572800
2012-09-18,129.83487465273396,130.5453254032277,128.99654797064804,129.82777404785156,669700
2012-09-19,130.01249977090475,130.4956011239333,129.50807491995394,129.5364990234375,668700
2012-09-20,128.76207721351565,130.2753296970731,127.83137777393246,130.01246643066406,581300
2012-09-21,130.65897911138416,130.91474177405274,129.74960316425506,130.01246643066406,915700
2012-09-24,128.90421249796384,129.47967599008717,128.27901223954817,128.62002563476562,591500
2012-09-25,129.11730568545852,129.47253101225184,126.38206633290326,126.39627838134766,595800
2012-09-26,126.87231939298165,127.39094549976974,125.4301049744939,125.50825500488281,440000
2012-09-27,126.46738093670717,127.8811823553711,126.23293080151434,127.1209945678711,301200
2012-09-28,126.88654596471476,127.47621072256946,125.83507073723821,126.67340850830078,612000
2012-10-01,127.57567414181749,129.9485775614195,127.3483246488489,127.78170013427734,466000
2012-10-02,128.37138052375744,128.52056914859745,124.67703784875724,125.87059020996094,1123100
2012-10-03,126.63082404338532,129.3021166159021,125.437260406729,128.9966278076172,1118700
2012-10-04,129.40150119967595,130.7726768057898,128.97522640674705,130.73715209960938,806700
2012-10-05,131.44761320641203,136.39945626851693,131.44761320641203,133.13137817382812,1531000
2012-10-08,133.5220936660127,134.91457083558768,133.08871834637003,134.054931640625,1199500
2012-10-09,134.23258747142745,135.22721434102107,134.0549747560986,134.2681121826172,1362700
2012-10-10,133.99809441981634,134.26806912954711,133.0247805209058,133.1100311279297,564800
2012-10-11,133.42265715480931,133.99812054565228,131.78861821102333,131.99464416503906,632100
2012-10-12,131.91645958563333,133.3870975019331,130.19717046863943,130.94314575195312,688300
2012-10-15,132.51326809858114,133.5647321031694,130.97159137464737,131.6962432861328,1377600
2012-10-16,133.0247975093689,135.603726266741,132.74061071530218,134.96432495117188,1569100
2012-10-17,136.0442797100097,136.40660585418559,134.05501453984488,134.36761474609375,1348700
2012-10-18,134.14021852210556,136.46339575502728,133.84893108213222,134.98565673828125,1147800
2012-10-19,134.56644131235976,135.12769247713558,133.84177871579845,134.23252868652344,807700
2012-10-22,133.91285980498094,134.56647316499158,132.61983429408198,134.46701049804688,497400
2012-10-23,132.86139350100345,134.4812203760152,131.93781618010357,133.47238159179688,738100
2012-10-24,133.77787193058043,135.184561312253,132.37828315344234,132.84718322753906,748900
2012-10-25,133.88443013592115,134.3320175388616,132.27170403697613,132.9395294189453,648400
2012-10-26,133.06742121490092,133.84891049777784,132.4564331657918,132.84718322753906,686000
2012-10-31,134.3391222051438,135.6889850590468,133.8062841724336,134.75828552246094,909300
2012-11-01,134.64468067811418,135.31250637306212,134.16156834619815,135.03543090820312,811100
2012-11-02,135.5966395276044,136.62679101496772,134.50255007026968,134.64463806152344,686400
2012-11-05,134.14726995242302,135.16320897406825,133.11000744219976,134.63037109375,530000
2012-11-06,135.76007197596175,136.30712225307963,134.6375581530673,135.99452209472656,963200
2012-11-07,134.26099386147075,135.41193156949194,133.91998050087375,134.98565673828125,1383400
2012-11-08,135.20591060730803,136.1152869025696,132.9253692626953,132.9253692626953,570100
2012-11-09,132.6411889337714,134.2894403255737,132.47778825220132,132.73355102539062,446200
2012-11-12,133.03193836235872,134.63045297552458,132.3641127450256,133.94131469726562,622300
2012-11-13,133.04614336292647,135.04960926808877,133.02483070313053,133.8063201904297,739800
2012-11-14,134.10472582138175,134.4102253861451,132.32149772778158,132.57015991210938,694900
2012-11-15,132.49903938842095,133.24501470055404,131.5754514229522,132.8258514404297,1046400
2012-11-16,133.65709660978902,135.0993106953691,131.7246697958913,132.84718322753906,941900
2012-11-19,134.60200456361176,135.84529338256584,134.38175572384915,135.8097686767578,928000
2012-11-20,135.56106695784464,137.68531799316406,135.1987410819791,137.68531799316406,730200
2012-11-21,138.34604937925695,138.53077348270003,136.45625892545908,137.64981079101562,550100
2012-11-23,138.3318443170735,138.96414493217264,137.88425695965387,138.9215087890625,167200
2012-11-26,138.16852446511646,138.68716156425333,137.31598532821957,137.89144897460938,397500
2012-11-27,139.49703844741788,139.49703844741788,136.9820361925424,138.41004943847656,704100
2012-11-28,138.18978243181445,141.2944598269894,137.8274564232216,140.26429748535156,906900
2012-11-29,140.8441930903206,141.41689631303504,139.0329923856325,140.04238891601562,570800
2012-11-30,139.92063694668556,141.19491971390144,139.25486478202532,141.05889892578125,742700
2012-12-03,141.83928724802036,142.71267390991738,139.66297556067826,139.8347930908203,530500
2012-12-04,139.61280311030822,140.1353994981018,136.8709444299848,136.92105102539062,928100
2012-12-05,136.87814647476537,138.5604921065003,136.1908982890958,137.76585388183594,752500
2012-12-06,137.73714277647434,138.77519134572196,137.22886732158642,138.70359802246094,468600
2012-12-07,139.18329686131622,139.49113516279596,138.38865872778146,139.42669677734375,272500
2012-12-10,139.44099929092357,140.18553071963214,138.88260618119727,140.1139373779297,388900
2012-12-11,140.14971118157274,142.9273554239337,140.14971118157274,142.7841796875,704600
2012-12-12,143.42133261477653,144.41641881044998,142.49067386717468,143.65757751464844,1020700
2012-12-13,143.6361784132123,144.130144292802,143.27823339016066,143.69345092773438,545800
2012-12-14,142.36903028986958,144.67419679351215,142.36903028986958,144.27330017089844,606300
2012-12-17,144.8316329859816,147.00794363382715,143.81507099632566,146.96498107910156,1126600
2012-12-18,147.2800341215356,149.34895560871794,145.90552674921227,147.95297241210938,988900
2012-12-19,147.10105055926581,149.513606900561,147.10105055926581,147.33729553222656,959200
2012-12-20,148.39680305541958,149.92880690630503,147.5520582708846,149.82858276367188,612600
2012-12-21,147.48768768737716,150.27249985700416,147.02235254856163,148.01028442382812,1182800
2012-12-24,150.19369206209691,150.19369206209691,145.11086977973804,148.34669494628906,307000
2012-12-26,148.56862454505148,148.60442122344213,146.73594821702125,147.00082397460938,443500
2012-12-27,147.36592560501046,148.06749457851404,146.07015583924996,147.52342224121094,373000
2012-12-28,146.69300925678968,147.66662000569443,145.95564349735596,146.40664672851562,320500
2012-12-31,146.1560464299134,148.1032673231911,145.97707400166075,147.9815673828125,427900
2013-01-02,150.7807004296544,152.39145241822015,149.4563109043336,152.3198699951172,951600
2013-01-03,152.7064351981302,154.62502533771575,151.890321350145,152.73507690429688,596200
2013-01-04,152.50604501417405,156.6796850027875,152.49889004671337,156.0854949951172,805200
2013-01-07,155.83487327250558,156.27156645060518,154.09526644861384,155.79908752441406,722300
2013-01-08,155.36242927877532,155.6631017261782,153.23623540021444,153.38656616210938,630400
2013-01-09,154.0523819270085,155.43404448304074,153.3651226711914,153.78750610351562,685100
2013-01-10,154.64653011915834,157.49576869419644,154.50335433234062,156.6009063720703,829400
2013-01-11,156.37178375911267,158.39775294467427,155.58431163405567,158.21878051757812,823800
2013-01-14,158.3763546288533,160.69584235156137,157.53876457100148,159.06361389160156,869400
2013-01-15,159.90829097029876,159.93693267770138,157.91811832663794,159.8223876953125,637900
2013-01-16,159.2353904027614,160.3593428257225,158.49086968888898,159.09938049316406,758200
2013-01-17,163.7598291758833,167.84756567448895,162.5070217395651,166.0864715576172,1721800
2013-01-18,166.6591762049783,167.51824192757655,165.55669960669303,167.46812438964844,1425400
2013-01-22,167.60413253767797,169.67305382094554,167.5540259271555,169.63726806640625,1137000
2013-01-23,169.88066982510497,170.82563878151123,168.334345070681,168.94285583496094,888500
2013-01-24,169.8949683373119,170.6752855781618,167.94058136710976,169.1862335205078,1002900
2013-01-25,170.0453095306858,170.20280616632698,168.8426198660934,169.25067138671875,1080700
2013-01-28,168.65649242228014,169.1790998941494,166.9168852756282,168.13389587402344,914300
2013-01-29,168.3414859624989,170.38893127441406,167.5969653598078,170.38893127441406,879200
2013-01-30,170.20283636085972,170.66816046096017,169.01445641696725,169.9522705078125,743800
2013-01-31,169.4725693299037,170.77549385574028,168.57055222067004,169.15042114257812,696900
2013-02-01,167.97637569822953,170.23142411102938,167.5182066810037,169.58712768554688,1021800
2013-02-04,166.20812802979214,169.12895962752623,165.84302817642953,167.86183166503906,966900
2013-02-05,168.5132830288232,171.4484352898925,168.2340864711984,170.99742126464844,828300
2013-02-06,170.05960562106776,171.06184686227778,169.84483651977698,170.9544677734375,571700
2013-02-07,170.73973810707517,170.95450725797016,167.92629609355058,169.53704833984375,503400
2013-02-08,169.4081973665741,170.8757739491045,168.77105574788504,170.49635314941406,552300
2013-02-11,170.5106167564062,171.75626886372993,169.8877961645497,171.4197998046875,931900
2013-02-12,171.0976453898571,172.54374570239062,170.90435210423672,170.99742126464844,1094900
2013-02-13,171.9567298875693,173.9826993572894,171.63458165833438,173.6175994873047,986000
2013-02-14,173.51023002722636,175.85834800449354,173.50307506079054,175.80108642578125,895500
2013-02-15,176.6458448046413,176.82481729177874,173.5102433344372,173.9254608154297,1001000
2013-02-19,174.2619102831962,175.6507383743002,173.71783791624938,174.76303100585938,1005600
2013-02-20,174.34776371435674,174.66275691384288,171.09762945084182,171.18353271484375,741200
2013-02-21,170.49632620049434,170.7397261234059,168.44888082974296,169.1074981689453,955000
2013-02-22,170.3817706403839,172.4435367386467,170.3817706403839,172.43637084960938,836700
2013-02-25,173.74642087768933,174.4336797678843,169.3079071044922,169.3079071044922,793600
2013-02-26,170.4462471684959,171.24805139509624,167.76165967337593,169.0574188232422,876800
2013-02-27,168.97146861701557,172.9804558663867,168.26989967163962,172.57955932617188,520400
2013-02-28,172.4864931440484,173.32408291370658,171.49856170740006,171.63458251953125,565500
2013-03-01,170.50347920197993,170.50347920197993,167.37504414590876,169.544189453125,836200
2013-03-04,169.11464188821392,172.8014808577223,168.94999029526613,172.7227325439453,688600
2013-03-05,174.63315415172602,176.3417064686567,171.7855522898975,176.18310546875,1033400
2013-03-06,177.1779306202238,180.2273747204359,177.1779306202238,179.91738891601562,1117800
2013-03-07,180.55186432255428,181.45300160805334,178.9874913149532,179.1244659423828,769500
2013-03-08,180.29945971903336,180.9626950999021,178.38183792205322,178.98019409179688,582000
2013-03-11,178.98023446183586,179.1027877772276,177.54562035776564,178.69186401367188,565300
2013-03-12,178.84321688712134,180.43642060447854,178.5764839118636,179.8236541748047,1014500
2013-03-13,180.4725185347529,183.1110504849402,179.86695707083692,182.894775390625,776800
2013-03-14,183.7527036981364,185.82891650093018,183.19039491819112,184.58175659179688,967100
2013-03-15,183.88242744802957,185.1295870469513,183.29848139852388,185.08633422851562,981400
2013-03-18,183.19032481406612,184.93492459193286,182.70010060364203,184.0121612548828,449300
2013-03-19,183.8896170044067,184.81236938667314,180.72482438790553,182.51988220214844,565300
2013-03-20,184.012196664489,187.12653177648187,184.012196664489,186.4993438720703,755000
2013-03-21,184.7547812558372,186.8526316249942,182.2532231180888,182.39019775390625,1039600
2013-03-22,182.76499523154413,183.4859047935175,181.75571524465727,182.4838409423828,692800
2013-03-25,183.83197736013142,185.51168731621826,181.26554053427444,181.53948974609375,853300
2013-03-26,182.245964310345,186.4849056324524,181.69806592842428,186.29026794433594,635900
2013-03-27,185.41795218879318,185.70631161979682,183.74543668839195,184.96377563476562,349900
2013-03-28,185.5332936637428,186.46327325581802,184.0193900257954,185.18727111816406,547100
2013-04-01,184.9133127562472,185.1656355168163,182.00804794266662,182.36129760742188,389600
2013-04-02,182.68573807408293,185.90820546051273,182.5415583275292,185.59100341796875,644200
2013-04-03,185.87214270043097,185.99470703253584,178.30980680734285,178.951416015625,882500
2013-04-04,178.94422017490166,181.05648047587422,178.49725964709666,181.02764892578125,806900
2013-04-05,178.23047914834717,178.78558262607498,173.7680469187357,177.19236755371094,1332600
2013-04-08,176.9616370225789,179.80202191049574,175.97399463269494,179.7803955078125,470200
2013-04-09,181.60440781304712,184.23572443587318,180.02561343926683,183.1399383544922,760100
2013-04-10,184.1419526490111,187.9988238028852,183.80313522260835,187.99160766601562,657300
2013-04-11,188.40975259888341,191.4519923822823,188.40975259888341,190.4210968017578,735800
2013-04-12,189.5631736908829,191.02661918747089,188.95039617744365,189.69293212890625,421900
2013-04-15,187.43651683188205,189.2099484848668,182.95245774150263,183.0101318359375,939700
2013-04-16,185.82886453708963,185.9225863076098,181.29434787446147,185.432373046875,1039800
2013-04-17,183.5075760616869,184.14196915117017,179.5209460893961,180.969970703125,864600
2013-04-18,180.9554830033654,181.07803629384944,175.59913089476103,176.83909606933594,1012500
2013-04-19,177.67536464460065,180.55900271657194,177.43024704832632,180.3427276611328,737100
2013-04-22,181.1213647972787,181.3664714657965,178.3386527952913,180.5950927734375,605600
2013-04-23,182.0296584908148,187.41485362400513,181.62595090924444,187.06161499023438,985700
2013-04-24,187.39326956872705,187.96279439303152,185.75681246646576,186.47772216796875,574200
2013-04-25,187.34277279501924,190.55802342624213,186.90302850259127,190.01014709472656,755900
2013-04-26,189.31813033875628,190.76716621711918,189.02257665252517,190.15438842773438,481200
2013-04-29,190.43547337663716,193.7372295049558,189.82991198193997,193.3551483154297,608200
2013-04-30,193.53544412817854,194.5086767853187,191.60341109056898,192.12246704101562,950400
2013-05-01,191.31505342836508,192.1224689146179,187.93398457936487,188.1142120361328,793100
2013-05-02,188.65487319710493,189.89483884028334,188.14303343754523,189.13067626953125,670800
2013-05-03,191.53126686114342,195.7990615875331,191.14199149790392,195.6116180419922,835400
2013-05-06,195.76294976578677,198.40148095804142,194.81856015877338,197.78150939941406,659400
2013-05-07,197.91853320707568,198.84129664052927,196.3829921966252,198.64663696289062,431800
2013-05-08,198.5024685032659,199.95869801724893,193.22540479848738,199.8721923828125,495600
2013-05-09,198.05553236940125,201.00405044058547,196.3974268376492,198.82688903808594,891700
2013-05-10,199.1440631929807,200.02357379528374,198.4015271763129,199.45407104492188,555900
2013-05-13,198.79798185010458,202.57554004062456,198.55287529579843,201.41488647460938,465800
2013-05-14,201.8547176665496,205.44485592234093,201.8547176665496,205.06277465820312,573200
2013-05-15,204.72394272230943,208.63847707871778,204.01744330238395,208.55197143554688,695400
2013-05-16,207.93911541050326,209.66207748861166,205.28617401803976,205.7547607421875,607700
2013-05-17,206.9731508624251,209.93607876255405,206.68479142208687,209.7486572265625,567100
2013-05-20,208.41500026847308,210.38306968429913,206.94433830907712,208.52313232421875,552000
2013-05-21,209.49636134264685,211.45002045202173,208.2996486113212,210.2821502685547,737200
2013-05-22,210.2604828269392,214.93198464961517,203.95252423942193,205.69711303710938,1172100
2013-05-23,202.46748458739745,204.51486540375464,200.0163961171342,203.8732452392578,748300
2013-05-24,201.76821775981531,204.40674999868466,201.71053266146447,204.269775390625,417500
2013-05-28,205.76199748246472,210.71464218677585,205.56014370413686,207.85263061523438,564200
2013-05-29,206.40362181646242,208.24193246067526,203.85159572179708,204.4788055419922,749600
2013-05-30,203.65700588173877,206.67040337893243,202.79190537517056,205.4448699951172,781900
2013-05-31,204.5292566999491,206.1729297098939,201.23471654433314,201.27796936035156,812600
2013-06-03,201.81137132975266,201.81858746360226,196.82988492987386,200.65069580078125,774700
2013-06-04,200.93911921111126,202.99369375077052,198.0266385788704,199.17288208007812,719000
2013-06-05,198.89900762805044,200.2543215599079,189.67856520899878,192.46128845214844,1305900
2013-06-06,192.53381559592992,195.31963686274688,189.00073384545973,195.1455078125,1409400
2013-06-07,198.0474414354525,203.63360858874276,195.71141071640753,203.29989624023438,899200
2013-06-10,202.44381938309178,205.244164803669,200.52857661677265,204.10516357421875,695300
2013-06-11,202.69045704883888,202.93711587524217,199.62895187211564,200.37619018554688,644000
2013-06-12,201.95038603940233,203.1329133271997,194.81171774209986,195.1817169189453,866600
2013-06-13,194.99316454560972,197.83703621316954,192.04047605882656,197.64114379882812,1162700
2013-06-14,197.59027659658332,198.56243216737008,194.4634824434926,195.6822967529297,761600
2013-06-17,197.7354573271485,201.74007121706683,196.60371813782945,200.2238311767578,762700
2013-06-18,201.23221583119926,202.64687849358077,199.33871497513124,200.58653259277344,506500
2013-06-19,200.87681954049282,201.83442988668693,194.5942022526781,194.76104736328125,832100
2013-06-20,192.04771010238625,192.91828880967148,181.76773243559813,182.82691955566406,2373400
2013-06-21,187.54252042396064,187.64407539564056,175.5576721719302,180.40383911132812,2622500
2013-06-24,178.74976699408157,180.13542676276387,174.54927203342035,178.1984100341797,1564400
2013-06-25,181.08578670146326,184.17630573005985,179.6638510544423,183.24044799804688,1258400
2013-06-26,183.05908670758618,188.18818860246895,183.05908670758618,187.20155334472656,1028400
2013-06-27,186.7009483567794,192.61356368022163,186.7009483567794,191.56887817382812,1042100
2013-06-28,191.43829813434812,191.43829813434812,185.88842021566498,186.3382110595703,1407100
2013-07-01,186.88957340512212,189.78423323436922,185.5837274756514,185.80136108398438,835800
2013-07-02,185.6562824759302,188.18818276712346,184.78571481853115,186.31646728515625,483300
2013-07-03,184.6261303986579,186.60667398112068,183.54516870060405,185.1847381591797,248300
2013-07-05,187.04196061998476,187.8544890376887,183.82085000713073,186.6356964111328,596200
2013-07-08,188.60896946189789,189.02247332209782,185.6272561578261,186.4615478515625,844400
2013-07-09,188.18823891224875,191.3585615973249,185.1702708708592,191.0756378173828,939100
2013-07-10,192.25084496606357,193.20847712999733,190.36460583278887,192.0404510498047,885000
2013-07-11,194.11533944249788,197.35095154966535,193.66554851178375,195.79844665527344,932200
2013-07-12,195.51545307415904,195.72584695933818,192.7804211257633,195.68955993652344,675100
2013-07-15,196.00153888921452,196.72701369821527,195.16722514707632,195.7403564453125,463100
2013-07-16,195.92178473928956,198.39565724720524,192.61362037521096,194.6812286376953,661300
2013-07-17,195.01493555397292,197.5395965576172,194.5361193908814,197.5395965576172,1074800
2013-07-18,198.50451525405484,202.86462817155774,197.54688270269972,202.34228515625,1233700
2013-07-19,203.11844442385123,203.65528869628906,199.71596580801526,203.65528869628906,775200
2013-07-22,203.31437374995303,207.48585510253903,202.35674141286512,207.48585510253906,769400
2013-07-23,207.50040850706236,209.5317523486914,206.60082634476362,206.7241668701172,706100
2013-07-24,206.8837530315433,207.8050984784195,204.982989589259,205.99867248535156,856300
2013-07-25,204.73630014281662,207.8703575572622,204.03985031952004,206.74588012695312,580400
2013-07-26,205.3601698999113,207.77599139477437,204.35174923724625,207.76148986816406,421300
2013-07-29,208.0733653120044,208.0733653120044,204.60559765863874,205.3963623046875,424000
2013-07-30,206.60799230316886,206.9707297344411,204.48959596305522,204.9031219482422,494500
2013-07-31,205.0772286504205,207.34796851054807,204.05430643836291,204.5548858642578,733900
2013-08-01,207.48582719627993,208.21130211654662,205.80272006772412,206.9562225341797,774500
2013-08-02,207.123064382487,209.16890872074703,206.2887727542523,207.9355926513672,610600
2013-08-05,206.7385933829991,207.5075950439261,205.6213557825109,207.28269958496094,334500
2013-08-06,206.90545709991986,207.94288092729784,205.25137515943513,206.46290588378906,335500
2013-08-07,205.41096745257596,205.41096745257596,201.7908327586514,203.785888671875,478000
2013-08-08,205.54885979213557,205.9841493000977,201.96503300192379,202.059326171875,501200
2013-08-09,202.30591553794486,205.67212962699097,201.1451734352607,203.54649353027344,576200
2013-08-12,202.53080706684804,203.35057498298568,200.68809489929325,201.83433532714844,356500
2013-08-13,202.07386323014714,203.61186707238525,200.45604560528582,202.99520874023438,383000
2013-08-14,203.13301908988245,203.72791395932666,201.16698785424745,201.18875122070312,300000
2013-08-15,199.09930117869087,199.25890651650894,194.1152929628147,195.9434814453125,593000
2013-08-16,195.21078180983986,197.94583642876086,194.43454047133133,195.98704528808594,622100
2013-08-19,195.15274869870683,196.5384084187263,193.31729808166534,193.51316833496094,712200
2013-08-20,193.76709488001137,194.1878827343704,192.50477559640964,193.65101623535156,833100
2013-08-21,193.13596267879927,194.55064783811667,190.85796046570204,191.5326690673828,809900
2013-08-22,192.5410439463874,195.029417667982,191.89538276480417,194.47080993652344,355500
2013-08-23,195.82741951137913,196.05957677521374,193.27375602840445,195.00762939453125,443200
2013-08-26,195.12370412799277,197.82973321489513,194.15883234532726,195.52996826171875,988500
2013-08-27,192.59182143371564,193.44063680310998,187.8182063618248,187.8689727783203,625000
2013-08-28,187.1725384145775,190.6620711774066,186.58490547212944,188.21722412109375,511400
2013-08-29,188.05656718829962,191.75139416383084,187.88130324029683,190.24717712402344,335600
2013-08-30,191.04314316085438,191.96320669158814,189.29794611878538,190.08657836914062,573700
2013-09-03,193.5039473974966,194.70149195697726,190.49551223359398,192.61309814453125,517000
2013-09-04,192.40855028318498,195.22712404260992,191.37896105919847,194.3070831298828,486500
2013-09-05,194.13912267503903,194.8766350434627,191.35705024488985,191.87548828125,536200
2013-09-06,192.36481160890884,193.14613470121057,189.42940156442683,190.75106811523438,616500
2013-09-09,191.56882714995984,192.14569395715716,189.77253339396773,192.0799560546875,613600
2013-09-10,194.23408027023933,195.70908293274513,193.5988069566058,194.6064910888672,604700
2013-09-11,193.05116037344837,193.4089528750397,190.59037871140748,191.13072204589844,788900
2013-09-12,189.47319392649914,192.66417934826384,189.47319392649914,191.50315856933594,608700
2013-09-13,191.59813099381165,193.3579020386669,190.999358700849,193.23377990722656,561000
2013-09-16,197.88508888499138,199.5645475154195,196.43199148864613,199.09722900390625,1277600
2013-09-17,199.09725375218832,199.56457232179045,198.08956953505955,199.3382110595703,604300
2013-09-18,199.02421070026722,205.59604043444284,198.46924905848965,204.02610778808594,1183400
2013-09-19,205.0702856182441,208.34160432113222,204.471513582995,207.1148681640625,895400
2013-09-20,207.15867639415603,208.42191378814127,203.01841405264656,203.21556091308594,947800
2013-09-23,203.56613138285388,203.56613138285388,199.3163416533223,200.77674865722656,629800
2013-09-24,200.72561976504298,201.11991354954694,198.68834607561692,198.9804229736328,431000
2013-09-25,197.16949353750397,198.46196768285466,196.08880687969486,197.33013916015625,635900
2013-09-26,198.0384622694342,199.5280834780236,197.5711436707637,199.1118621826172,314200
2013-09-27,197.0454197611001,198.4912084353978,195.92090012683556,197.84864807128906,507500
2013-09-30,193.98586292427913,197.9581717150619,193.98586292427913,197.607666015625,538000
2013-10-01,197.15488069399612,197.65141356387184,194.85474487603986,197.22059631347656,595600
2013-10-02,196.59996574862146,198.03846740722656,194.41666460841887,198.03846740722656,589600
2013-10-03,196.87741377999848,198.60799206719224,194.59918300779213,197.10377502441406,574800
2013-10-04,197.40318539905246,198.79787657361692,196.69488720640013,198.6226348876953,336600
2013-10-07,196.29326232378654,197.35204377002478,194.99350130228217,195.10302734375,392500
2013-10-08,195.80405619878013,196.8482418136439,191.80984232294685,191.8609619140625,640400
2013-10-09,192.11652847933618,196.62918036590318,192.08000493710986,194.81826782226562,908600
2013-10-10,195.86971407768638,202.80664500328095,195.86971407768638,202.4488525390625,577900
2013-10-11,202.4635023033909,205.3186004633678,201.47043630898546,204.81475830078125,459400
2013-10-14,204.01151981479856,206.39196752620165,202.63142481968876,206.11448669433594,441400
2013-10-15,206.72056793952416,208.0203289803394,205.2893756469948,206.11448669433594,740100
2013-10-16,207.9180696218628,214.3292533687299,205.83700815308276,212.10214233398438,887300
2013-10-17,211.67865794653576,218.39651533640787,210.47380460251372,217.97300720214844,992400
2013-10-18,218.66675187229492,220.84276650369145,216.57107122021398,220.27320861816406,807800
2013-10-21,220.2878095643526,221.72631150111906,219.4115786431624,220.1855926513672,581800
2013-10-22,222.23733736977812,224.61049765223962,220.79883624566324,223.60281372070312,686500
2013-10-23,222.50760523377448,222.6390365119553,219.1486647702219,221.2735595703125,770100
2013-10-24,222.51493357209407,225.20938642717311,221.42691514040516,224.135986328125,610000
2013-10-25,224.13597470110966,225.2531851720378,222.98954985045904,224.61788940429688,123500
2013-10-28,224.9026619472795,226.54561970501126,223.39844462736838,225.2239532470703,507100
2013-10-29,225.45760643390048,226.24621629224512,224.49373260833775,225.8227081298828,423700
2013-10-30,225.6767203793299,227.3269876282799,223.18672345632,223.57373046875,612100
2013-10-31,223.7124257062282,225.76429560236843,219.5867807019763,219.65249633789062,882200
2013-11-01,219.73287679607535,222.10603849260949,219.17060576310743,221.726318359375,494400
2013-11-04,221.78470846068114,222.47838838830552,221.25896106974528,221.60215759277344,431000
2013-11-05,221.80657153309065,222.17167319954146,219.41879237271846,220.41188049316406,431200
2013-11-06,223.4423924075558,224.18719235998805,221.33209244958272,222.71949768066406,477300
2013-11-07,225.26041830069812,225.26041830069812,216.53450187142676,216.63671875,480900
2013-11-08,216.9068560287731,220.59439563369608,216.8703547816489,220.22198486328125,863200
2013-11-11,219.59405039350506,221.75544596097413,218.87844312433992,220.66014099121094,423500
2013-11-12,219.49915828990575,220.79161035509156,216.46150930861637,217.0237579345703,463900
2013-11-13,215.52685976602987,218.2285992457208,214.94999278282486,218.09716796875,639500
2013-11-14,217.9145458815762,221.14205398241788,217.51294301629247,220.95950317382812,639600
2013-11-15,220.88649303517994,223.12822246142454,220.3534366165116,221.3903350830078,494700
2013-11-18,223.25965444470842,223.88761857362863,221.24428624671182,221.93798828125,555700
2013-11-19,222.1570479792738,223.449522100198,220.23660970787301,220.8134765625,341600
2013-11-20,221.0690179173281,222.8872167471779,217.1478303144297,218.3526611328125,490300
2013-11-21,218.5352279829369,221.8941673930377,217.46182831302295,221.56556701660156,400400
2013-11-22,221.95996186380506,221.96727102979997,219.73285007154342,221.80662536621094,615100
2013-11-25,222.36885219930966,222.71204870671113,219.94457143570952,220.24395751953125,304200
2013-11-26,218.38920829774807,223.2523652869461,218.38920829774807,221.57290649414062,674700
2013-11-27,222.09860341140686,224.80034182533785,221.67507308507192,224.61050415039062,421500
2013-11-29,227.4960313042938,227.4960313042938,222.03348169973216,222.28311157226562,231700
2013-12-02,222.0996009951732,227.02616768890502,222.0996009951732,223.9351348876953,489300
2013-12-03,222.3271220937581,223.6046460341788,217.620812268134,219.09658813476562,650300
2013-12-04,218.08341774304262,220.60911377559626,214.40500122920974,218.3991241455078,466500
2013-12-05,217.07752499897362,217.80438905630103,215.44022113765777,216.9967498779297,544500
2013-12-06,219.95562494737595,221.79115831747907,219.67664269650737,221.60760498046875,496000
2013-12-09,222.20973315786657,223.88373920632233,220.6018036421422,222.2537841796875,375900
2013-12-10,220.4842279894128,222.18760809132212,219.19935481370197,219.8234405517578,483700
2013-12-11,220.02904344745286,220.8366825847267,214.42699220314134,214.625244140625,669900
2013-12-12,214.61059832544117,216.85728985588807,214.14806263916395,214.22146606445312,717300
2013-12-13,215.38150647291883,219.5738587345658,215.38150647291883,218.64874267578125,612300
2013-12-16,218.7956356740423,223.89842875719586,218.4211795972977,223.75892639160156,934300
2013-12-17,223.57533211675823,224.52980058491934,221.82790062009295,222.19500732421875,809400
2013-12-18,221.57831838340977,227.50340483285854,218.7075406512364,227.37860107421875,960400
2013-12-19,227.3417776969373,227.5914074870478,224.75733298726078,226.42401123046875,701700
2013-12-20,227.2022961863352,232.85572469312112,226.43135884013034,230.79258728027344,1260700
2013-12-23,233.89100483375438,233.89100483375438,230.82199838401522,231.58558654785156,460800
2013-12-24,231.46804098298495,232.59138618751467,230.51355046004167,232.158203125,188100
2013-12-26,237.15095242242154,237.15095242242154,229.84551938368415,231.5635986328125,340500
2013-12-27,232.0114158774744,234.20670659816162,230.69716772260065,232.29042053222656,284300
2013-12-30,232.22437612652564,232.7383120927013,230.42554422887056,232.07017517089844,339000
2013-12-31,233.05406392624818,234.03790734815263,231.25523185088016,232.35655212402344,325600
2014-01-02,231.5563169472982,231.5563169472982,227.9513250435843,229.6620330810547,396500
2014-01-03,229.03787679300672,232.0040827666071,227.9145311985418,230.66783142089844,442900
2014-01-06,232.21693462475795,233.22280305713443,229.353507815626,230.59432983398438,502400
2014-01-07,230.63108441923353,234.676606981185,230.63108441923353,232.71624755859375,422700
2014-01-08,233.2448519701618,234.46364861258613,231.3138676031404,232.64279174804688,689100
2014-01-09,232.9806150764491,234.15536106636165,230.55037037298553,232.07017517089844,472600
2014-01-10,231.82060779974032,234.2141514390471,228.61209777414518,231.23324584960938,517500
2014-01-13,230.1832578188764,231.84991422570266,224.58120580652533,225.01438903808594,789400
2014-01-14,226.13775091966986,228.49456990708129,224.94097936711367,227.9879608154297,608400
2014-01-15,228.65606186680978,230.12448859027475,226.9306559854557,229.62522888183594,1043600
2014-01-16,238.1127569430691,239.35357943880808,230.16123531317336,233.31834411621094,1526000
2014-01-17,234.838191932558,236.84992974801781,231.65903493705403,232.54010009765625,1024100
2014-01-21,234.06719151841003,235.16851147048487,232.7456165384849,234.045166015625,669200
2014-01-22,234.9408568427647,238.42836927771853,234.0084142159362,237.80430603027344,1001400
2014-01-23,235.33746311791342,236.60766059783455,231.51954377917613,231.69577026367188,1136500
2014-01-24,230.3373931619816,230.3373931619816,222.39320002365253,222.54737854003906,1046400
2014-01-27,225.11713592931628,225.86604785794663,219.67663493031148,220.227294921875,1133700
2014-01-28,220.9982005391449,223.3476920323582,220.06575772610182,222.97323608398438,1063700
2014-01-29,221.61495995955363,222.43727534539318,218.97178735763092,219.68397521972656,747200
2014-01-30,221.31393015857353,225.48425671164867,221.31393015857353,224.2581329345703,689200
2014-01-31,220.99824783174066,223.88370130462846,217.32718059201073,220.60911560058594,920100
2014-02-03,218.09811984187323,219.33894249848203,209.08932790673478,210.27142333984375,1583700
2014-02-04,210.55039328960757,214.8014956468538,210.19063585156266,212.7383575439453,918300
2014-02-05,213.54593377042522,216.13770571374477,210.01436973903992,212.3858642578125,917900
2014-02-06,213.88363939850814,217.06279501141236,213.21550271679752,216.4974365234375,858300
2014-02-07,218.0614052415292,220.26404569851437,216.66640410005544,220.16859436035156,864900
2014-02-10,218.66332411221543,221.76170391203863,217.87036151347993,221.0201416015625,734700
2014-02-11,220.9982005979505,225.0363736985775,220.27133660988932,224.04518127441406,763800
2014-02-12,223.79551736475537,225.76320330752017,221.8645331183882,222.84104919433594,659700
2014-02-13,219.52240839178884,224.4930463425592,217.4225692906601,223.59730529785156,550500
2014-02-14,223.55328100230335,225.10246036117357,222.26840768504772,222.48866271972656,664300
2014-02-18,222.69429234184952,225.22733785040435,222.46668795196985,224.63995361328125,513800
2014-02-19,222.6649070701615,226.0936937736688,220.35948846618592,220.62379455566406,592500
2014-02-20,220.5503535589279,221.6957245643576,218.42846627432775,220.64578247070312,606400
2014-02-21,220.7045463032251,221.94536870677976,219.3829487766105,219.52980041503906,567600
2014-02-24,219.49310898083084,223.604686172281,219.48575967664124,222.16563415527344,635100
2014-02-25,221.81323201244675,223.05405463272862,219.93364722561867,220.41090393066406,716100
2014-02-26,220.47701298216919,221.3360303651363,217.23912824743,218.5240020751953,681100
2014-02-27,218.59739565093216,225.1318913862983,218.56067153170687,224.5298309326172,792500
2014-02-28,224.50048600481486,226.79857817421163,222.76040334544754,223.8176727294922,887400
2014-03-03,220.82191931498832,221.4459824688759,218.6486326013529,220.52088928222656,683400
2014-03-04,223.3844485712455,226.7544857146596,223.20824450824358,225.5650634765625,732900
2014-03-05,225.89744952380593,227.49337852824706,225.35070421093505,226.88751220703125,540400
2014-03-06,228.1583291827719,230.67782649109313,227.03527812239412,229.86508178710938,737400
2014-03-07,232.17783618886276,232.17783618886276,228.66827421021534,229.62879943847656,760300
2014-03-10,229.54010190028035,229.7765183731534,226.5551212681052,227.91461181640625,809800
2014-03-11,228.40958941386003,229.75428804700294,227.27911989541926,228.15098571777344,845800
2014-03-12,226.14133349179693,228.23228301936072,225.00349058787432,228.21751403808594,555100
2014-03-13,229.3701451064376,229.9686158450325,220.67382998359307,221.10235595703125,1027800
2014-03-14,220.74768017944152,222.46182903525974,218.48678588867188,218.48678588867188,718100
2014-03-17,220.19355739046625,223.2154716128468,219.89801990221633,220.703369140625,746400
2014-03-18,221.73774705620303,222.94947999090596,221.03584838622967,222.45443725585938,410000
2014-03-19,222.63180130866007,222.83867981351824,218.6641534363043,220.47433471679688,668400
2014-03-20,219.42517661035453,223.5036482899449,219.1961333531424,222.38796997070312,646000
2014-03-21,223.6366129361358,224.75968690135042,220.98412634671337,223.03074645996094,1333100
2014-03-24,222.99378822728085,224.55278373997257,220.62944360585755,223.5626983642578,882900
2014-03-25,224.86303968737485,227.43426219492332,222.80902449593793,227.27171325683594,907700
2014-03-26,230.2123972205483,231.52755802577076,227.81851458696767,228.49087524414062,963100
2014-03-27,228.67564110810372,229.59181416727492,225.7571546013906,226.45907592773438,665200
2014-03-28,228.60174264594718,231.94138182507132,227.8702833788332,229.70265197753906,701500
2014-03-31,232.34038729904304,233.26395624903867,231.10651180876812,232.3551788330078,652100
2014-04-01,233.56682470034036,234.3278444018509,231.1212166038325,234.13575744628906,758300
2014-04-02,234.22445359363323,237.51234513524236,233.06444571903955,235.36227416992188,586400
2014-04-03,236.14549251762307,236.14549251762307,231.5941644653703,232.47340393066406,554500
2014-04-04,236.10112647181995,236.44838925351354,227.74467750926337,228.2471160888672,875800
2014-04-07,228.83813849723907,229.43660915707812,223.99125220013713,224.53062438964844,833300
2014-04-08,224.29423412817397,225.417285692819,221.68607668978063,223.4297637939453,831200
2014-04-09,224.22030580500606,228.19534892361514,223.65139562799504,227.8037567138672,569900
2014-04-10,228.38007720218195,228.40224194950162,218.6641387939453,218.6641387939453,875600
2014-04-11,218.51636474133312,219.86845946084938,215.8934385286682,217.00909423828125,929600
2014-04-14,220.3339372427748,220.9102432251749,217.88832906314815,220.5260467529297,729100
2014-04-15,221.56042535249884,222.94947623549209,217.96220543320683,222.18106079101562,633500
2014-04-16,222.94949118099538,229.5252960218741,222.94949118099538,229.15586853027344,1089800
2014-04-17,231.22471782663325,231.41680482431852,222.21067638225685,227.84814453125,1011700
2014-04-21,227.66338498233014,227.8037692301476,225.4911495717559,226.00096130371094,651400
2014-04-22,226.27433625230424,229.23715191951095,225.36553651511426,227.76681518554688,581900
2014-04-23,227.5746463936377,228.9932348096217,226.03044275583585,227.27171325683594,485100
2014-04-24,225.77931105016265,227.26441688178943,223.71792174281742,224.33116149902344,545100
2014-04-25,223.86575085666541,224.30906852791324,221.05071408414074,221.98907470703125,394100
2014-04-28,223.14897925935847,224.33115177043717,218.23559801287985,220.5482177734375,807600
2014-04-29,222.74998007362828,223.56270241315403,221.51608248773695,222.02589416503906,492300
2014-04-30,221.0137151448966,223.23767606511194,220.17880532907887,222.39537048339844,423000
2014-05-01,221.64179982917543,223.70318968455652,220.1862541253578,222.43235778808594,588700
2014-05-02,222.24756296551524,224.79662159693282,220.74031508160775,220.91763305664062,605300
2014-05-05,220.3635040232085,221.32400650517326,218.16910376856524,220.5482177734375,509600
2014-05-06,220.35609942919362,221.10974593069466,218.78973049769903,218.93011474609375,591400
2014-05-07,219.28476990837555,221.32399426544566,218.04347643895343,220.91763305664062,611700
2014-05-08,220.47429976723737,223.77698210387004,220.47429976723737,221.93724060058594,581900
2014-05-09,221.83380656440542,223.6292412585043,220.6368651337155,223.38540649414062,524400
2014-05-12,219.75029877307585,226.4590933128747,219.75029877307585,225.0404815673828,694200
2014-05-13,225.34338061665113,227.09446336970012,223.18593663033604,223.843505859375,595000
2014-05-14,223.99128948384967,224.6562544890151,222.5209752165536,222.98643493652344,474900
2014-05-15,222.557865621774,222.94945780232126,218.07301113365241,219.4546661376953,662500
2014-05-16,222.24756002124374,222.24756002124374,217.71100235159432,219.83151245117188,544600
2014-05-19,219.572911617804,221.41267580102607,218.8488481877104,220.91763305664062,402100
2014-05-20,220.91770790673272,221.80434317842986,217.9622870651711,219.0188446044922,437400
2014-05-21,219.74294500078227,222.39543267139325,219.74294500078227,221.5826873779297,450200
2014-05-22,221.01380527724945,222.949602693775,220.20105987960392,222.0777587890625,410600
2014-05-23,221.97416554079354,222.5504714435937,221.08015745205284,222.16627502441406,358100
2014-05-27,223.9986858236329,226.01574559287013,223.06772128517528,225.07740783691406,464000
2014-05-28,225.1808426197816,225.94925817551,222.58747675980618,222.7426300048828,623000
2014-05-29,223.74740642182587,225.520676117056,223.09723308804377,225.21774291992188,406400
2014-05-30,224.81881471975464,226.0822505474589,224.10952018203415,225.2769012451172,365100
2014-06-02,225.32119045267433,226.5624838568014,223.37799840225432,226.1117706298828,404200
2014-06-03,225.25469519375753,229.29623249625706,224.8040045169461,228.01800537109375,719300
2014-06-04,227.13139413792433,229.8577706022705,226.4073081975076,229.5991668701172,558200
2014-06-05,230.14199148201763,231.10851971574655,227.84466329943697,230.4245147705078,566400
2014-06-06,231.7701290441207,233.87416909883748,230.91514013625633,233.42063903808594,457000
2014-06-09,232.67718854843616,234.7514835445482,232.36494274883984,233.8741912841797,401500
2014-06-10,233.56188643920274,234.75144700298387,232.06008012442965,233.97080993652344,392700
2014-06-11,232.5804517766285,233.4354631542383,230.33517338482062,231.50987243652344,408200
2014-06-12,231.62144362289902,231.85933759429005,228.42449805771923,229.5991973876953,519900
2014-06-13,230.20878169852773,231.2198931702363,229.05638598091824,230.06752014160156,340700
2014-06-16,229.32409423135195,230.4690255079951,227.88175581321147,230.01551818847656,471700
2014-06-17,228.7590958273555,232.10472266948577,227.38366692112734,232.00062561035156,453200
2014-06-18,232.14928710423635,238.41675480632298,230.81104568571266,237.7996826171875,935200
2014-06-19,237.97068693765482,238.75878872484003,235.14550028624475,237.01904296875,700900
2014-06-20,237.59889183209228,238.3051996645652,235.50231697633703,236.4613800048828,670100
2014-06-23,235.79973027612715,237.11566837423672,235.09342235712597,236.36477661132812,466700
2014-06-24,235.67335092118176,237.90376851967056,234.31280616925528,235.13063049316406,584200
2014-06-25,234.48386700524233,236.92987586533187,233.49503560309012,235.68084716796875,514600
2014-06-26,235.866670268132,236.2830130876869,232.36492085441841,234.357421875,605300
2014-06-27,234.1938562548813,236.1789379720033,233.30912209391096,235.74771118164062,521300
2014-06-30,235.76259877562512,238.3870789851104,235.30909135440658,237.61386108398438,503500
2014-07-01,239.17506253672911,241.52441518136396,238.17137033287082,239.6806182861328,494600
2014-07-02,239.91860861388975,240.06728951524363,237.8071265382306,239.301513671875,540100
2014-07-03,238.64723248027778,241.25682823724682,238.34984801562422,240.58770751953125,276500
2014-07-07,238.847973169493,239.96318187541198,238.00040366228455,238.78848266601562,387200
2014-07-08,238.6695128073262,238.78847111954957,236.17889830238929,236.6547088623047,451300
2014-07-09,238.28296318788517,239.17513936433772,237.10828648823923,238.6249542236328,345500
2014-07-10,235.29421814964905,236.3053300015274,233.4652592056603,234.8629913330078,538900
2014-07-11,235.01165790089436,236.93724892136902,233.82209738277268,236.28298950195312,614800
2014-07-14,237.33881246026488,240.74390764786,237.2049701225874,240.3350067138672,650700
2014-07-15,240.149082522401,242.52076184002894,239.5617328381435,240.69180297851562,1063000
2014-07-16,243.1452183368413,246.75848328469004,239.79959256039905,241.7549285888672,883300
2014-07-17,240.13415524286523,242.29766275790374,235.91123724471103,236.2681121826172,761700
2014-07-18,236.50601831908187,239.1899657542294,236.17146931845417,238.55056762695312,672800
2014-07-21,236.4764291834981,238.32766943177018,236.0228989192233,236.8853302001953,558100
2014-07-22,237.279296902247,238.94469110320156,236.9001412709593,237.21238708496094,520400
2014-07-23,237.82193649445378,237.9111495452972,235.30899634714552,235.34616088867188,688900
2014-07-24,236.63246059255624,237.29416210390139,235.26447371752087,235.94845581054688,395600
2014-07-25,234.6919689556106,235.5023512403141,233.16783675035936,234.12692260742188,508300
2014-07-28,234.11946136744422,236.11196201490012,232.89273640780044,235.25697326660156,558900
2014-07-29,235.79227402954905,237.3535706530814,233.7403055739427,233.85182189941406,454500
2014-07-30,235.0637511810682,235.79233983680803,232.43185172051875,234.06005859375,504000
2014-07-31,231.77761128179932,231.95603746705802,226.55844116210938,226.55844116210938,843500
2014-08-01,223.562170769973,229.04897829355437,223.04173098874134,225.60671997070312,770000
2014-08-04,227.86689583539564,227.86689583539564,225.4877972757716,227.03421020507812,881200
2014-08-05,226.1123403594242,227.23499131983377,223.31687593884737,223.859619140625,755400
2014-08-06,222.88562815084978,227.48772476208956,222.55105644872222,226.03050231933594,668900
2014-08-07,227.1383045474345,228.79623380230356,224.1718336635411,225.2498779296875,431500
2014-08-08,226.3428542232615,229.07138661116682,224.98228633444634,228.84091186523438,395800
2014-08-11,229.88175791367223,231.05643474540932,229.0787947267761,229.31671142578125,355700
2014-08-12,228.75908838950485,231.50250412597129,228.69959787508125,231.13076782226562,554100
2014-08-13,232.65481488947302,233.63620391211953,231.74035834976004,232.7068634033203,383600
2014-08-14,232.94484539049193,234.09721886920386,232.63257690875315,233.98570251464844,334300
2014-08-15,235.27928131810404,235.79227911531484,232.14926870781568,234.2755889892578,588400
2014-08-18,235.7402745166808,237.80712737129363,235.22729931288325,237.7104949951172,465200
2014-08-19,237.55428955560657,239.2865929277332,237.02643051235145,239.06353759765625,708900
2014-08-20,238.95954800869825,241.59886684998736,237.76254523967077,241.42044067382812,527400
2014-08-21,241.219644644988,242.6694023040938,240.11185526980856,242.58763122558594,516000
2014-08-22,241.70291906948046,243.62851015989742,241.10812744432545,242.37203979492188,457500
2014-08-25,243.5839468939925,247.93326641543854,243.46498854782993,247.54664611816406,706800
2014-08-26,248.40161239828097,250.75843045609764,247.68788507558796,250.15621948242188,696900
2014-08-27,250.21567766006115,251.03350200296583,246.84774791567415,247.98526000976562,553600
2014-08-28,247.25985658378258,247.80575833825407,245.33800673005314,245.90634155273438,555200
2014-08-29,246.77383319636294,247.37954896125348,245.70448539622578,247.170166015625,492500
2014-09-02,248.5760619964721,248.76301189212654,244.54541129206729,245.89146423339844,772500
2014-09-03,247.9553167721559,248.8153043450863,246.5943391984681,247.6786346435547,446200
2014-09-04,249.05461339262726,250.4754506940087,247.39449759614487,248.06753540039062,441100
2014-09-05,247.52168138524897,248.83781605727904,245.45028459345824,248.82284545898438,395100
2014-09-08,248.23953088060173,249.95199823069473,247.25245282394354,248.5760498046875,334100
2014-09-09,247.8282347120698,248.3442181920829,245.1660703212052,245.60726928710938,373100
2014-09-10,246.74388240422317,247.7758492224436,246.08581528413904,246.66909790039062,468800
2014-09-11,245.113766013912,246.3999823124206,244.38839944752573,245.65966796875,505000
2014-09-12,245.54736942529584,246.67655368128473,244.54532109271267,246.0783233642578,377000
2014-09-15,245.27820698711102,245.9512218932971,243.8947735115454,244.49302673339844,380900
2014-09-16,243.99949831877623,246.10081302844642,241.8159137995059,245.40536499023438,589000
2014-09-17,245.64459653330238,248.16467664378024,244.53038282560166,246.579345703125,534700
2014-09-18,247.46181380848745,249.91459518851627,246.87104582976784,249.47337341308594,481700
2014-09-19,251.13353188543635,251.2606678598342,247.0879560955593,248.08251953125,804000
2014-09-22,247.5215309110542,247.5215309110542,243.89470028969424,244.98648071289062,395100
2014-09-23,243.9695032871223,245.69691771459995,242.5038231591762,243.07962036132812,423000
2014-09-24,243.42372635310787,246.34016315508663,243.0348787626597,246.0260772705078,399400
2014-09-25,244.50047980890957,245.96618303032741,239.70708302666768,240.4324493408203,676100
2014-09-26,244.90438256074415,251.91874684850586,244.90438256074415,250.5652313232422,1289400
2014-09-29,247.52166789619943,249.2790015225089,245.8615518693715,247.2599334716797,760300
2014-09-30,246.96076452889326,248.516177319496,244.4855502134986,245.51751708984375,770900
2014-10-01,244.88191979767507,244.88191979767507,240.7914553422191,241.71871948242188,808300
2014-10-02,240.76900668995205,242.7805891770017,238.63777354400008,241.98043823242188,476500
2014-10-03,242.9750137066651,245.62969269536617,242.9750137066651,244.59024047851562,492100
2014-10-06,245.64473354536324,246.2654201200966,242.5712875148173,243.87245178222656,432600
2014-10-07,242.42909825558024,242.42909825558024,238.39844838678536,238.43585205078125,494400
2014-10-08,237.8151443901617,243.27409341395682,235.5642838335478,242.95254516601562,818200
2014-10-09,243.0049435631598,243.0049435631598,235.56435148265973,235.71389770507812,685200
2014-10-10,234.3528614221072,236.3270399417065,230.69611145659562,230.97279357910156,795700
2014-10-13,231.4738163695396,232.78246522740739,227.1291039871006,227.26370239257812,578300
2014-10-14,228.07884109209834,231.21960803227,227.33104161310786,229.3800048828125,816700
2014-10-15,228.45279332646624,234.25572591958468,219.39695050909458,232.09457397460938,1566900
2014-10-16,226.1943596278998,236.11016366701946,225.84289301430567,232.3337860107422,916800
2014-10-17,235.0857074305537,239.1537382293747,233.59759384053518,236.06532287597656,698900
2014-10-20,234.614578691094,235.97557908912202,233.31341502541164,234.15843200683594,782800
2014-10-21,236.3569207916277,239.65471831148778,235.72128684780031,238.66761779785156,769700
2014-10-22,238.5480047061297,239.32572245932226,236.0802758548216,236.21487426757812,716300
2014-10-23,239.6397953993438,242.43658074442794,239.17616341097363,240.85122680664062,540400
2014-10-24,240.51471365170227,243.30399068042573,240.36514465014565,242.9375762939453,378200
2014-10-27,241.8158918946893,243.22924373563643,240.84376178875593,242.87777709960938,426000
2014-10-28,244.6575654649651,246.31768122036715,243.67792715261177,246.31019592285156,406500
2014-10-29,245.98868383091272,248.89012706539722,244.44073320525825,248.26197814941406,681700
2014-10-30,246.78889242083204,249.9969600910401,246.77394463976154,249.18934631347656,601500
2014-10-31,251.28318746340594,255.91207044865521,250.79712211586644,255.08200073242188,761400
2014-11-03,256.4504243374237,257.2430901733215,252.04587326378945,253.35452270507812,669800
2014-11-04,253.04032609509318,256.4129081783077,252.33739294044062,255.39588928222656,753700
2014-11-05,258.5517532913773,259.7556998869519,257.10850530826013,257.4300537109375,691900
2014-11-06,258.2076716033782,260.4211515265373,257.42995380620374,259.95751953125,481700
2014-11-07,260.42866304895193,263.6367064959225,258.8582795234324,262.8365783691406,732300
2014-11-10,262.8515263748617,263.1656122086538,261.75974548592416,262.2532958984375,542900
2014-11-11,262.89640263550274,263.63671687224434,261.90183929544617,262.6197204589844,323200
2014-11-12,261.20634505185575,262.4626655021154,260.1145642184309,261.655029296875,456700
2014-11-13,261.96903286381047,262.3279618903093,258.81331918671935,260.6678466796875,395800
2014-11-14,261.70746015040135,261.804677762109,259.73325800166714,260.0174255371094,234900
2014-11-17,259.0227818221411,260.40621539384125,258.4768799982081,259.4714660644531,286700
2014-11-18,259.7706261436463,260.76518956060704,259.29950874891614,260.18939208984375,379900
2014-11-19,259.48641511309194,259.65093190871374,256.64478626620155,259.0078125,325400
2014-11-20,256.95893489471234,260.95218264171285,256.83928420156553,259.89031982421875,305300
2014-11-21,263.6890860028836,266.67279904420764,262.9786900897757,266.14935302734375,842600
2014-11-24,267.2111343743341,268.1982350032806,264.9901693697172,266.0595397949219,457600
2014-11-25,266.70262698077596,268.31787627513,265.1023482785057,266.97930908203125,544900
2014-11-26,267.8318355887888,267.9664340036149,265.5510337283336,267.4205322265625,306900
2014-11-28,268.654488213648,269.83600152550633,267.48792267802946,268.5198669433594,286300
2014-12-01,268.19648480245877,268.9633536830032,266.0612610076964,266.9258728027344,584500
2014-12-02,267.72286012460677,268.88070082921223,265.8282304715383,267.5273742675781,571800
2014-12-03,267.1890544341336,268.8355868036762,267.05372866401063,268.3243408203125,456600
2014-12-04,267.21169527714625,271.4069561202157,266.4072202536033,271.1964416503906,581900
2014-12-05,272.77518820128364,274.3916403213783,271.99326783392604,273.9706115722656,479400
2014-12-08,271.99344038912614,277.1586060045934,271.10627374383654,273.3918762207031,489200
2014-12-09,269.90328415713634,273.3918360004144,269.08378055169084,272.7226867675781,440800
2014-12-10,272.655016331595,273.8053316471265,268.23418948936234,268.4221496582031,511400
2014-12-11,270.77534959160175,271.72267595716596,265.1139915839865,266.0237121582031,622200
2014-12-12,266.4975387964513,266.88098502614645,256.2273885858202,256.2950744628906,761200
2014-12-15,260.2120061664016,261.5126755696477,253.6785102721746,255.1972198486328,640000
2014-12-16,253.18979324635674,259.8285342184692,251.56581514693377,253.3251190185547,609000
2014-12-17,255.0092279201258,262.3772777961234,253.75366726868776,262.0389404296875,664000
2014-12-18,267.00108382532324,269.79793101959797,264.2944538075819,269.7904052734375,579700
2014-12-19,273.3391698539002,275.1886913268185,269.69273831296135,270.775390625,1060400
2014-12-22,271.5498306860326,271.6776537062768,269.2642513755654,271.5423278808594,337900
2014-12-23,273.0533946021005,275.677333235205,271.51213093931204,273.8277893066406,600400
2014-12-24,274.4067537009801,275.79013746640277,272.4594895610691,273.4218444824219,153300
2014-12-26,273.85048809951263,274.7677348014922,273.1813617125944,273.3918762207031,155200
2014-12-29,272.6474851987483,275.62476753942514,271.10619820778055,273.26397705078125,204900
2014-12-30,272.96319129374876,273.8127746713288,271.03848158186383,272.22637939453125,253300
2014-12-31,272.4218912500709,272.8880287013517,268.33940273331626,268.8280944824219,298800
2015-01-02,269.1438410496834,270.5798590011402,264.97863871025646,268.20404052734375,367000
2015-01-05,265.5801447556602,266.35453959335206,260.5879355058557,261.26458740234375,465900
2015-01-06,262.16683409096845,264.3697216069667,254.53563342154922,257.2046813964844,626400
2015-01-07,259.4978262423737,263.1292298573014,258.82869991633504,262.6480407714844,388300
2015-01-08,265.2794042720758,266.6402337672044,264.3396036293433,265.7154846191406,480600
2015-01-09,266.1440533612461,266.5425279715174,260.84358617536407,262.5653076171875,542500
2015-01-12,263.3020342624032,264.9335381139216,258.8210716611123,260.83599853515625,331500
2015-01-13,262.9787614461727,266.51992367271856,259.3097762428676,261.6254577636719,406700
2015-01-14,259.82109056385696,261.3849320178575,256.0092757764883,259.94891357421875,717400
2015-01-15,262.44501580215024,262.8284389235991,256.0543704086424,257.46783447265625,661800
2015-01-16,257.467835556776,262.0991536939513,254.9491648316229,261.69317626953125,916300
2015-01-20,263.1516877795869,264.34711136235654,259.13686246075184,260.58038330078125,939800
2015-01-21,259.1067900208061,263.89601023923683,257.5128918636766,262.76824951171875,822300
2015-01-22,266.15143769432973,272.1962394833287,261.9937621984039,271.2564392089844,714600
2015-01-23,271.61740573618306,271.95574313464,266.9860655614967,266.99359130859375,415000
2015-01-26,266.1514761049397,269.4971747421893,265.1364870732974,268.7002258300781,470000
2015-01-27,265.58758500366883,266.90330552385683,263.7305385516868,264.2568359375,435800
2015-01-28,265.76806479915916,266.68531103649644,259.2120153677849,259.4075012207031,562200
2015-01-29,259.97895483551514,261.7608132996287,257.7083816497222,260.84356689453125,593600
2015-01-30,259.4527594194714,261.61053901487185,255.8288809704823,256.00933837890625,663200
2015-02-02,257.4076284084567,261.71568273500554,255.20474124929177,261.3698425292969,610100
2015-02-03,261.6855803191184,265.7004054940442,261.6855803191184,265.3620910644531,655300
2015-02-04,260.5428248190764,266.39964605320984,259.34740112452107,263.7306213378906,543800
2015-02-05,264.9034863085051,270.5272616632736,264.6553890321904,269.7754211425781,743600
2015-02-06,272.35420669451753,276.2788148143492,270.7753371393025,272.4895324707031,653700
2015-02-09,270.68513763374074,272.609847501917,269.78291984487936,271.3166809082031,402500
2015-02-10,274.4218073021703,279.7222741284846,273.9255897740002,278.68475341796875,726700
2015-02-11,277.8426251831398,279.8726035471178,276.1434813923719,278.10577392578125,461300
2015-02-12,278.1810504468064,282.28609411816916,278.1810504468064,281.85003662109375,444700
2015-02-13,281.8574949508611,284.2182621805229,281.037968618052,282.72210693359375,553700
2015-02-17,285.3310483966145,287.83466763026263,284.04538438332384,285.9475402832031,1122400
2015-02-18,286.1054041770403,286.57906738611996,283.2860021652352,284.0904541015625,583200
2015-02-19,283.21081588738986,285.2708516323564,282.72962692673497,283.9024963378906,498700
2015-02-20,282.4815144158707,283.947612572961,280.5492788184937,283.1732177734375,774200
2015-02-23,283.5717279855799,284.1957455853971,280.9628401969557,283.0153503417969,443600
2015-02-24,283.9777107273142,285.6092149485332,283.4439103179782,284.2784423828125,451700
2015-02-25,284.0001986092391,284.68437615849416,282.3611919673836,282.6318664550781,443200
2015-02-26,281.7823525721467,283.45143966737476,280.6245115921962,281.95526123046875,397700
2015-02-27,281.9552343289707,283.3311153820046,279.218546662616,279.2486267089844,702200
2015-03-02,279.24860998147705,283.2108011760338,276.5870881739444,283.0078125,478000
2015-03-03,281.3987544492029,282.42877187154824,278.8199480211739,280.9326171875,428900
2015-03-04,279.0950944268037,280.50173667529054,277.70359200530345,279.1631774902344,371000
2015-03-05,279.8134397123161,280.9327017796039,277.801805187067,279.76806640625,366100
2015-03-06,279.4580796516963,284.00316609484764,275.91882229700735,276.3876953125,538700
2015-03-09,276.387643443365,278.2782749761871,274.9280814389858,275.7221374511719,519200
2015-03-10,273.188757396068,274.3307065231826,269.27894329694755,269.36968994140625,531200
2015-03-11,270.09563719718983,272.1299587312515,269.7023941161779,271.04852294921875,464700
2015-03-12,272.7047229425452,279.00429765650875,272.7047229425452,278.8379211425781,474400
2015-03-13,279.0496247822111,279.7983305104712,275.42719163599946,278.10430908203125,521700
2015-03-16,280.3201552984475,283.3980857734494,279.6017061124781,282.8989562988281,491800
2015-03-17,282.1124053168891,284.45679240226127,280.9704567932064,283.0350341796875,531500
2015-03-18,282.8158028465041,288.1246881110833,280.91005448770625,285.6820068359375,595700
2015-03-19,284.3510464241682,284.6913694081389,279.1480235841918,279.7757263183594,632600
2015-03-20,280.28240260991936,287.06599099337296,280.13116590079306,286.3475646972656,681600
2015-03-23,285.80297971503654,287.9961075392372,282.8535762463219,283.0880126953125,453000
2015-03-24,282.32432255499543,282.78562572056296,279.1329345703125,279.1329345703125,452800
2015-03-25,279.7303140281007,281.36379950238756,275.09448142123045,275.2154846191406,391300
2015-03-26,272.81057308577886,275.89609681647715,272.25852342282985,273.87689208984375,417600
2015-03-27,273.64247970377784,275.0793552468853,272.44004065606674,273.4836730957031,386900
2015-03-30,274.59535401387586,279.526113202201,274.59535401387586,278.3766174316406,470900
2015-03-31,276.94729027052864,278.40687549767205,275.8053644059455,276.66748046875,426400
2015-04-01,275.6616816586856,277.49180028568264,273.6424767759067,274.1945495605469,593800
2015-04-02,274.76175509908353,277.65819298135665,274.27019542661446,277.09100341796875,351800
2015-04-06,274.4138821384991,279.14803208987973,273.4231928088466,277.5296630859375,345000
2015-04-07,277.35558699687226,280.49403005942946,277.0379508120165,278.769775390625,448700
2015-04-08,279.85120875583726,280.9099806447375,277.88497085700686,279.5940856933594,569400
2015-04-09,279.81342410381876,281.1595526263476,278.0589127704793,280.9704895019531,392300
2015-04-10,281.71910751528895,282.0745470308386,278.315972056235,279.3974304199219,348300
2015-04-13,279.775643060122,282.0822041303939,279.548753445327,279.5790100097656,421000
2015-04-14,279.699918370114,282.98205058966806,277.61265463236526,282.58123779296875,581700
2015-04-15,283.12587304133604,285.3190011279006,282.4225636102273,284.8501281738281,710800
2015-04-16,286.256705016062,286.4609079737632,275.55573612044395,281.4620666503906,901800
2015-04-17,279.57898541217753,281.3259268211181,274.6406575661386,276.33465576171875,798800
2015-04-20,278.3009004712226,280.5167146017769,277.8698310375126,279.5940856933594,416500
2015-04-21,281.08397146823,281.24280113712024,277.62034458388877,277.9379577636719,448500
2015-04-22,279.12532633489474,280.7361483943083,276.33475182500973,279.4429626464844,451600
2015-04-23,278.6790695014409,281.7494530612972,277.49174743841854,281.27301025390625,432600
2015-04-24,281.878014503757,282.7477002995819,279.6470603032102,282.06707763671875,355700
2015-04-27,283.28460459931466,284.9029959323617,280.7057809560065,281.24273681640625,354400
2015-04-28,279.94207626947514,285.8559549312255,279.94207626947514,285.7500915527344,395400
2015-04-29,284.06355077986683,286.4684281098252,276.65228576134314,277.29510498046875,981700
2015-04-30,276.99264933706297,278.981597495828,274.02058196656577,275.2305908203125,673300
2015-05-01,277.1892681368318,279.2235895034402,276.0473193107956,278.78497314453125,412900
2015-05-04,279.6548050763493,281.08411125417877,278.8607255739906,280.0177917480469,375400
2015-05-05,278.66406700223814,281.1521223379769,276.12304534741213,276.82635498046875,380700
2015-05-06,277.0834156757614,278.2177946350582,273.04500627114555,274.82220458984375,427700
2015-05-07,274.89782260981383,277.975776258875,274.3911232084286,276.54644775390625,431300
2015-05-08,277.80945872690273,280.7664098169885,276.55407636350805,279.8437805175781,445800
2015-05-11,279.47323331709435,281.43194852095326,278.06661408480034,278.1346740722656,431700
2015-05-12,276.6901601397065,276.9245966206285,274.0508457118427,276.1607971191406,452300
2015-05-13,275.63881177667196,277.1966894714653,274.90524621522184,276.13037109375,435000
2015-05-14,277.93793352668575,280.9553969454855,277.4690606304654,280.9251403808594,419000
2015-05-15,281.32607659323605,281.8252062728016,278.732134705545,280.4563903808594,415800
2015-05-18,279.9345035941405,281.3033191416302,278.8606146000376,280.3504333496094,391900
2015-05-19,281.0914834802189,282.0443689812889,278.9966724388601,280.6301574707031,406000
2015-05-20,280.289882098739,281.06882129040605,278.0589278780734,280.00250244140625,447900
2015-05-21,280.1915705695579,281.1520030023428,278.32362584260096,278.4673156738281,390500
2015-05-22,278.59594028008803,279.4051131204768,277.9455509638964,278.3614807128906,303700
2015-05-26,277.55232034650226,278.6110695470712,275.8961250302901,276.054931640625,695400
2015-05-27,276.8112117930053,279.57152990051685,275.86589579187097,278.8152770996094,352500
2015-05-28,277.5296441011298,279.6320258350728,276.84899815900957,279.4429626464844,358100
2015-05-29,279.41267502991514,279.41267502991514,276.03222467038086,276.6221008300781,627000
2015-06-01,276.84904045757025,277.7489832190696,274.2550986527809,275.480224609375,418400
2015-06-02,274.3684483903252,275.79020704528375,272.659333118704,274.82220458984375,430800
2015-06-03,275.5709156433225,277.5522939039781,274.1567037941146,275.9944152832031,464400
2015-06-04,274.3079805840203,275.6692262139924,269.52845797553914,270.6098937988281,640000
2015-06-05,272.3979699266331,274.2165038325808,266.63804079968634,270.3587951660156,740500
2015-06-08,271.21854665052246,272.23051750994574,268.7152185386882,268.9358825683594,683000
2015-06-09,269.263139407793,270.95990535542694,267.84028208614836,268.38812255859375,539000
2015-06-10,270.1077512235489,272.3295554495981,269.5675269902051,270.5794982910156,768500
2015-06-11,271.4316013314534,273.0294476535836,270.12287296196,271.4924621582031,585800
2015-06-12,270.8760806528239,271.4087114479075,268.4564628086657,268.92059326171875,517200
2015-06-15,267.55113174814574,271.4849108896381,265.14672215742434,270.328369140625,1096900
2015-06-16,269.2326407517796,272.36749598794574,269.2326407517796,271.85009765625,351900
2015-06-17,273.12846435829397,274.00348128063945,271.1577663994653,271.8653869628906,462700
2015-06-18,272.39796331869695,275.29694537235656,271.3251082186118,274.5893249511719,445300
2015-06-19,273.8283592699074,274.81750431711686,272.1848385108005,273.3033447265625,658900
2015-06-22,274.56644643603556,276.6056207550538,272.8772741042018,273.12835693359375,430600
2015-06-23,273.53930183677437,275.0534618906629,273.242544299529,274.03387451171875,420700
2015-06-24,273.93494964280916,274.6730120939379,270.122915714401,270.54901123046875,558700
2015-06-25,270.54906127755186,271.2414724243625,266.9804932550108,267.17071533203125,482300
2015-06-26,268.6391506082586,270.0391819251772,267.75651762619776,269.7120056152344,642900
2015-06-29,266.5999244071278,267.83255917441863,262.00415467411136,262.1563415527344,558700
2015-06-30,264.75108707519604,265.65654598863614,261.63144047413533,263.25213623046875,776700
2015-07-01,266.31092546006744,267.90117934278686,262.9782307347491,264.3326110839844,495400
2015-07-02,264.9641177183246,265.16954918185235,261.48685292084724,262.810791015625,433900
2015-07-06,260.49764842716854,263.0694540157827,258.70957990225213,260.8400573730469,698100
2015-07-07,261.0454234352996,262.057417395843,255.42247365063187,260.68780517578125,853300
2015-07-08,258.70189955759923,259.4856132068525,253.86266340581182,254.22787475585938,955600
2015-07-09,259.5010303240574,260.5054087815579,255.894426032686,256.33575439453125,797300
2015-07-10,258.65628075914424,259.6226002052881,256.6323157973698,258.2910461425781,1156400
2015-07-13,260.65751729203095,262.8260536475982,259.97272244829094,261.94342041015625,800700
2015-07-14,260.87800968962017,262.01174843071936,259.18124456336113,260.77911376953125,1213800
2015-07-15,261.296611353256,264.6521309964707,259.38677460060654,263.64013671875,1106400
2015-07-16,266.04455823432403,270.1076984931156,265.58042757160797,269.5674743652344,805900
2015-07-17,268.66957812707705,270.6402754123321,267.52824603921385,269.7652587890625,729200
2015-07-20,270.853300494321,270.8837425158478,267.73365507089795,268.6695556640625,441800
2015-07-21,268.16742565607365,269.67399257610606,266.72174279245723,267.6956787109375,481700
2015-07-22,267.83259765624996,268.09891312187534,265.8542840521969,266.3108215332031,719500
2015-07-23,266.3716711338189,267.21626892115063,262.9476750012815,263.60205078125,526600
2015-07-24,263.13042285683326,264.5684898078859,258.8922690441672,259.77490234375,630500
2015-07-27,258.3214597965567,259.7519328621025,254.28876293769483,255.84095764160156,882100
2015-07-28,257.8498567291579,257.8498567291579,255.1943637258722,256.2976379394531,713200
2015-07-29,256.5866165927664,259.4627719038204,255.6583324330899,258.58013916015625,663400
2015-07-30,258.4812393884212,259.49323336692646,257.0203475256413,257.75079345703125,622300
2015-07-31,258.38998166166664,260.01067699587657,255.48338360784706,255.90188598632812,507800
2015-08-03,256.16817024234956,258.04756450963765,253.00287341215602,254.66921997070312,528500
2015-08-04,255.31601228185957,256.50299595141445,251.29093064235917,252.9496612548828,676200
2015-08-05,254.13657603152404,257.2866632994111,254.13657603152404,254.66159057617188,662800
2015-08-06,255.25503540780747,255.80287556166772,252.40932241938384,253.4289093017578,583600
2015-08-07,252.85074974243201,254.57036446321015,250.4539566147449,252.50074768066406,368900
2015-08-10,254.2128412329607,257.45421030945187,253.14760202424355,255.3465576171875,513400
2015-08-11,253.41368568307635,254.12892210991546,250.33209922096947,251.09298706054688,695100
2015-08-12,247.82126784603653,249.80717467637666,243.4233354789865,248.90933227539062,786700
2015-08-13,249.51809563184418,250.63660236608172,247.31152419722042,247.98110961914062,474900
2015-08-14,248.0342290953567,250.11143805968237,247.28855064481797,249.67774963378906,450000
2015-08-17,248.2397269699212,250.73543885171225,247.41036177968002,250.583251953125,387600
2015-08-18,249.57125458049146,250.362584572353,248.86363434010914,250.1190948486328,442500
2015-08-19,249.35078391541137,250.33233666119617,245.77462160967994,245.96484375,720300
2015-08-20,244.86142654376954,245.3255804142686,240.96568272660178,241.24720764160156,744500
2015-08-21,238.3177732145233,241.0417658207549,233.55462914037383,233.798095703125,1195700
2015-08-24,221.72286187208445,232.94596510171257,209.24429750154107,227.63497924804688,1578300
2015-08-25,235.8600400338052,237.14594244479932,224.19561550196357,224.20323181152344,1259700
2015-08-26,230.16863255290934,231.42409317728772,224.91089339970833,230.6175537109375,1351700
2015-08-27,233.23505056977626,239.6721580069042,233.23505056977626,239.27650451660156,945500
2015-08-28,237.8384292986635,237.8384292986635,234.04922082881257,236.81124877929688,782900
2015-08-31,235.43965726583326,236.5890404418871,231.43980287779544,231.769287109375,786800
2015-09-01,225.07217864078598,227.4015779259895,223.3327641364936,225.50892639160156,1541500
2015-09-02,227.80777188760825,228.75027465820312,225.46303171126422,228.75027465820312,1341800
2015-09-03,229.53950898207611,231.00305987781545,228.4744259353054,230.07589721679688,1149300
2015-09-04,226.5434051015099,227.89202209304688,224.05307504306353,225.46298217773438,985500
2015-09-08,229.5931007588924,231.7845798974622,227.4475716876248,230.97235107421875,934600
2015-09-09,233.66961408076713,234.97990438211082,226.87290844379518,227.40162658691406,698200
2015-09-10,228.19083780357698,232.81902674482257,227.40926575145843,230.88040161132812,952900
2015-09-11,230.64290031393935,232.62749920820372,228.9571288981395,232.41294860839844,804800
2015-09-14,232.36689781659325,232.75002543047057,230.08344881955307,230.6887969970703,567400
2015-09-15,232.63508932670683,236.42039198193424,231.03361872399577,235.9299774169922,950600
2015-09-16,237.38584466732644,240.78037287613398,235.86100434685966,240.22866821289062,959300
2015-09-17,239.24787426105038,242.70366938032197,238.04484796096142,238.78811645507812,964300
2015-09-18,235.8074521575955,240.28238132100668,235.8074521575955,236.67332458496094,1570800
2015-09-21,237.69251893422725,240.5276508915712,237.20977411912833,239.37062072753906,728200
2015-09-22,235.81507677277577,235.81507677277577,231.2175448129491,233.19447326660156,814600
2015-09-23,233.01053901673677,234.12161840116275,230.9876374654353,232.3745574951172,454800
2015-09-24,230.64285264552694,231.34014779684514,229.14864540923696,230.26739501953125,726500
2015-09-25,233.04884716290124,234.84952801641126,230.57383466723408,232.1599884033203,645700
2015-09-28,229.96856377339392,232.17538303680936,225.0951907202338,225.32505798339844,732500
2015-09-29,226.25220170339372,227.18703413654063,222.98029987950795,224.9112548828125,794100
2015-09-30,230.64286883083935,231.15627022329065,225.72349901387867,227.93798828125,756200
2015-10-01,227.63146356078056,228.92643686563775,223.36341600297914,226.75027465820312,814300
2015-10-02,222.98031250943112,232.47422776133843,221.5627353991003,232.4512176513672,854600
2015-10-05,234.61978637542813,240.84177763763017,233.87651756400172,240.30538940429688,936200
2015-10-06,239.60807101281245,240.81874424603274,238.09854695154365,239.6310577392578,725600
2015-10-07,241.76124479252772,246.21318672315172,241.46239396695927,245.692138671875,1103200
2015-10-08,244.52740337853967,245.1020948906355,242.65009180291452,244.10597229003906,653500
2015-10-09,244.10600386449605,245.96032895485965,241.43942648512416,243.75350952148438,580800
2015-10-12,244.1978815661678,244.1978815661678,238.88773842477454,241.87612915039062,613200
2015-10-13,239.6080016288177,243.1864001867379,239.3321376070973,241.4623260498047,890000
2015-10-14,245.40851347692262,250.0903443171585,242.90286770785613,247.0942840576172,1124700
2015-10-15,248.6115713198591,250.76474710091344,245.65381334654674,249.5157470703125,736500
2015-10-16,250.83366032365464,253.8450378386428,249.2551763821683,253.50021362304688,741900
2015-10-19,252.35850273541544,252.89489076731934,250.1057104162264,251.23977661132812,584300
2015-10-20,250.15938715051053,251.61526765088433,249.74560271044376,250.68043518066406,443200
2015-10-21,251.05586403376358,252.18990675969195,246.49663625674577,246.71885681152344,625700
2015-10-22,248.22835006382084,257.36209779983284,247.35480802163264,256.9636535644531,722000
2015-10-23,259.20125373454107,261.4847036676882,257.5691490731108,261.1322326660156,959000
2015-10-26,260.45777460267647,260.8255854700734,257.3927541937851,258.2432861328125,600100
2015-10-27,257.26248293942973,257.5690036905808,255.18593814060682,257.1322326660156,388400
2015-10-28,257.9445810582296,265.3772450420284,257.4541663359299,265.3695983886719,950900
2015-10-29,264.8791504536289,268.9479645939669,263.2087193607376,268.08209228515625,929500
2015-10-30,269.1548483327999,271.7064682322768,267.45376060506317,269.6988830566406,1601900
2015-11-02,270.9938365030865,273.2542754765661,269.721849972673,271.6911315917969,812200
2015-11-03,270.6337079137692,275.8519045711666,270.6337079137692,274.6795349121094,850900
2015-11-04,275.0550358340815,276.61053338331885,272.0666444074997,273.1623840332031,749300
2015-11-05,272.77919700241387,275.43045698500634,272.1585321251187,273.7829895019531,510700
2015-11-06,275.813664001676,277.001350618813,271.0552007269919,273.3233337402344,560900
2015-11-09,272.40375146991937,274.12015581056556,266.00551521845836,267.85986328125,1278900
2015-11-10,266.074548077074,269.03230641953536,264.15126270416476,268.39630126953125,713300
2015-11-11,269.8828919127174,270.35032001206287,268.0208963232192,268.5726013183594,454500
2015-11-12,265.5227880843004,268.01311790258956,264.37340509124385,264.92510986328125,637000
2015-11-13,264.5724948255097,266.1356613920745,262.41932039560027,263.0169982910156,590600
2015-11-16,263.0248133403834,270.4574760470458,262.50374194140915,269.9747314453125,672700
2015-11-17,270.0360416804024,274.2581160008474,268.8406852450679,270.8099670410156,578100
2015-11-18,271.77536729238835,276.66407882435965,270.06663329705583,276.3345947265625,535900
2015-11-19,276.25801151013155,276.64113914506555,274.2810832029444,275.15460205078125,489500
2015-11-20,276.6717643798782,278.5874023362832,276.46486051466496,277.7368469238281,530100
2015-11-23,278.0356962089513,279.34598601665874,276.67176292652584,278.3421936035156,423900
2015-11-24,276.25803301704997,276.9706448612834,273.07807807638676,273.4075622558594,807800
2015-11-25,274.32714123817135,277.5837271392904,273.39995523906623,276.3270568847656,415300
2015-11-27,275.58372141803983,275.85191545714116,272.2275193718302,274.6182556152344,263500
2015-11-30,275.2082399712883,279.5835509262395,274.5799050504709,278.7023620605469,870200
2015-12-01,279.7815687288273,281.22310221613265,277.70019537293183,278.84881591796875,739000
2015-12-02,278.0548051684201,280.1438712081998,274.5318984505114,276.6826477050781,1080100
2015-12-03,276.8060254813781,277.9931806013179,269.89126977425025,271.3482360839844,890900
2015-12-04,272.820631810297,278.79491870428507,271.1015704671913,278.10113525390625,684100
2015-12-07,277.0681927227264,277.8159431960402,272.288753312332,274.0232238769531,583000
2015-12-08,272.42744815380024,273.6146032338057,267.15466156665985,268.9893493652344,758300
2015-12-09,268.2955755095735,272.4968338074388,264.5105731364635,265.6206359863281,663500
2015-12-10,265.37386943532624,269.0663693690785,264.2715232054461,266.1447448730469,659400
2015-12-11,262.59114188434825,263.5315877692208,247.62072360668,248.8232879638672,1636100
2015-12-14,248.746158690711,252.70075469179113,242.53290259407055,246.3718719482422,1267900
2015-12-15,250.4960615052953,255.49132085312058,248.7230333269951,254.0343780517578,1032500
2015-12-16,255.23695861097013,257.47249352031605,248.3453277107708,255.1598663330078,1142500
2015-12-17,256.5859652971634,259.2840300773118,253.2943112092173,254.55084228515625,1127000
2015-12-18,252.06091717846388,252.96282847428753,247.78254339807947,247.81338500976562,1025200
2015-12-21,251.02017930456847,252.93965166807004,248.59192631544863,250.95849609375,534100
2015-12-22,251.30547807639266,255.48363471945171,248.58428779774147,254.78213500976562,711700
2015-12-23,257.32597267312775,262.22875354162426,256.3855035347679,261.8201904296875,678400
2015-12-24,262.38303885030984,262.7684768187183,258.38219085620904,260.0935363769531,240300
2015-12-28,259.7388265582954,264.2715788505506,258.15082470424085,263.9863586425781,865800
2015-12-29,265.774744435785,267.6094319365591,263.6317114322073,264.8728332519531,480200
2015-12-30,263.9168869691141,266.09847749481173,263.038101258507,263.67791748046875,356900
2015-12-31,262.05146815168035,266.530253758707,260.4017829823516,262.4985656738281,500000
2016-01-04,256.73246637803453,257.0562210189022,253.6258380464123,256.7787170410156,958900
2016-01-05,257.6189297377732,259.0913050201969,253.71058463143834,257.4416198730469,803200
2016-01-06,252.2921578993958,255.85359930109271,252.07631367884613,254.5122833251953,1138500
2016-01-07,247.14278750057392,251.0357009011906,240.98347382860993,243.3886260986328,1285300
2016-01-08,244.79927980966332,246.49521572096884,236.68195981537502,237.26011657714844,1500200
2016-01-11,238.254548352557,238.97145707772816,234.63142330288807,237.6763916015625,1258400
2016-01-12,240.83704107510349,242.51754476576093,237.11369758152406,241.73895263671875,1096800
2016-01-13,242.98759761211605,245.46981702817868,234.05315567556147,234.81631469726562,1200000
2016-01-14,235.31746268692996,243.17268591491325,230.73074405126633,238.97140502929688,1373700
2016-01-15,230.46096948361833,231.22415234696246,223.9085266932756,228.62628173828125,1972600
2016-01-19,231.57101966416917,232.6194226867234,223.92394708018102,226.63742065429688,1070400
2016-01-20,222.5286672401006,226.75305042328145,216.26913767898046,225.09567260742188,1685900
2016-01-21,225.70467898839064,228.86527373014206,223.15308257248992,223.47683715820312,1100300
2016-01-22,228.0557876559646,232.7195981894427,227.40053882602535,231.69432067871094,780600
2016-01-25,231.30897180589025,231.98734621862008,222.937272592614,223.33811950683594,1010500
2016-01-26,225.45035171453083,231.59423337654187,224.5330075416702,230.69232177734375,1066100
2016-01-27,230.49184413367936,239.74235292834206,229.24302921044156,232.89697265625,1147300
2016-01-28,233.27460788948747,237.28316962682243,229.75172497339787,230.62281799316406,1023800
2016-01-29,233.86055406398026,242.31706131534892,232.7273658598681,242.25540161132812,986500
2016-02-01,240.44377673864722,242.4403414333029,236.4120894597114,240.70587158203125,754900
2016-02-02,235.7492143298287,235.7492143298287,229.73636970086292,232.19546508789062,1061300
2016-02-03,232.57318561193196,236.589441033516,223.60789832376994,234.39244079589844,1372000
2016-02-04,232.99723788932772,243.59678138305233,232.99723788932772,241.8237762451172,1037600
2016-02-05,240.53626925116487,242.95682949179542,236.15770227699159,237.23692321777344,1057600
2016-02-08,232.31110513692073,232.31110513692073,223.06831240622984,226.22119140625,1162100
2016-02-09,221.24131252008178,229.42029191032057,220.87128373736647,227.04600524902344,878800
2016-02-10,230.71542725251132,235.67986933996994,229.05033268355663,230.15267944335938,711700
2016-02-11,223.1453283465761,229.12732965870094,222.78301592637774,226.7992706298828,1266300
2016-02-12,231.40140087316263,237.0442151531121,228.98086404749503,236.5045928955078,941700
2016-02-16,240.536328375749,243.3268944675763,238.4549547085063,242.41726684570312,764600
2016-02-17,245.78602067210716,247.65924309370604,244.35989583323862,246.58773803710938,888100
2016-02-18,246.31016157341912,246.71872469763963,242.16287063474476,243.5735626220703,660800
2016-02-19,241.33804942702173,242.47893035193357,237.11364232529178,242.2785186767578,835300
2016-02-22,242.27856994356935,248.00617168475605,240.70597667143645,243.94366455078125,817400
2016-02-23,242.82579111698712,244.69132024429928,236.20397316003374,238.8634796142578,758700
2016-02-24,234.7238288483411,240.4128927209493,229.6360703356741,237.41419982910156,845000
2016-02-25,238.65533566500574,241.86218046649216,234.24592700361848,241.761962890625,608600
2016-02-26,244.05921176912355,245.57783759300244,240.45151972390295,241.99327087402344,678200
2016-02-29,240.9757172571616,243.31146938407485,239.81168757311767,240.4823455810547,870100
2016-03-01,243.03400012827782,249.0160037445261,242.15521396701874,248.66140747070312,832300
2016-03-02,246.75728556119108,252.2536323821027,245.4467876242049,251.86819458007812,1051400
2016-03-03,251.10738159866676,252.2796273429667,248.75514305351098,250.85897827148438,837700
2016-03-04,250.96761526157775,252.97827229854585,248.96472897138557,251.3402557373047,671700
2016-03-07,248.82502177995127,254.52318355220345,246.7367279480103,253.64596557617188,682400
2016-03-08,250.9831863102229,252.3029342118535,245.8983212664757,248.73187255859375,674500
2016-03-09,251.45678457511298,254.90363315897557,249.19769978087132,254.87257385253906,1179000
2016-03-10,256.00600547987915,256.1845668887037,248.42139819510666,252.2952117919922,688300
2016-03-11,256.184483233122,264.0951514440187,253.58381783173732,263.6759338378906,905900
2016-03-14,261.97588470065875,263.1015536403331,259.4528548694603,262.25537109375,631300
2016-03-15,258.6143693852159,259.54593515036186,256.48726934559687,259.39068603515625,627100
2016-03-16,258.6298640152372,260.4542127173899,255.86617888438963,259.3440856933594,674500
2016-03-17,259.46839986321504,267.61972711992627,258.2573474232371,265.45379638671875,864400
2016-03-18,267.2160071315931,269.35087839580444,263.6604865048281,265.9350891113281,763600
2016-03-21,266.0980754013382,268.4658556282792,263.2024291784147,265.48480224609375,684600
2016-03-22,261.75071277427554,266.14464445818504,261.75071277427554,264.11846923828125,490100
2016-03-23,264.7085300839178,265.3916690164873,261.85166604848337,263.3499755859375,466500
2016-03-24,261.20727655266086,262.29411517590904,257.5275430384829,259.50714111328125,662300
2016-03-28,260.8424076123381,262.8918950439758,259.45279410488547,261.5488586425781,444600
2016-03-29,261.0287149550049,264.2814837650927,257.7371397871338,263.8778076171875,635000
2016-03-30,266.7656216488756,267.7593057428632,264.57640360560214,265.0111389160156,463100
2016-03-31,264.2115448839833,267.20813878136886,263.89325228793336,264.3901062011719,511500
2016-04-01,261.82834002226843,267.48769572612764,260.12045739828096,265.9117736816406,717200
2016-04-04,265.5003582110381,266.5018135641728,261.02876564942255,262.79876708984375,553100
2016-04-05,260.7803835006718,261.3548504255148,257.3102460096402,259.910888671875,523900
2016-04-06,259.60031622121414,262.9617810127316,259.35965992424167,261.7740173339844,463500
2016-04-07,259.577044474042,260.74151967336303,253.8012455901049,254.9191436767578,529800
2016-04-08,258.3115632613918,260.25235465138553,256.80550724745257,257.42657470703125,360500
2016-04-11,259.9962183377953,261.74293084223945,258.34266004297945,258.4823913574219,434400
2016-04-12,259.32095751277814,263.84687555113567,257.9934382816275,263.4121398925781,559600
2016-04-13,266.2766697155913,270.6395664608466,265.05009956206874,270.3833923339844,959400
2016-04-14,266.2766475910667,276.5240382576831,265.5003308342414,275.5225830078125,833300
2016-04-15,275.14218988125657,278.16204968549476,274.4978337188328,277.71954345703125,1108100
2016-04-18,274.03986328806957,279.04711672552344,272.5260358698687,277.92144775390625,842000
2016-04-19,280.6695097718138,284.37253141932774,280.40556497117046,283.09161376953125,834200
2016-04-20,284.0854532301581,286.39111573561945,282.92874844736053,284.84625244140625,610100
2016-04-21,282.8588585415109,285.59150961924246,281.21307024677645,282.6492614746094,607900
2016-04-22,283.4799246748041,286.6239991160647,282.44740977540675,283.7205810546875,512100
2016-04-25,282.58714536288966,283.355691575257,279.83897667952346,282.3154296875,482700
2016-04-26,282.37734553000394,284.13182833536683,281.26721866258345,284.10076904296875,413400
2016-04-27,284.13188490204965,286.7170088405096,282.43174959708557,285.2730712890625,451200
2016-04-28,281.9582281439117,284.0387511640244,277.67294490040825,278.5657043457031,509400
2016-04-29,276.85784820619534,277.9524576740182,274.15625736914467,276.62493896484375,586700
2016-05-02,278.5191356366755,281.5545367952307,275.6855844025749,280.63848876953125,739000
2016-05-03,276.36879963964736,276.85788304759683,273.32562715202306,276.1281433105469,485300
2016-05-04,273.7214559512958,276.0038285572131,272.277518506202,273.3954162597656,599400
2016-05-05,273.58953003840156,275.2042582805847,272.6191342052542,273.3255615234375,521600
2016-05-06,272.1455601849622,277.2149069107016,271.8893861172187,276.3764953613281,509500
2016-05-09,276.3299287757067,277.7272893082831,274.2649235859716,275.6001892089844,410700
2016-05-10,277.92137431964983,279.7068932256283,276.19017957644246,279.6137390136719,456600
2016-05-11,278.23194271996084,279.3032637189753,274.36590013032855,274.6764221191406,482900
2016-05-12,276.8036073489118,277.6963672242643,273.791493383667,276.058349609375,393800
2016-05-13,275.37502119501767,277.8048959074073,268.81513654627577,269.60699462890625,559100
2016-05-16,269.8555030523088,274.93262215195534,269.8555030523088,273.1315612792969,489000
2016-05-17,272.31640460804806,273.9311331186915,269.8632406910389,270.7948303222656,647200
2016-05-18,269.42065491471635,276.91987578971214,269.42065491471635,274.4201354980469,625500
2016-05-19,272.00584876197684,274.2105853439836,268.364921548687,272.1533508300781,554900
2016-05-20,274.5133374230217,277.4012365000165,273.39546316895473,274.8238830566406,516000
2016-05-23,274.81610076061116,276.7801809850617,274.1717683496685,274.73846435546875,341100
2016-05-24,277.92139412559845,280.80152260992634,276.67928259794894,280.39007568359375,611400
2016-05-25,282.14466014896954,283.7205827547368,281.9040037676441,282.6492614746094,485700
2016-05-26,282.657023785316,283.23926153397105,280.5920177271285,281.8807067871094,342700
2016-05-27,282.06689140643306,284.1707029140465,282.06689140643306,283.4254455566406,314400
2016-05-31,284.3648219697418,284.3648219697418,281.0188986028749,282.4628601074219,625700
2016-06-01,280.68511444087824,284.06986817872905,278.58130244055,283.037353515625,447500
2016-06-02,281.92799983108273,283.70918883232207,278.6702866603802,282.107666015625,518900
2016-06-03,280.0607800644096,281.14669207687007,274.8969046307813,280.7482604980469,473900
2016-06-06,280.3655678486344,284.74042537707385,280.3655678486344,282.849853515625,435600
2016-06-07,283.7873134486574,284.08418225307196,280.31085863640897,280.50616455078125,484500
2016-06-08,280.11548879478465,282.54510621244293,279.9904901771868,281.5138854980469,335700
2016-06-09,278.62338855534887,280.4592687597302,277.6390630440406,279.64678955078125,331400
2016-06-10,274.6001301462956,275.27979094972756,270.02217071473245,271.0611877441406,768400
2016-06-13,270.42837006199085,273.87356907312716,269.1081002422679,269.20184326171875,532800
2016-06-14,268.02226616844627,269.2019218031653,265.21767542670335,265.4520568847656,748600
2016-06-15,267.43623523114076,268.8033763815281,264.842591282175,265.2644348144531,747400
2016-06-16,263.17869731949276,265.5379847898602,259.37414094239483,265.1942443847656,660600
2016-06-17,265.8737755846469,268.17057451558327,265.2878579765723,267.0846862792969,596900
2016-06-20,273.0455172174367,274.9673209438957,271.74086308051636,272.2017822265625,677600
2016-06-21,272.732930350856,273.88914973783875,270.70176828117377,271.86578369140625,343200
2016-06-22,272.2564373548765,274.78759430832133,270.8814761253245,271.6080322265625,442300
2016-06-23,275.6234827057764,278.84211996318976,274.9203862689421,278.7796325683594,421200
2016-06-24,263.374021165287,268.64728256924786,258.59293464026564,259.7647705078125,1480700
2016-06-27,255.05392715755934,255.17110594664487,248.11665675102756,249.63223266601562,1230200
2016-06-28,253.37420818323756,255.43664967441603,248.42907390037664,253.0851593017578,648600
2016-06-29,257.0225511441781,263.2098522271338,255.6554099146878,263.0692138671875,852800
2016-06-30,264.02233158236504,267.7019120488895,261.10838269783574,267.592529296875,753600
2016-07-01,267.2018844475222,270.5377003557624,265.30351698127726,266.615966796875,475700
2016-07-05,264.5692203939334,264.9676521090034,259.78031531119785,262.55364990234375,513800
2016-07-06,259.7569114676948,264.20989662927855,257.4757274994768,262.5771179199219,708100
2016-07-07,261.7099752624652,263.7020864332635,258.74913035937254,261.7958984375,776600
2016-07-08,266.8504467961991,269.8269317613609,264.8661552741728,269.6784973144531,533900
2016-07-11,271.8971788701635,272.9908875862418,269.63163427805944,271.4753112792969,403800
2016-07-12,273.4361479201645,279.55311974054354,273.07676780916137,279.1859436035156,874800
2016-07-13,279.3499324681016,280.37335734743544,276.5609822547311,279.2874450683594,569300
2016-07-14,276.94383331675095,282.8030117367104,275.7641777657272,277.4828796386719,799400
2016-07-15,278.06871626677713,279.3577303744819,274.31103284487887,278.7796325683594,654400
2016-07-18,279.33426391499887,280.99827373192,278.7405264446481,279.5061340332031,448400
2016-07-19,277.6937588906483,279.2718459613454,277.6468873777617,278.5687255859375,353200
2016-07-20,280.19360654515697,281.8107448148988,277.7874249586618,281.0685729980469,433400
2016-07-21,280.67798338876065,281.4748227909228,279.41240510960034,280.849853515625,589400
2016-07-22,281.5529921244685,283.7482286224796,280.6702056059912,283.62322998046875,503900
2016-07-25,283.5841457041626,284.1934991131907,281.30296247179695,282.3498229980469,419400
2016-07-26,281.82648317979124,283.381110897923,280.2015481812526,282.7483215332031,358300
2016-07-27,282.9513883298304,285.67005514378786,282.1857805899954,283.82635498046875,458400
2016-07-28,283.3029519820889,285.13101243701243,281.7795563491259,283.87322998046875,407300
2016-07-29,283.48265936385855,286.8809874567486,283.4279679793089,286.1231994628906,648500
2016-08-01,286.44343093308714,287.84182776908204,285.5528246385611,287.7402648925781,806300
2016-08-02,286.00596154894,287.4277942069873,285.1309949412346,286.77154541015625,745200
2016-08-03,286.7715605360429,288.2715204005482,286.2168984324473,287.61529541015625,821800
2016-08-04,287.23254768193124,288.39656344446456,285.65446044299944,286.1231994628906,452400
2016-08-05,289.27147929100016,293.1619814775879,288.27933388244634,292.7635498046875,675500
2016-08-08,292.5994162425881,293.7009440874662,289.77918739696844,290.3729248046875,550600
2016-08-09,291.0057313693142,291.0057313693142,287.67771188612994,287.9980163574219,534600
2016-08-10,288.6777648832507,288.6777648832507,285.54507414669746,286.2716064453125,489000
2016-08-11,286.1543822326587,288.1230570057024,286.1543822326587,287.01373291015625,495600
2016-08-12,285.14658301775887,286.76372141590326,284.36535950264175,286.39654541015625,360400
2016-08-15,287.49031412181745,290.435518811427,287.2793923110838,289.630859375,369000
2016-08-16,288.36529301994017,289.7949457651856,286.70128269730475,286.7637939453125,312300
2016-08-17,286.7247378611712,289.3809177369963,286.3653816044995,289.13092041015625,338300
2016-08-18,288.28704965000225,289.75575345231454,288.28704965000225,289.6698303222656,291200
2016-08-19,288.99807593762716,291.3808225133965,287.28719413729743,290.6542663574219,378900
2016-08-22,290.53704386032615,290.9979629103729,288.85741793600795,290.26361083984375,390600
2016-08-23,292.5526555088765,292.5526555088765,290.73239096332844,290.8339538574219,284000
2016-08-24,290.341698285797,291.20886873612193,287.77146639021015,288.3652038574219,401400
2016-08-25,287.4902476255088,288.5527001404212,286.4512308619239,287.880859375,485300
2016-08-26,289.05276591202363,292.1073534073178,287.8965462655957,289.904296875,362000
2016-08-29,290.7244913883951,293.5212607075516,290.5057259460797,292.02130126953125,362900
2016-08-30,292.25576167394894,294.2478723730521,291.86514986306184,293.7400817871094,631400
2016-08-31,292.804734477851,293.9994862452051,291.34276590419427,293.0326843261719,618100
2016-09-01,294.0622471123653,295.40631836326355,288.2457741565791,292.529541015625,457500
2016-09-02,294.3688064408465,295.29629309412996,292.3251742989185,293.85003662109375,293500
2016-09-06,293.818675285796,294.3531568366025,290.6353413567263,292.07373046875,532200
2016-09-07,290.7139076893451,293.6928949761773,289.25193929261866,293.6064453125,378500
2016-09-08,292.41172579040244,293.52787166780604,291.7514796045148,292.6947021484375,380100
2016-09-09,290.55673721947124,290.95761037854186,284.6380772213532,284.6773681640625,648200
2016-09-12,282.9638744340548,290.2895004957623,281.72198798393794,289.33056640625,868700
2016-09-13,287.3419201876247,289.0554176543312,282.067771435005,283.6791076660156,689200
2016-09-14,284.36304143058766,286.6896271335415,282.3980140493748,283.51416015625,394500
2016-09-15,283.51408430188894,288.355889365077,282.45296500250697,287.28692626953125,588900
2016-09-16,285.03893643318196,288.1357965737633,283.05030630193414,287.6563415527344,1122300
2016-09-19,289.93576211505183,292.7182467002771,288.08863217871374,289.2204895019531,547500
2016-09-20,292.2466974351864,292.2466974351864,287.4520263671875,287.4520263671875,461800
2016-09-21,288.9846640548103,291.79857148722635,287.93925650961296,291.11474609375,488100
2016-09-22,293.7165617644202,295.500821946729,292.6318628312625,293.86590576171875,556900
2016-09-23,292.4667266419857,293.38636974097915,287.32620980420705,287.4048156738281,549700
2016-09-26,285.3219757521056,286.5481509190103,282.8853370019715,283.51416015625,487000
2016-09-27,282.17778194849745,285.0152684648497,281.61972118527643,284.3707580566406,496200
2016-09-28,285.935020863013,285.9428886472574,282.28794305853415,284.2843933105469,503400
2016-09-29,282.9638621756744,285.8249527403908,278.2635093852734,280.78662109375,665600
2016-09-30,282.924620494887,286.013637437894,281.3918897130433,284.8974914550781,580400
2016-10-03,284.3000610578306,286.21006117610335,281.17959782489174,283.01885986328125,623200
2016-10-04,283.3568834183596,284.1586057707453,279.2381946473329,279.8434143066406,711500
2016-10-05,281.1010198244043,282.7437793635622,279.5604455175865,281.5804748535156,705800
2016-10-06,281.5883641508424,282.3586633566763,279.8512870297739,280.4486389160156,707800
2016-10-07,280.59801170838386,281.86350167745337,279.42686319255,280.77093505859375,789300
2016-10-10,282.97165886063465,284.5358121409953,281.3760584426444,282.02056884765625,461400
2016-10-11,280.81021800234055,280.81021800234055,275.4103277996894,276.5736083984375,557300
2016-10-12,277.0451534235127,278.2241693076902,275.41026195179467,275.96832275390625,500400
2016-10-13,273.94042643973444,275.84258279024846,270.71780192519,274.5849609375,576400
2016-10-14,278.876600076027,280.8180475571787,275.7168455465822,278.96307373046875,790300
2016-10-17,279.3639559693617,280.58226305728266,277.4225084250605,278.71942138671875,624200
2016-10-18,279.4268205003431,282.70449586899446,279.3796617745045,280.2835693359375,704700
2016-10-19,280.40148451012686,280.7473311803511,277.2417297363281,277.2417297363281,813700
2016-10-20,277.15520960510077,278.80583680220514,274.1447993067008,274.45135498046875,1139100
2016-10-21,271.51173111681607,273.2409646387292,270.71000865873725,271.6060485839844,906900
2016-10-24,274.56924040020664,274.63211069657876,269.11432468178367,269.7117004394531,987200
2016-10-25,268.8863672865145,270.7256292394939,268.29685932772077,268.4540710449219,790300
2016-10-26,267.3851516304428,268.0296862516581,264.75987840309233,267.361572265625,1149800
2016-10-27,268.52498701372645,269.26383939719335,265.00364850501506,267.4638671875,703500
2016-10-28,268.6191802649223,269.1693973979967,265.49084876940555,267.0,614000
2016-10-31,268.4147949176611,269.7117318041735,266.47334746660584,268.2182922363281,809100
2016-11-01,269.8846203307316,269.93180304053465,266.0881992337195,267.9981994628906,796000
2016-11-02,267.9195860229189,268.5955676738471,265.22357517609237,266.15106201171875,668000
2016-11-03,266.82706101132106,269.6881275688152,266.22968518614533,268.13970947265625,714000
2016-11-04,268.31266106184364,274.0977135813202,267.16509189952336,271.80255126953125,1034800
2016-11-07,276.7072519086282,282.12285390916304,276.65222539508477,281.1089172363281,1080300
2016-11-08,279.8511733583161,280.47997213699716,276.6363934270728,277.8468322753906,776600
2016-11-09,277.399014315658,287.6328689608348,274.3492877796691,286.4381408691406,1107400
2016-11-10,289.91226495814277,298.919943388166,288.552457430682,294.761962890625,1442300
2016-11-11,292.27807779148907,293.9287050261571,289.0868763317973,291.7593078613281,660000
2016-11-14,293.7950546736,295.09983520830104,290.6588799106815,293.8186340332031,772900
2016-11-15,293.82650330406807,294.1409027627494,288.86677808291165,292.51385498046875,1096500
2016-11-16,290.41524187370953,292.6317738159723,288.7724823902848,288.81964111328125,659000
2016-11-17,289.60558900646413,292.51381357149717,288.52089063849627,291.9007263183594,569100
2016-11-18,291.782888964689,294.9112201426516,291.25625124865377,293.0090637207031,468900
2016-11-21,294.3137998953291,294.81683418706564,292.47453803907615,294.4159851074219,375600
2016-11-22,294.8483366540064,295.5793208647223,291.92437582399907,293.2291564941406,529100
2016-11-23,292.6946478036128,293.7871901267768,291.21694395316825,293.1741027832031,517800
2016-11-25,293.2056816817238,294.0624307912529,291.6965300109221,293.708740234375,227100
2016-11-28,291.5942048947335,293.0247258773823,289.41694030139263,289.7627868652344,501800
2016-11-29,290.14016482469407,291.58642179023633,287.8528705625196,289.68426513671875,694500
2016-11-30,292.8439525375305,293.1269048180007,289.73133352953033,291.4448547363281,621900
2016-12-01,293.81868830415783,299.6587426536014,292.1209021377146,296.4832763671875,930200
2016-12-02,296.4910810813019,296.6875837507683,290.35233960614255,291.8929138183594,569000
2016-12-05,294.2273064300713,296.11375086158006,292.03435435721894,294.2430419921875,589200
2016-12-06,295.0212889591737,295.052736107379,291.92440450745767,293.9444580078125,644200
2016-12-07,294.2982339589932,299.03001129898337,293.7873076456866,298.5348205566406,503800
2016-12-08,300.51177521184997,310.02484398053736,298.6297417869462,308.6647033691406,1115200
2016-12-09,309.9060886431541,309.945642047654,305.3986656826357,307.24908447265625,934600
2016-12-12,311.78826782365155,313.65451836173065,304.65545165476607,308.6251525878906,1460900
2016-12-13,309.41577028593053,312.38910478179804,307.71560155850733,310.4912414550781,907000
2016-12-14,309.3684374824835,313.8679701216041,307.4626579595873,308.4036865234375,942700
2016-12-15,309.6056649357577,312.12035951820155,307.46266143666844,311.3691101074219,630200
2016-12-16,312.5394391084205,313.4646365689932,309.19443689618925,310.4754943847656,1023400
2016-12-19,310.1829108878394,311.2109134314766,307.61288039609826,308.2217712402344,812200
2016-12-20,310.3095048279196,315.8844855895282,310.1592549286851,315.0858154296875,716400
2016-12-21,315.3783243929325,315.59182592538474,310.1512653418916,311.1950988769531,671700
2016-12-22,308.609277195693,308.609277195693,304.7107201921856,306.126220703125,862400
2016-12-23,306.12619037659186,307.4863304566142,303.93574246680697,305.034912109375,579600
2016-12-27,306.8299824839543,307.2807079013307,304.94001022999254,306.41876220703125,285500
2016-12-28,307.12252899279247,307.40719764252276,301.0572478461865,301.310302734375,506100
2016-12-29,301.5555584954643,303.80928270618057,299.64188748001953,299.70513916015625,485300
2016-12-30,301.72937573102575,302.3540973648623,299.4203165364979,300.92279052734375,515600
2017-01-03,304.14925908116595,306.78256531449114,302.2988400664051,305.58056640625,743900
2017-01-04,304.17291777258794,306.00752951900404,302.9946656362718,305.76239013671875,680800
2017-01-05,304.4339573012075,305.79409747274525,300.5591228145449,302.50445556640625,468400
2017-01-06,303.3188958580328,304.8213700865027,301.6266183913658,303.8961486816406,453400
2017-01-09,303.93572617510716,304.7897563504378,300.50375032599317,300.8279724121094,505300
2017-01-10,301.9034734181757,302.29886274499154,299.3492496791918,300.74102783203125,452800
2017-01-11,300.2348748277622,302.4490449091749,298.20256835107466,301.2470703125,948800
2017-01-12,300.1954324197696,300.3931271120151,294.3357588456937,299.1437072753906,777400
2017-01-13,299.4600167055122,305.99185711971614,297.29329058105947,299.98193359375,620400
2017-01-17,298.2025941958918,298.2025941958918,295.22925914374787,296.3837890625,647300
2017-01-18,297.45930730181664,298.9459750621343,295.2688590744165,298.9143371582031,508500
2017-01-19,298.6534456376016,300.25872566652066,297.4119171063884,298.400390625,456100
2017-01-20,299.9265194650287,301.78485408224424,299.5706594265188,301.60296630859375,660900
2017-01-23,301.5555451507422,301.5555451507422,297.35651220400655,298.9617919921875,502800
2017-01-24,300.57496252057933,303.176630974152,299.3413497866221,301.587158203125,615100
2017-01-25,304.4338888588849,307.4704751360603,303.5719432655648,307.0829772949219,597000
2017-01-26,302.5122866896514,307.04345590032466,299.23847645243103,300.03717041015625,836500
2017-01-27,300.85172469441875,301.57922748408686,294.88133185088685,296.58941650390625,686900
2017-01-30,296.3916809595507,296.96104243199585,293.14159298163247,296.68426513671875,591800
2017-01-31,296.2967975393054,296.75543845008065,294.32776680044856,295.7353515625,714600
2017-02-01,296.70800195697785,299.0012548401872,293.2760260734937,294.96038818359375,618900
2017-02-02,289.7808362610952,294.52550800252845,289.2905332430558,293.8849792480469,832400
2017-02-03,294.16966513981896,299.4204470905027,293.82963610367074,298.9143371582031,953400
2017-02-06,296.18619405237155,299.57072639866396,296.18619405237155,298.45574951171875,546500
2017-02-07,298.62182023640815,299.7051833969612,297.7440431661329,298.0366516113281,546900
2017-02-08,296.60522694634915,297.53836403603196,295.59303130271076,296.19403076171875,433800
2017-02-09,297.7123269418221,300.42469166531686,297.08760510972155,299.36505126953125,493000
2017-02-10,300.6460470769226,303.611466128709,300.3771853121444,302.7811584472656,578300
2017-02-13,304.2441029416061,306.2526870265176,303.13701790243425,305.1060485839844,453300
2017-02-14,305.0824412497313,305.64391155458566,303.07388053998204,304.43402099609375,772300
2017-02-15,304.67908324480896,311.34534082547503,304.67908324480896,310.8076171875,640000
2017-02-16,310.4833730160077,311.3295118211009,308.3482613668772,309.9614562988281,503700
2017-02-17,308.21387430169653,308.94929260653265,306.83001175419633,307.423095703125,607400
2017-02-21,309.14694757482386,310.64150638530936,307.5970284777088,308.4826965332031,434300
2017-02-22,307.6444404205966,309.15483008470505,306.65596740476445,308.96502685546875,421900
2017-02-23,309.56609898954247,309.8033229160866,306.822096286826,308.8860168457031,387300
2017-02-24,306.8458571282707,307.73944091796875,305.02707577647254,307.73944091796875,483500
2017-02-27,308.047697672911,309.48692006680665,306.9959730820735,309.1943359375,368600
2017-02-28,307.6444936713881,309.25766453695076,305.9680470075801,306.3950500488281,781800
2017-03-01,311.7644505884651,315.6550917633173,310.6099206357541,314.5796203613281,791500
2017-03-02,314.4523432043261,314.63538127779384,311.48410046961385,311.6671142578125,475100
2017-03-03,311.96951848527516,312.6857153666367,309.8925451007996,310.4893798828125,340900
2017-03-06,308.5396881957588,309.510540344343,306.97996687492883,308.491943359375,366100
2017-03-07,308.01440159039146,308.4839085663181,305.73848394926284,306.65362548828125,360700
2017-03-08,308.7465712340157,309.5821300817319,305.87379431217363,306.01702880859375,416200
2017-03-09,306.62980312683976,307.9348690502747,303.9320986098437,305.7942199707031,393700
2017-03-10,308.22928735223434,308.75450477787734,305.49182799883766,306.0408935546875,483400
2017-03-13,306.8685929020702,307.27444835854385,304.87117789584437,306.2876892089844,404300
2017-03-14,304.93469943232816,307.242454753568,303.46250273740065,305.0142822265625,353400
2017-03-15,306.6935172992404,309.53445689547397,305.65901331640237,308.9376220703125,433500
2017-03-16,309.64580939268836,312.0411139215987,308.16567089374246,310.35406494140625,535600
2017-03-17,311.3328206252039,311.3328206252039,304.4811465437363,304.6641845703125,672200
2017-03-20,304.0833636730451,304.33801902945635,301.49707940484205,302.7544250488281,436100
2017-03-21,304.783618041228,304.8791077173734,297.693218164209,298.5447082519531,610500
2017-03-22,297.2873770262205,299.3802815748592,296.03005575450237,298.7914123535156,343800
2017-03-23,298.01945995592104,301.8551234532435,298.01945995592104,298.73565673828125,418100
2017-03-24,299.8258736738698,300.7728533486648,296.2130517448411,297.9478454589844,318400
2017-03-27,293.8495610867143,298.4571071438044,292.84687109375,298.4173278808594,614100
2017-03-28,297.4464880711891,303.8923074748874,297.31119485815015,302.8975830078125,593800
2017-03-29,301.2184718260266,303.1283622078604,300.4784026599617,301.9267272949219,461600
2017-03-30,300.88427645743747,305.68282655122204,300.88427645743747,304.8154296875,483800
2017-03-31,304.44932917005286,307.3618852336165,303.64560833954505,305.1894226074219,434600
2017-04-03,305.4440664266987,306.5343048542085,300.932009794245,304.0594177246094,502200
2017-04-04,303.37507112261517,303.89232301489153,301.65618424138,303.0328674316406,407500
2017-04-05,305.16552039783573,307.7995485050265,302.5553647033735,303.120361328125,467000
2017-04-06,303.39092864011496,306.72524662490866,302.58718358902365,305.6589050292969,330700
2017-04-07,303.7650162677523,309.797015474161,303.7650162677523,307.1868591308594,550100
2017-04-10,307.2345803240674,309.5821398814144,305.6907902272289,307.0834045410156,390300
2017-04-11,305.3247975280312,305.9932496670184,302.0382229640557,305.6192321777344,442000
2017-04-12,304.72778722597263,306.18407706756244,302.69855955389914,303.5420837402344,377900
2017-04-13,301.48907357423826,306.0091205484708,300.81268028417566,301.6004943847656,366700
2017-04-17,303.33531851424226,305.6590060639218,302.2371385763587,305.4202575683594,426700
2017-04-18,303.6615463399842,305.76241622179026,302.1734423163385,305.2690124511719,498500
2017-04-19,306.47857921651445,307.051541458764,298.83112518156184,300.0884704589844,687200
2017-04-20,301.08324171013857,304.65628464182714,298.9505580321505,303.66156005859375,725800
2017-04-21,302.1495415540825,303.4944109465153,299.849726980364,300.8524169921875,493800
2017-04-24,307.1153004969094,309.64587449928035,305.67494096368915,307.6882629394531,595800
2017-04-25,309.43091762245746,309.43091762245746,306.66159604294586,308.9136657714844,545100
2017-04-26,309.1205591560826,311.86598388361125,308.04625196476127,309.45477294921875,465300
2017-04-27,310.4813678047616,311.1816577297307,306.7809975676458,310.9190368652344,371400
2017-04-28,310.3540672248502,311.4363159049108,305.8101721686896,306.0329895019531,580500
2017-05-01,308.125729769585,308.125729769585,304.783447265625,304.783447265625,585700
2017-05-02,305.23722562868204,306.28766066208,304.23453543450495,305.977294921875,379800
2017-05-03,305.6350776625799,306.81281593133167,304.79155322702184,305.8101501464844,375400
2017-05-04,307.48926022590376,307.48926022590376,303.4307790439974,305.0303039550781,460200
2017-05-05,304.60052843378315,305.4281459624592,303.5103143401382,305.38836669921875,536300
2017-05-08,306.08869192293037,306.3433229505415,303.00900432117027,304.29022216796875,336900
2017-05-09,304.2424530735565,305.4679361341935,302.1177109218742,302.79412841796875,472700
2017-05-10,302.8577977328702,304.3618328747705,300.6853349082587,304.2026672363281,404900
2017-05-11,302.7144776297939,305.06203656402454,301.25024645418335,304.6800537109375,454300
2017-05-12,303.7808426003441,306.5342570110897,303.3431736124412,306.4705810546875,458100
2017-05-15,307.64836112768785,311.5078965794445,306.66157802867116,309.8446960449219,556000
2017-05-16,310.1631274930051,312.16848374850827,308.53176441140135,311.38861083984375,594000
2017-05-17,311.38845708845656,311.38845708845656,303.70919104173964,305.3166809082031,859400
2017-05-18,304.48912460266075,312.60606121492657,303.86045197583536,309.1444396972656,1011300
2017-05-19,309.9720254929808,314.309033529597,309.2001183981142,312.9960021972656,681900
2017-05-22,314.8820554151201,317.5160841452833,313.9987273647224,315.3515625,663900
2017-05-23,315.39932351949926,316.9670105005847,314.4762161528697,315.1048889160156,726200
2017-05-24,315.89270972277,315.89270972277,312.7414288427038,315.3754577636719,493000
2017-05-25,317.97754111911956,324.62230436640334,316.4655650251012,323.3729248046875,969600
2017-05-26,321.6858968066601,324.4790906185849,320.79462765369317,323.8981628417969,737300
2017-05-30,322.16336155980355,325.1156966288132,322.0837787548027,323.739013671875,746500
2017-05-31,324.67812738814746,325.9354486665338,323.1581852010931,325.6648864746094,917200
2017-06-01,326.8978668377585,331.549762139795,326.5055459725008,330.9812927246094,1324100
2017-06-02,329.7161272780887,333.5113223530762,328.4590930674364,332.04608154296875,878700
2017-06-05,332.0621584578103,334.4481414356562,331.40560263879996,331.65380859375,424700
2017-06-06,329.3239319833765,333.527454030434,329.1157497391374,331.34161376953125,667200
2017-06-07,332.6546356182406,332.95889437447744,330.893150416095,331.3175048828125,584300
2017-06-08,331.31754667099045,334.3841293277059,331.16541727368434,332.4625244140625,683300
2017-06-09,333.5354606411025,335.513118610823,332.56663132324513,335.08074951171875,679200
2017-06-12,334.4803066195517,336.2818163499981,333.79973139003073,334.9286804199219,783700
2017-06-13,335.7292785644531,337.2825819053199,333.7676252875699,335.7292785644531,373800
2017-06-14,334.57621626001117,337.57071645406234,333.6954737221939,337.4746398925781,519300
2017-06-15,335.32095093345765,338.3795195243503,334.248054898678,338.1793518066406,475400
2017-06-16,338.8598743582101,339.06004204486294,336.03350760005355,336.6900634765625,1182100
2017-06-19,338.87587370566894,343.06339044174285,337.85101614332893,342.9913330078125,573000
2017-06-20,341.48610799524755,342.41488908747255,339.91680001471167,340.0368957519531,487500
2017-06-21,340.90959400065856,341.1097616899453,336.55394312701645,336.87420654296875,580500
2017-06-22,336.5139190483754,340.0768892536291,335.84135854514454,338.8198547363281,359800
2017-06-23,339.7646363221113,341.1898292741625,336.489895899548,337.57879638671875,811800
2017-06-26,339.1561529546247,341.2619211408853,338.0912715050375,340.0368957519531,389600
2017-06-27,340.98162213740454,341.4860485805889,337.73891562340566,337.98712158203125,416700
2017-06-28,341.3420028484926,342.0385825789,338.3795109278368,341.766357421875,391400
2017-06-29,344.2084172048663,344.96104981039986,337.12247480804456,338.8759460449219,748900
2017-06-30,340.92562612585664,341.78234976941366,338.1072736297412,338.21136474609375,502000
2017-07-03,341.0216573909217,345.01699615510915,340.3170633023893,343.3435974121094,379900
2017-07-05,343.3435760231522,344.2243185789509,341.29386122121764,343.30352783203125,446700
2017-07-06,341.87845367987904,343.14352736267676,340.2370881379419,340.437255859375,335400
2017-07-07,342.32680744355434,346.7225069651856,341.0457536487713,346.1940612792969,390000
2017-07-10,345.6575391424688,351.3743396374068,345.2732328466952,349.2845764160156,517000
2017-07-11,349.68497846955387,349.90117523669863,344.02425414228617,345.8177490234375,507200
2017-07-12,347.09080968645816,349.5088268306325,346.00190907092053,348.5240173339844,468600
2017-07-13,349.6209588429284,351.1502431972081,348.40394786886657,350.5977783203125,477600
2017-07-14,349.43668901318904,354.56899085733363,348.5079081188113,350.9659729003906,766200
2017-07-17,342.6871178924437,345.705638148475,338.5876871206391,339.9888610839844,1247300
2017-07-18,337.8190542001393,342.0065470879137,336.44189936721136,341.7903747558594,848100
2017-07-19,343.5198154437969,343.95216009371876,340.09294531168473,341.4540710449219,517200
2017-07-20,341.53405085576117,342.3667551255116,340.3010112840479,342.11053466796875,396600
2017-07-21,341.08577721363156,343.9281489165979,340.64541802625416,343.2075500488281,440700
2017-07-24,342.38291044931043,343.55188320392585,342.166738087527,342.9433898925781,372400
2017-07-25,345.8898159443749,347.4911576848581,344.4005798543027,345.369384765625,531000
2017-07-26,346.2422016296215,348.7162723192397,345.29741562540653,346.4583740234375,739200
2017-07-27,347.8433732222384,348.5719864753778,337.85099430929415,340.6933898925781,538300
2017-07-28,340.28507628530826,341.1578044899902,337.8029920184383,339.4844055175781,444400
2017-07-31,341.47013858182004,342.6791350407485,340.00489713279916,341.5101623535156,578000
2017-08-01,344.02422443314475,345.72164257544,342.1426432152106,344.2724304199219,440900
2017-08-02,343.13549089822175,344.2404205594206,339.7646735264533,340.7254638671875,394800
2017-08-03,339.7646336385461,341.95846364859807,339.48439399244785,341.09375,442000
2017-08-04,343.1755299045793,343.60789901610286,341.07777613444557,341.494140625,412600
2017-08-07,341.9185227231933,343.29567770796575,341.10182273186894,342.58306884765625,279500
2017-08-08,342.52689770288805,345.8256813387015,341.89438547595813,343.3435974121094,397800
2017-08-09,341.3340757629684,345.5456133345381,340.4933809283929,345.3614501953125,350600
2017-08-10,343.3837485475688,344.32853441014174,338.18740186887925,338.43560791015625,488200
2017-08-11,338.0031926092932,342.8712850342576,337.99520251632043,339.612548828125,807100
2017-08-14,342.5189656216221,344.0882735353437,341.28592575785984,342.7351379394531,453300
2017-08-15,344.1923653721914,345.18518933925236,341.8383912793896,342.88726806640625,372800
2017-08-16,345.6815623566583,345.705581500427,341.50206029918905,341.94244384765625,326100
2017-08-17,341.8143181165026,342.95125678275207,336.04148943668105,336.233642578125,443900
2017-08-18,334.04791596728,336.08964152458447,331.782027958741,333.51947021484375,1015000
2017-08-21,333.3672411353917,333.3672411353917,329.7161846958327,332.5745849609375,526100
2017-08-22,333.53539157774105,338.1072143263548,333.53539157774105,337.37860107421875,355900
2017-08-23,335.00867533758793,336.48190669053747,333.40733372335575,334.7364501953125,387400
2017-08-24,335.77736230625175,336.2497552204179,332.87092293552615,333.03106689453125,308500
2017-08-25,334.2240754801523,336.1216617600862,333.2552704529427,333.3753662109375,466700
2017-08-28,334.1439368567356,335.28891468004093,331.2455124473271,331.74993896484375,499400
2017-08-29,328.6753785791998,332.67873276408653,327.17011349615683,331.5818176269531,505500
2017-08-30,332.08616804644856,334.63229486015155,331.41360762968907,333.2391357421875,404800
2017-08-31,334.8582233422143,338.53940629356066,334.72130054395717,337.51641845703125,501600
2017-09-01,340.2069184994823,341.761545826262,338.8214412728824,339.7477722167969,441900
2017-09-05,337.88704544525666,339.51416566285326,332.7076256509166,333.198974609375,615500
2017-09-06,334.5924956316801,336.46128332335803,331.7812757161255,332.0229187011719,430000
2017-09-07,333.27949629825645,333.80307246361536,329.7835886404233,333.6822509765625,483300
2017-09-08,332.8122600265368,336.517582826035,332.385341117089,335.05157470703125,316400
2017-09-11,336.29207551540037,343.17919489695566,336.29207551540037,341.56817626953125,443200
2017-09-12,343.2597508352492,345.3218527123205,342.0917524971813,345.2171325683594,333900
2017-09-13,345.05605212805426,345.08021642637306,341.60040997529006,342.7603454589844,401000
2017-09-14,342.97786420837366,343.95252372749036,341.8823586100122,342.8973083496094,468300
2017-09-15,343.7430647566638,345.8776842781891,340.83518769599453,345.3379821777344,850200
2017-09-18,345.8775810556057,347.746343575952,345.2009317464009,345.9178466796875,455400
2017-09-19,346.92475297013544,349.35738186006,345.5231748540678,348.29412841796875,361900
2017-09-20,349.88904284022044,350.55762927199754,347.46445217403016,349.64739990234375,398900
2017-09-21,350.1790032178797,351.097270870308,347.4966439701841,349.2929382324219,293300
2017-09-22,348.8096832979273,352.1203392287074,347.9075168355051,350.7912292480469,285800
2017-09-25,350.79127380223065,352.6519985128561,348.9305490916052,352.51507568359375,288600
2017-09-26,353.34471604422976,353.34471604422976,349.4299280240876,349.9132385253906,308400
2017-09-27,353.0305642780534,353.3608260523453,349.4863281518435,353.1352844238281,410200
2017-09-28,356.03510229624413,359.7807155374472,354.0374304292461,359.3457336425781,473500
2017-09-29,358.4515596838142,361.29500590431064,357.2916245802848,360.13507080078125,457700
2017-10-02,360.65067225607373,362.8738611127423,360.07070460168364,362.43890380859375,416300
2017-10-03,362.012026181985,363.20416429821086,359.95796257150744,363.1155700683594,540500
2017-10-04,363.16387531253537,368.8749333388468,361.6656152215178,368.85076904296875,839700
2017-10-05,369.3742654282082,375.0530949732405,368.08544590118174,374.10260009765625,642200
2017-10-06,374.10261942166875,375.2625545976895,370.0428708877854,373.1279602050781,458400
2017-10-09,374.48926659823786,375.214219925941,371.8713618277291,372.5077209472656,339300
2017-10-10,373.1522098741928,374.95654296875,371.8472886481509,374.95654296875,687300
2017-10-11,381.8113964318007,382.1094309304638,370.6631510132753,381.7550048828125,1031800
2017-10-12,383.42237518441266,390.8572338721357,381.8032938430685,387.1196594238281,1241700
2017-10-13,387.0553306457444,389.512124489121,382.67335753201223,383.01165771484375,639700
2017-10-16,383.92993457583054,385.6376105053872,382.399471690786,385.0012512207031,425400
2017-10-17,384.40508661668565,385.40391011995354,380.84472527351267,383.05987548828125,431700
2017-10-18,384.57428472092795,384.9367737251582,382.09332698649524,384.63067626953125,414800
2017-10-19,381.811368740141,384.74343408856737,380.3936646523577,384.0587463378906,464100
2017-10-20,394.53041294122283,394.53041294122283,382.76997206559787,383.9218444824219,531300
2017-10-23,384.21982303998493,386.21749469308605,381.59387978028855,382.1255187988281,436600
2017-10-24,384.75149142537555,385.2589661900877,380.232596296161,381.5858459472656,510400
2017-10-25,381.58581547608986,382.46381754564186,374.6825957998649,377.9046325683594,644000
2017-10-26,380.34530991317905,382.85849456348484,379.12900779540763,381.3924865722656,495200
2017-10-27,381.56168335132173,384.9206431996294,379.1209912767112,382.72161865234375,432600
2017-10-30,382.8827824555311,383.1486143306216,379.87824804633357,380.4340515136719,320900
2017-10-31,379.9748496499172,381.1508863500738,378.78268703108614,379.2579345703125,413100
2017-11-01,381.1750386592472,381.69057639675464,377.6227397924733,378.0174560546875,449300
2017-11-02,378.13028776030575,384.15550717713154,378.0497319004541,382.55255126953125,528800
2017-11-03,381.19111691969186,386.78135257814307,380.28088761596234,385.927490234375,435600
2017-11-06,385.6374952774462,386.47523165411627,382.6571016690587,383.1081848144531,241600
2017-11-07,382.7860280520937,386.26583376857343,380.3856263185088,381.30389404296875,240400
2017-11-08,380.31318263778155,381.7550266232732,379.3626629564809,380.36151123046875,362200
2017-11-09,378.0737438463184,380.1922367375141,372.5560261118348,375.8505554199219,454700
2017-11-10,375.48814606666804,377.687195251308,373.40994293981777,375.2303771972656,304000
2017-11-13,372.451366133529,374.9081594813938,371.3961509962449,374.650390625,499100
2017-11-14,373.1280024306427,379.0807031116911,372.62859061987615,378.95184326171875,366000
2017-11-15,376.865570108819,380.4259320386388,373.5549386781537,378.99212646484375,470400
2017-11-16,381.17499314241724,382.09328540937514,379.04039872649236,381.82745361328125,247000
2017-11-17,379.9989813899363,386.0403006489178,379.9264885086915,381.8033142089844,505600
2017-11-20,382.60882312215745,383.72042979802694,380.88504614444855,382.4316101074219,392100
2017-11-21,384.7998555754944,388.8515665265733,384.2440521706062,387.7399597167969,440900
2017-11-22,387.6111390699213,389.8504542530486,385.29126802911674,385.7906799316406,265400
2017-11-24,387.5546059972564,388.99647420193816,386.1127377925746,386.4349365234375,134400
2017-11-27,387.2082806944327,390.00339859032607,386.8216274304205,388.22320556640625,339000
2017-11-28,388.94006578324144,397.5670611822702,387.20822617060423,397.164306640625,447600
2017-11-29,399.3955624928703,407.0478988711366,398.0020474955328,403.4150695800781,684200
2017-11-30,405.9282542535818,410.00412829719113,402.4001204934345,403.7131042480469,1071200
2017-12-01,404.5066232866212,408.335767274071,397.269266425961,406.4576110839844,574700
2017-12-04,412.1485600904965,417.4025134739721,411.3309342242186,415.7024841308594,716900
2017-12-05,415.79977043205434,417.30551687794616,413.59780031037866,414.58544921875,501400
2017-12-06,410.4404749227222,418.14738091420116,409.79284697463845,414.3424987792969,386900
2017-12-07,414.0106981366669,418.106981885906,413.89734962581673,414.8202209472656,416700
2017-12-08,416.2692089077658,418.7787856369706,414.17245977400313,417.3135070800781,471700
2017-12-11,417.02208661949345,417.49163786828285,413.5086544536466,414.59344482421875,398100
2017-12-12,416.05878631423684,419.79078791206183,414.22112263853836,419.126953125,430200
2017-12-13,418.55226626841966,420.0580127670337,414.00258854404365,414.9335632324219,482100
2017-12-14,416.5606916286474,416.7145076049745,410.02763844073024,410.2381286621094,336300
2017-12-15,410.03573031491885,417.49167915159126,409.93048520718236,414.38299560546875,896400
2017-12-18,418.53600175602827,420.5275061286927,416.97358121842694,420.041748046875,433300
2017-12-19,421.5637397287692,421.5637397287692,416.9655160491231,417.5807800292969,424500
2017-12-20,421.30474427274135,421.30474427274135,414.9255052906856,416.5527038574219,294700
2017-12-21,418.1717723106654,419.8961125254077,415.20074667102296,415.7755432128906,374900
2017-12-22,416.64978539919605,416.64978539919605,411.768239815358,414.58544921875,258200
2017-12-26,415.5649598340342,416.099239350462,412.8772566715359,415.8806457519531,176600
2017-12-27,416.4068310072748,417.418765108603,414.6986981028356,416.3663635253906,216000
2017-12-28,416.91691026684,419.58840679997166,416.68215930915954,419.329345703125,222400
2017-12-29,420.9646550725499,420.9889652121673,415.87261962890625,415.87261962890625,306700
2018-01-02,419.97705314934217,419.97705314934217,410.01960461234324,412.0353698730469,526400
2018-01-03,411.78435122861885,416.706388165107,411.37957756029033,416.3825988769531,448700
2018-01-04,418.1311865249255,422.0251071180655,416.92496893613605,421.87939453125,389800
2018-01-05,424.08944171318495,425.77331395205,421.6851099210793,425.4737854003906,483000
2018-01-08,424.15429929922834,428.8334579368536,423.8143032001619,428.64727783203125,561500
2018-01-09,428.2504988812965,437.1555187068055,427.90239949014597,432.2496643066406,547700
2018-01-10,432.6787735272818,433.82026302704946,428.88204367003374,430.33111572265625,483800
2018-01-11,432.419750200145,436.31367109817734,429.5539208691734,435.4717102050781,765200
2018-01-12,447.4368114986401,450.4078363137431,442.5876309808499,449.72784423828125,941800
2018-01-16,455.4675755402731,462.9154218508271,454.20468351363365,455.77520751953125,1370600
2018-01-17,459.18337760851966,468.4283946600165,457.6290110955671,466.712158203125,983900
2018-01-18,467.3275496694353,472.9458118793381,465.5060676052705,468.9061279296875,819600
2018-01-19,471.65840060951723,478.0862075569875,470.37124819093,477.8433532714844,591300
2018-01-22,479.6244362173001,480.4177768012997,471.1484498495952,480.2720642089844,843600
2018-01-23,480.06166602337964,481.29219403106924,476.33776729917724,477.37396240234375,643400
2018-01-24,479.1713076075328,479.6165489642736,472.11202590781045,475.74688720703125,642200
2018-01-25,473.5852936347809,474.3381668902306,463.83025601558666,465.89459228515625,892500
2018-01-26,468.088344505628,475.1637797356272,467.2059162410636,475.0423278808594,516600
2018-01-29,474.0142495672667,474.0142495672667,464.84206491454137,465.0201416015625,611000
2018-01-30,461.4823811749746,462.6805446555227,455.11124852996494,455.2002868652344,851100
2018-01-31,457.2404257906082,458.9890262838197,453.0631833057515,454.8036804199219,665800
2018-02-01,454.48801313594663,460.2115195489927,452.33463865511646,457.5481262207031,659600
2018-02-02,457.6047247504567,457.6047247504567,441.8590195375902,443.8909912109375,808200
2018-02-05,437.1474223980119,447.7039504211833,419.75025947238424,424.9880065917969,1129400
2018-02-06,413.52488964972275,435.9574650362678,410.6510063714753,433.2859191894531,1076700
2018-02-07,433.25360474401737,438.49945648582116,430.6792497443968,430.8897399902344,672400
2018-02-08,432.48444916514796,434.31403401498466,412.06768946189834,412.3672180175781,1038700
2018-02-09,418.5764735596548,425.81382929678887,404.7818036426032,422.18707275390625,938600
2018-02-12,426.0809838394039,430.79255552990986,420.867496725143,425.32000732421875,614700
2018-02-13,421.6609167276757,426.24298344049134,419.96899005158895,421.99285888671875,517500
2018-02-14,419.26464750968927,437.4389483804701,418.05032632486973,437.1070556640625,656700
2018-02-15,442.34486780043795,443.39731917445226,430.00737068868335,437.6819152832031,648000
2018-02-16,436.6292214883271,444.0203906820149,435.39874345943133,438.0459289550781,534400
2018-02-20,437.9651808253762,442.3610176537108,434.92937781595816,439.26043701171875,532100
2018-02-21,439.260322947011,450.1568468405076,439.1146103696995,440.0375061035156,486300
2018-02-22,443.5996253565242,447.00778839717356,435.12363811232296,436.775146484375,626100
2018-02-23,440.1994342296679,445.17812032520214,438.81509060129395,445.0486145019531,366700
2018-02-26,447.80119532454273,456.7628421863894,445.8096907936571,456.5604553222656,639600
2018-02-27,454.92507637246973,457.79085578249476,447.4853353426579,447.4934387207031,616400
2018-02-28,449.08827562252594,458.5276251117222,444.30387266767207,444.7895812988281,721100
2018-03-01,444.1176344358083,444.45767988176743,426.6557424432425,433.5773620605469,779700
2018-03-02,429.2382565022456,436.9937354734604,426.7044182570804,435.1965637207031,636500
2018-03-05,431.20540780480246,442.1423507968771,430.20963098325404,441.4137878417969,384600
2018-03-06,442.04859650272186,446.8014792677249,439.5908152215164,446.5247497558594,387400
2018-03-07,439.8186437205368,446.4108261590763,438.117733388609,445.5237121582031,465500
2018-03-08,446.6957886912464,451.17194308055184,445.19019299322787,450.3743896484375,595200
2018-03-09,454.39467857943725,470.93203626073563,454.39467857943725,469.73565673828125,814700
2018-03-12,470.6797302059572,471.05406758520604,463.08653291241745,465.3489990234375,410700
2018-03-13,469.80082324522164,470.8588132757339,457.5280097408927,459.05804443359375,477500
2018-03-14,461.17389175113436,461.17389175113436,453.76791399604645,454.9073181152344,341400
2018-03-15,455.95725111788755,458.70805475043056,452.37630861599104,454.0691223144531,313200
2018-03-16,454.7690865268936,460.53927776742955,454.1587018952664,458.7325134277344,616900
2018-03-19,458.88728177306336,458.9930857809984,446.0611039829654,450.7325744628906,554600
2018-03-20,453.75177781364783,453.9959714043466,449.24308789359964,453.73553466796875,381200
2018-03-21,454.61439164871746,466.7162786510014,453.3529401836967,459.1393737792969,480100
2018-03-22,452.6124164716822,454.2644983505201,438.1585006863531,439.0048828125,699200
2018-03-23,441.2591308091362,441.2591308091362,422.01980092641287,424.1195373535156,655400
2018-03-26,431.2570646769438,440.75463467654714,427.7330971847138,440.0628356933594,672000
2018-03-27,440.9418041897793,443.78211911266936,429.3444973398844,433.0556335449219,511300
2018-03-28,434.89486300712264,436.64465169578324,426.51225952801855,429.735107421875,496800
2018-03-29,433.1695198968176,445.21443038391766,430.2315478506534,440.8766174316406,488100
2018-04-02,437.65380530817316,439.28964361272796,415.11026259518167,422.38604736328125,746200
2018-04-03,425.19385201031224,431.2488682283501,421.7919816960935,430.3047790527344,566000
2018-04-04,419.75734624663454,438.03629469830366,419.6596887053937,436.4737243652344,471200
2018-04-05,437.6294005415047,443.2042755327845,435.8145398284985,438.1747131347656,397400
2018-04-06,430.8501831810708,434.3985405682217,417.7228404572711,423.1348876953125,518500
2018-04-09,428.9944683778526,434.72392591922454,423.3789115165598,424.127685546875,559600
2018-04-10,430.45937249365545,438.5652957843262,429.710648151588,434.5611877441406,612800
2018-04-11,428.9781897397859,434.1461414390248,426.1867040311369,427.52142333984375,549400
2018-04-12,431.60701487416827,440.6895154677016,430.5245856557938,433.7881164550781,668600
2018-04-13,438.94780882171364,438.94780882171364,424.09511970776026,427.08197021484375,489200
2018-04-16,429.71069904416044,432.52662415889205,427.0005778860056,427.1470642089844,789500
2018-04-17,429.9222488474994,431.49296549477924,426.6994011579209,428.7666015625,1367900
2018-04-18,430.13395012602814,430.13395012602814,424.9253152959506,425.8205261230469,671800
2018-04-19,426.1704921216334,428.8073453027211,424.82762630712193,427.3179931640625,525400
2018-04-20,427.936554045614,429.36078469326617,423.69639806367223,426.7971496582031,639400
2018-04-23,427.4156945387421,428.38417339759013,422.01174444108216,423.077880859375,489300
2018-04-24,425.4380822741293,425.70666541678025,414.37791588464165,418.0727844238281,1028800
2018-04-25,418.3167725028872,419.9526106310108,414.34520072783573,416.86810302734375,715800
2018-04-26,417.50310447717277,428.4900282792036,416.6892582696149,425.4136657714844,712900
2018-04-27,426.60986594944245,428.0503890258795,423.0533634933479,426.9842529296875,370900
2018-04-30,427.5946733066357,430.3454765355713,423.7451482636074,424.420654296875,480900
2018-05-01,421.5478515625,424.10334030468863,416.8519932208835,421.5478515625,417100
2018-05-02,421.1735568892496,424.5509888311857,418.3413879953719,418.9598693847656,438700
2018-05-03,418.18671130177273,418.47968398279954,407.614833335697,416.420654296875,682500
2018-05-04,412.3676949595826,429.2956844206848,411.52128803554365,423.5255432128906,601900
2018-05-07,425.03920444129363,428.68521849319194,422.3535226736644,426.1297302246094,366600
2018-05-08,419.7411345650712,429.72704230948705,419.7411345650712,423.14300537109375,634100
2018-05-09,425.2996167451901,433.3485151795003,424.9496689587604,432.43701171875,475200
2018-05-10,432.9985886367697,438.7443391534593,432.28240021486937,436.43304443359375,527500
2018-05-11,437.645711301324,441.32431132521947,435.56226741018423,439.8268127441406,395700
2018-05-14,441.09635469808325,443.2042375466638,436.3027901722502,439.281494140625,415500
2018-05-15,436.1807662361015,438.37816033347264,431.9487571732417,433.9508361816406,461200
2018-05-16,434.8298439380062,437.3853327843144,431.5582161752181,434.5124816894531,474900
2018-05-17,434.59374813032974,437.04343244859166,432.1522102194852,435.879638671875,365700
2018-05-18,436.4491745806706,439.41153503274904,434.9353839007724,438.24774169921875,518700
2018-05-21,441.1045143421617,445.97129733190997,441.1045143421617,442.3089904785156,359100
2018-05-22,444.7180471008017,447.27353567426275,444.24600247316107,445.0761413574219,406200
2018-05-23,440.87667581102914,441.74749707977935,434.39034637897157,441.6416931152344,377700
2018-05-24,441.8695468793043,441.8695468793043,435.147171007305,440.15234375,413100
2018-05-25,437.14924807099914,439.7372723648119,436.1726229459411,439.159423828125,290000
2018-05-29,435.2041681296973,437.7026814231778,421.5966862390822,426.66693115234375,714200
2018-05-30,429.1491737334177,435.64364954542305,428.1400125436369,434.8298034667969,404100
2018-05-31,435.09841777436856,438.5491174474157,431.94069078905727,434.781005859375,543000
2018-06-01,440.00582889761114,441.8450790030628,436.3353757474225,438.7117919921875,446500
2018-06-04,442.35779804968547,442.6752098833395,437.9793029809423,440.0220642089844,417100
2018-06-05,439.0373665891156,439.37916798936243,432.19289413743576,434.90301513671875,495000
2018-06-06,439.25628093841254,451.5628356933594,438.38074084787837,451.5628356933594,682100
2018-06-07,454.13206518537623,455.7685771319902,447.34055059540447,449.33709716796875,428400
2018-06-08,448.0278487541095,449.7462162293818,445.393088544691,449.5579833984375,370500
2018-06-11,450.67087270090445,452.08643959808353,446.93143679114297,449.2716369628906,391800
2018-06-12,451.5873438028585,451.9637096230501,444.7139730000871,447.6760559082031,425200
2018-06-13,447.0705081330204,448.0115224708411,433.93750986763746,435.4512634277344,839600
2018-06-14,434.8456703343335,436.0976256706908,427.2522825409005,428.2423400878906,989500
2018-06-15,426.16403261666295,430.18983755485925,422.2200332893633,429.19158935546875,753100
2018-06-18,428.76605105854713,432.27635055837936,424.7320558460618,431.66265869140625,483500
2018-06-19,427.31779877584705,432.3173807034251,424.73213188805204,430.9017639160156,448500
2018-06-20,432.1455451118246,434.1502822995424,430.45993975015796,430.87725830078125,346100
2018-06-21,431.4663529634223,432.996487596365,425.7303707562698,429.5679931640625,571000
2018-06-22,433.59390986427195,433.59390986427195,427.546985543192,427.73516845703125,514300
2018-06-25,425.5012596699757,426.2131383094597,416.67227149379937,421.516357421875,666000
2018-06-26,422.21192658110874,422.21192658110874,415.44495811204797,418.006103515625,740200
2018-06-27,417.6869262105531,422.9974243187375,412.01641845703125,412.01641845703125,558200
2018-06-28,411.9673084783091,413.7756470671052,406.95139570017295,410.5762634277344,636700
2018-06-29,415.8295054296691,418.8079441900452,408.0806203569499,408.34246826171875,701800
2018-07-02,404.26758889324225,408.7352600097656,401.4118832212921,408.7352600097656,564000
2018-07-03,411.2226497834455,411.8363416587158,401.6899743151503,402.00091552734375,307500
2018-07-05,408.2606059018335,408.2606059018335,399.8080083641743,402.5655517578125,513900
2018-07-06,402.15645082710586,406.7059519966125,399.3171016285837,402.3282775878906,556300
2018-07-09,404.99575188737776,413.36649343612555,404.1693054698519,412.4827880859375,748400
2018-07-10,413.1538522422462,418.05519794931166,411.5336962873852,413.1620178222656,484800
2018-07-11,409.0297308597247,413.9801686737812,408.8169763518115,411.5008544921875,468600
2018-07-12,414.4222152376977,414.96226732184306,407.5324871024823,414.58587646484375,574500
2018-07-13,419.13517384832176,419.3561189071591,412.75278827098987,414.9293518066406,786500
2018-07-16,409.12802964751637,414.4057912184466,407.3115001970337,412.3683166503906,1212800
2018-07-17,410.1916929815842,414.0047686608329,410.1589807232209,413.1210632324219,758800
2018-07-18,413.1538511858536,418.6361516775303,413.1211139522815,418.006103515625,487600
2018-07-19,415.50217910855406,417.56417502988114,410.79720758554146,413.1292419433594,684100
2018-07-20,410.4372044155465,413.0801552484398,409.9626019634493,411.4027404785156,812400
2018-07-23,410.8463456335621,418.3579297760447,410.8463456335621,416.09136962890625,646700
2018-07-24,418.8488907134051,419.7653334499129,414.5612372085187,416.4023132324219,688300
2018-07-25,415.6167164907762,419.65071211571984,411.6727170293543,419.34796142578125,492800
2018-07-26,419.52807151283554,419.52807151283554,413.0556382800366,413.3092956542969,407600
2018-07-27,413.7674460156537,414.38113790220274,409.16882716998276,411.5172424316406,571600
2018-07-30,412.1554841104004,412.7691760015885,407.8514503227547,409.27520751953125,492100
2018-07-31,411.9182138905093,413.4483484588579,409.7007473488957,411.3863525390625,512900
2018-08-01,413.3746721061528,417.20410346556423,389.95619383050786,392.3127746582031,1716500
2018-08-02,388.08245975899194,389.33439045652506,382.2482904072645,388.9252624511719,1637700
2018-08-03,389.58806807240217,396.78873632361456,389.10529999753476,394.7267150878906,824100
2018-08-06,394.71857064761144,397.78703101159164,392.0183105445923,395.5940856933594,639300
2018-08-07,397.525108150846,404.9630516748541,396.4940976720681,398.8670349121094,1000900
2018-08-08,397.7051640912042,400.43813620928455,396.45323337586814,398.5315856933594,535200
2018-08-09,397.9669784063701,398.49067423547984,395.63496877024096,396.11773681640625,634600
2018-08-10,392.01003881822953,395.733118271627,388.9415790896438,391.9036865234375,646600
2018-08-13,392.05915182560653,393.86749040917385,387.5505537348234,388.9906921386719,382700
2018-08-14,389.93164097514034,391.61724599050916,387.8532641709839,390.4798583984375,408600
2018-08-15,387.0186256570385,388.67968388233345,381.3153819033772,385.2511901855469,721000
2018-08-16,387.3869114742273,393.352004388761,386.45411266888067,388.3524475097656,681600
2018-08-17,388.0906115173909,389.15433423650575,385.2021690871658,387.9760437011719,472800
2018-08-20,389.8579898802163,390.3243767128788,387.6650453357182,389.1297302246094,465500
2018-08-21,388.26247475824266,390.78269226882225,387.59149884039005,388.61431884765625,640100
2018-08-22,388.36066526030964,392.5583226063424,386.8468866405961,391.1427307128906,603500
2018-08-23,390.47172680433846,391.2081521226202,384.6457238006086,384.9566650390625,579200
2018-08-24,387.56698245285037,390.8481972834145,384.99767137878973,390.7254638671875,580800
2018-08-27,391.8955551003402,398.5397902396916,391.8955551003402,395.716796875,607000
2018-08-28,395.94589353629897,397.1814430712972,394.27664436460935,395.5040283203125,517400
2018-08-29,395.93768920420166,397.8442145617086,390.92177628442926,397.0341491699219,634600
2018-08-30,396.1340565416182,397.27144426964315,386.9204867858894,388.8924865722656,559800
2018-08-31,387.66510201037073,392.60737480731456,387.3296140833554,391.9936828613281,506700
2018-09-04,389.6780396186857,391.7645823003568,385.578569323028,389.309814453125,499400
2018-09-05,388.8107572060657,393.5320858549276,388.2625146385341,391.3227844238281,544700
2018-09-06,392.52529566602567,393.3406978178236,387.0974671807791,388.728271484375,670900
2018-09-07,387.3692021460702,389.07415651612746,385.8125232563162,388.2999267578125,666400
2018-09-10,391.24031724269287,393.70301214132587,388.7364249391968,390.2025146484375,453000
2018-09-11,388.72829344260987,389.774340849085,385.87023835915033,388.044677734375,495400
2018-09-12,387.93759457001255,389.61784087111505,386.2244204987118,387.1221923828125,579700
2018-09-13,389.7578128520748,390.7791517605926,384.8900582761231,386.2738037109375,528600
2018-09-14,387.4351319969233,394.3125609230595,387.4351319969233,392.1051940917969,416700
2018-09-17,392.8876571717607,392.8876571717607,386.78443309084304,387.85516357421875,443300
2018-09-18,389.41188231468664,391.24037876865253,386.3232075705347,388.9259338378906,557500
2018-09-19,390.16140326115556,399.8886675660548,389.6754296492511,398.2660827636719,418700
2018-09-20,400.8935335546283,405.2341422489714,397.87898387039456,401.2312316894531,480400
2018-09-21,403.15855694507235,403.2161931053887,399.2956522831718,401.6183166503906,700100
2018-09-24,399.85581402188063,401.11599262366843,394.99630291662004,397.055419921875,433600
2018-09-25,398.77672419808465,399.6086152727243,393.1841569799329,394.600830078125,382800
2018-09-26,396.15757963670103,396.7011894486689,390.67208986397156,391.0921325683594,416700
2018-09-27,392.7312103430508,396.55291781273314,390.1614367601141,393.6125183105469,344400
2018-09-28,390.83669314385367,393.2994130506671,387.6574300035923,388.2092590332031,532200
2018-10-01,390.7049867447,392.9700148809827,388.2340469596644,389.9719543457031,395500
2018-10-02,389.3294645303053,393.6124363673614,388.15165607260855,393.0523376464844,363700
2018-10-03,396.0587774143291,396.78359060033483,389.03307140678083,390.71331787109375,645800
2018-10-04,390.97678912160546,394.92206319758475,387.5257080107179,390.5320129394531,917200
2018-10-05,392.3028438572155,397.3929986671968,387.21271418293225,387.82220458984375,712000
2018-10-08,392.8794461783798,392.8794461783798,384.75005788608644,388.3164367675781,560400
2018-10-09,387.92106254293844,387.92106254293844,378.11964845463643,378.6385498046875,875400
2018-10-10,376.41469636310546,377.5842603213246,351.0793218885029,351.4993896484375,2075300
2018-10-11,349.3414968102194,352.421927190303,342.1016358303425,344.0207214355469,1737100
2018-10-12,354.9917362796126,360.32073156283445,346.10458113382685,352.2737121582031,1593400
2018-10-15,352.30664292294585,355.2306038848808,348.2707789882517,351.6477355957031,992900
2018-10-16,337.69508361816406,342.9334635818377,331.59185970039107,336.04779052734375,2053500
2018-10-17,334.08754447908086,344.2266325575813,333.6922101806416,339.2188720703125,1821100
2018-10-18,337.9916386239451,339.6965932794943,328.6350244296318,329.3515930175781,1735800
2018-10-19,329.6233241470626,336.3030848887567,329.0302976889941,330.8175964355469,1029100
2018-10-22,332.02846239292774,333.4451357595217,323.0424736438994,323.166015625,1036000
2018-10-23,316.26374245237093,322.25988702530054,309.94636372975407,319.15472412109375,1300500
2018-10-24,319.64900031070107,320.011406819132,311.40428994744667,311.88201904296875,1229800
2018-10-25,313.6446181752591,326.72413032797175,313.16691420247446,322.8365173339844,1393000
2018-10-26,318.0593437078661,322.75411379824715,315.53074285469813,318.69354248046875,1006300
2018-10-29,324.17909159320914,327.74549576971054,316.41210948540936,321.757568359375,952600
2018-10-30,323.1824810231951,334.5735032906962,321.93052201101307,332.61322021484375,1489700
2018-10-31,336.75615702873654,343.69127287680874,334.9935662694794,338.8647155761719,1415200
2018-11-01,340.77554135575684,343.6830128919712,337.7527723643755,340.1578063964844,1021600
2018-11-02,343.43592143033845,345.2561733657438,334.38405340241474,337.4974365234375,869900
2018-11-05,337.3079763385003,339.85304120489354,336.25370974204253,338.51873779296875,761400
2018-11-06,339.6718476570238,340.9732233412621,337.9586738147356,340.52020263671875,882100
2018-11-07,343.96306830251143,350.0498291617787,337.9669216460624,349.82745361328125,1078300
2018-11-08,347.27408313522943,350.37922143893405,345.68445139845124,347.076416015625,698800
2018-11-09,340.1660729764882,345.6268543924719,336.8303140342681,340.94854736328125,617100
2018-11-12,340.1248479536442,340.1248479536442,333.42035306855337,333.92279052734375,577400
2018-11-13,336.6903149415294,340.98975194980284,334.7794484632514,335.47955322265625,582900
2018-11-14,338.123401580038,340.1248819708739,327.27598966464717,331.0894775390625,746900
2018-11-15,327.16072152341945,335.86667378315843,325.1180936515775,335.1253967285156,685200
2018-11-16,332.87675380261294,338.7576023345165,329.8457404797593,338.51873779296875,738100
2018-11-19,337.7774737999071,339.54006444349545,330.78469711270156,335.8666076660156,725500
2018-11-20,330.1999262302982,336.41847331719015,327.18537657295104,331.86370849609375,632300
2018-11-21,336.0807143073206,339.63062859959894,332.15190453928074,335.7347717285156,673700
2018-11-23,332.47315096000773,338.4363436080394,332.20133353758393,334.90289306640625,299400
2018-11-26,340.2813768992944,349.40737039582024,338.8894120996265,344.6878662109375,815000
2018-11-27,342.01933039023595,343.95490537864623,340.94859961487975,343.5924987792969,626000
2018-11-28,347.290544251426,352.2818400672704,341.0061173885063,351.91943359375,701500
2018-11-29,350.04976766550993,351.8535555379832,344.86902406606526,348.3530578613281,616000
2018-11-30,347.0022447997572,352.5289306640625,345.1078679891782,352.5289306640625,1066400
2018-12-03,359.76061177826637,360.9713733069852,354.4480810605675,358.17919921875,998600
2018-12-04,356.08710193484563,356.56483100988083,333.1073682148522,336.66552734375,859700
2018-12-06,331.8183528081673,332.36615742239815,316.5546221035233,332.1918640136719,1383100
2018-12-07,332.68157599305755,340.1598805715023,325.49375199782025,326.2739562988281,969500
2018-12-10,324.4312982662168,327.3944125123994,315.11036345674603,326.4067077636719,876100
2018-12-11,332.1918335809623,332.90562340917705,317.1023723377554,320.09869384765625,793700
2018-12-12,325.8092015086862,330.0920176200059,322.55558043314863,323.75909423828125,736800
2018-12-13,325.5103429979499,325.6929445435373,319.127622361748,321.4350280761719,595200
2018-12-14,317.9158168738986,323.0950237218446,315.93212431796485,317.3099060058594,678700
2018-12-17,315.40089891513134,322.8709202052266,312.4544006492364,313.9483947753906,900200
2018-12-18,316.84507956915667,322.6883030318435,315.2348730316275,318.181396484375,997100
2018-12-19,316.77042559523403,322.3563511251529,306.5530976034257,308.9186096191406,997400
2018-12-20,306.4949431909881,313.70766527469294,305.8143605488933,308.4869689941406,1107200
2018-12-21,308.2295537929589,317.16869221767627,304.9925508149169,306.403564453125,1722800
2018-12-24,303.05874892462066,307.9059593981985,299.45654192188283,300.2699279785156,499000
2018-12-26,302.3448971532246,316.6043544298198,299.58100092768217,316.4217529296875,873400
2018-12-27,312.5539684239827,322.00768133564645,309.21734300720516,321.8748779296875,784000
2018-12-28,325.30280492594915,327.2367245264289,319.9907951156727,322.2318115234375,619100
2018-12-31,322.99547507045025,326.8964970400171,320.25647689074026,326.0415954589844,612300
2019-01-02,320.61332378130646,324.6637395172801,319.63392703538284,323.21954345703125,926800
2019-01-03,319.57584184898394,320.83743645248353,313.14332287076974,313.7243347167969,781000
2019-01-04,319.69209693292254,326.13289956936535,317.05266954361684,325.21160888671875,647800
2019-01-07,324.4810750076637,330.4902830693204,323.21948073213287,326.1161804199219,714500
2019-01-08,330.14177057211583,332.7064750094816,326.68895746653357,330.2662658691406,642900
2019-01-09,331.5858658141663,334.6153686586774,328.0998465798771,332.1585693359375,640500
2019-01-10,331.2705325555145,332.7645519773414,328.0335284693817,331.5859375,487100
2019-01-11,327.8592639178941,331.6938710442404,323.42705403616515,330.2662658691406,706500
2019-01-14,326.083017490699,331.9594482826543,324.6222052568278,329.029541015625,919700
2019-01-15,329.1374578024382,332.93057503641774,326.52295517957253,332.59027099609375,846600
2019-01-16,333.7356223812637,350.11985970790715,333.1878178226969,342.82415771484375,1331500
2019-01-17,341.13086198548467,346.06107646974937,335.0635486806796,342.3924560546875,917200
2019-01-18,346.1774345486471,349.0658523923056,343.28073390408997,348.1445617675781,1031800
2019-01-22,345.6212754830942,347.9369890908948,341.20565698016344,343.2889709472656,905600
2019-01-23,342.81592993616266,344.0941408724079,335.1218159163284,339.0394287109375,660100
2019-01-24,338.5662479392219,341.404841676842,333.4949206143407,337.44573974609375,838400
2019-01-25,341.31352366244704,343.6790351228887,339.5954129388955,340.2594299316406,573000
2019-01-28,336.8564253665363,338.5413289565536,333.99290741149395,336.44970703125,640400
2019-01-29,341.5459131510534,341.960914260593,337.22160868195533,338.32550048828125,602800
2019-01-30,339.63685696407697,341.08105245948747,333.5114376385521,338.91473388671875,869900
2019-01-31,337.1634662362109,345.24767887630816,337.1634662362109,344.51727294921875,750100
2019-02-01,346.4761525575987,346.5923397049627,342.0605343645812,345.9532470703125,585900
2019-02-04,345.69590407501437,347.5551008317766,342.9320079918042,346.92431640625,534800
2019-02-05,347.0406049891279,347.88722366166115,343.662489087947,346.5758056640625,523400
2019-02-06,347.3062312385229,349.2484339545229,344.5091270022794,345.604736328125,424600
2019-02-07,343.91145448136166,346.8413615565944,340.3092475765188,344.4592590332031,469400
2019-02-08,342.08546753406205,343.66246695178853,337.0888624466213,341.76177978515625,567000
2019-02-11,343.4135151494222,344.34311384463325,341.1310084022055,342.5420227050781,595600
2019-02-12,345.4386882421905,353.37350886946905,344.80787833578074,353.17431640625,617300
2019-02-13,354.16195268899384,360.01345813019816,353.66394629769496,354.7844543457031,803500
2019-02-14,352.26127341212185,352.97506322019234,346.89946573425914,351.4063720703125,542500
2019-02-15,352.90864708409356,359.08386564714255,352.90864708409356,358.51947021484375,600300
2019-02-19,355.59799613775255,359.3911139740588,355.38221269302807,357.7892150878906,438000
2019-02-20,358.37840107101573,363.1177072306001,356.7100883006736,362.89361572265625,563300
2019-02-21,362.37901427234664,363.2007084552528,359.26650560417426,361.0675964355469,451800
2019-02-22,361.48253341373083,362.6694557590097,359.7644481844702,362.4785461425781,400300
2019-02-25,364.60343313599304,369.1850370124511,363.5742383222875,364.31292724609375,516300
2019-02-26,363.2671356393544,367.69934509962275,361.62372188590876,365.64093017578125,472000
2019-02-27,365.34215293272223,369.102062641071,364.27144278726445,366.8693542480469,461100
2019-02-28,366.86927013258787,369.11856893855213,365.52467065943097,367.8735656738281,512100
2019-03-01,371.4758244270323,375.09464759786744,366.9440189971376,368.3301086425781,657200
2019-03-04,370.08979900202417,371.01108954937774,360.2708559821345,362.9849548339844,686100
2019-03-05,363.1688764017593,364.3898860881079,360.57630131033187,361.7220458984375,433500
2019-03-06,361.7220625172986,362.95981485273103,359.10442446177035,359.4974670410156,272700
2019-03-07,363.3278017373178,363.77941787865666,351.7030567824539,353.9192810058594,467400
2019-03-08,351.7281519501221,352.8320911959613,348.91812709909925,352.3470153808594,587100
2019-03-11,354.60505687797723,359.1044245663204,353.6934788385622,358.02557373046875,593100
2019-03-12,359.30517398559806,360.4676358348627,357.00531313502756,357.80816650390625,504700
2019-03-13,359.8904493931467,362.45793562471056,356.6873828356854,361.1532897949219,606700
2019-03-14,364.1808014559241,364.1808014559241,360.5428353047216,362.6503601074219,501700
2019-03-15,362.81757110432613,366.99078933501715,362.064894688131,362.5834045410156,1756900
2019-03-18,364.6324288473414,368.60491517079294,364.58225211450895,368.3791198730469,550700
2019-03-19,370.11034657505843,370.7877581339902,362.66716520255164,363.43658447265625,948500
2019-03-20,363.1270559786615,363.54521241091595,357.57392630764565,359.5476379394531,881600
2019-03-21,358.435354204182,362.70892653133546,354.7639537274084,359.9156188964844,472400
2019-03-22,356.6958946049602,358.30160140218345,347.1786478127589,349.0436096191406,585300
2019-03-25,349.57882833394126,350.8332978136085,345.6481470887518,347.41278076171875,411000
2019-03-26,351.72814321956344,354.0196325335732,350.3649490286175,353.4844055175781,494900
2019-03-27,354.2622013576905,355.87627936542174,349.3363054055677,350.9504089355469,425000
2019-03-28,352.42225473882905,355.9682388280215,351.44378292778185,355.40789794921875,342700
2019-03-29,359.37203886542767,361.28720271121375,356.42822640171534,357.4150695800781,455900
2019-04-01,360.9443125796719,367.6766473186803,359.1127851289236,366.6312561035156,498900
2019-04-02,366.631238190947,368.0613261571932,364.1891932018453,365.0087890625,423100
2019-04-03,367.3253319600988,370.31932074115474,365.72797134974536,367.19989013671875,337800
2019-04-04,367.28356873028906,370.2357524168628,367.07449049321656,369.5165100097656,375200
2019-04-05,370.6288115783917,373.6896944356829,368.48782700197563,372.2428894042969,458400
2019-04-08,371.7745346689594,374.40054383951576,370.5702420804738,373.1126403808594,398400
2019-04-09,372.50211321363406,372.9453580075667,366.73990537026725,367.8187561035156,460900
2019-04-10,369.3157931328685,370.43644939075637,367.28355884854005,370.2859191894531,402900
2019-04-11,372.1592902567852,375.29546405108397,370.37793945806385,373.08758544921875,412700
2019-04-12,375.24525596904965,382.4709865160017,375.24525596904965,379.9787902832031,628700
2019-04-15,381.6597398076689,382.2786287039536,376.14844090245214,377.8963317871094,590800
2019-04-16,378.93332458994166,390.4660849379014,378.8496882077435,390.1733703613281,1030700
2019-04-17,390.54136281486535,392.0467156547682,386.7277784663528,390.9678649902344,628200
2019-04-18,392.0467894400161,392.54021102509586,389.46258544921875,389.46258544921875,530400
2019-04-22,387.8400921650349,389.43745280406034,386.50198647306263,388.0658874511719,432900
2019-04-23,388.0491610933228,396.4373779296875,387.96552470415594,396.4373779296875,687400
2019-04-24,396.43738396714684,403.41223015621324,395.249808476273,401.5723571777344,1008500
2019-04-25,399.6656149292525,401.83166244503724,395.2498579745222,396.7886962890625,598700
2019-04-26,397.34062645664307,400.9785928298022,394.6142636425757,400.5771789550781,469000
2019-04-29,401.4302914312982,402.75165491080264,400.26780396168147,401.2964782714844,366900
2019-04-30,401.2127182921338,406.32260307465594,399.3979337009932,405.81243896484375,567600
2019-05-01,407.1505095342953,407.6606736001339,400.35128256968073,400.7025451660156,488600
2019-05-02,401.020493132756,401.5724628281913,394.29652882374796,398.42791748046875,436100
2019-05-03,398.5114897186892,403.8555161674097,398.4278533197129,403.52099609375,403300
2019-05-06,395.5091750159807,400.27614404159226,392.9584049247666,398.3944396972656,434400
2019-05-07,396.0861582876883,396.3537845531684,383.917815249541,387.8568420410156,709500
2019-05-08,386.5271181828327,392.6154755179156,384.3861590444901,389.2785949707031,454800
2019-05-09,383.641895363268,388.4339528148815,379.81993859196893,388.2332458496094,435500
2019-05-10,386.2511358499269,389.4207690338851,379.05883947252966,387.212890625,484000
2019-05-13,378.95011556550025,380.01224933431166,368.136595368756,370.3026428222656,703900
2019-05-14,371.6239791661256,377.22728567192775,371.6239791661256,372.8784484863281,426800
2019-05-15,369.2238092691352,373.3217632877789,367.5010065725999,371.6240234375,424200
2019-05-16,373.42213112654105,376.9095420938543,372.8032421425802,374.0326232910156,449100
2019-05-17,369.50811340780086,374.13292267422946,368.1783789737547,369.2823181152344,496900
2019-05-20,367.6431813094178,368.21186799531483,363.3612630495526,366.3803405761719,465700
2019-05-21,368.66346700772004,371.5905622236548,368.13658578529265,369.365966796875,307000
2019-05-22,368.1115139141512,369.7172204978177,364.95025196017144,367.25848388671875,331000
2019-05-23,363.6790274074726,363.6790274074726,358.8618823001264,362.8678283691406,577600
2019-05-24,365.4687826528834,366.49745683554477,363.6288838356633,364.4317626953125,277300
2019-05-28,364.7746261414682,365.2178709786227,359.0375061035156,359.0375061035156,462600
2019-05-29,356.5955191827969,358.31832195416973,353.45097407516596,357.8834228515625,390700
2019-05-30,358.34330819553253,360.852246528763,354.4377162936846,356.7626647949219,412400
2019-05-31,351.8787360643663,351.8787360643663,347.08665282371487,347.53826904296875,534600
2019-06-03,347.6636325114485,352.82369439358473,347.2287589864547,351.16778564453125,581400
2019-06-04,362.4664706008455,363.62893256029895,353.88588986516044,363.40313720703125,558300
2019-06-05,365.45093740042364,371.2066561067574,360.521061008148,369.2347106933594,605800
2019-06-06,369.3610024396485,372.1503796935043,367.63345152181085,370.1447448730469,675300
2019-06-07,370.78519898770674,374.5015655453203,369.55484549283943,374.2571716308594,504000
2019-06-10,376.60831273769605,378.37801460877523,373.7178142548793,374.00433349609375,525000
2019-06-11,377.6026685397842,377.82178205587195,370.7177206705451,373.4228210449219,536800
2019-06-12,373.6925565424795,377.50160904284826,371.68689601491064,376.0605773925781,430100
2019-06-13,376.5746681723785,378.71516610531927,375.58870849685997,377.7713317871094,325900
2019-06-14,378.4960872391807,378.4960872391807,374.6954438005512,376.6673889160156,343500
2019-06-17,376.414559988114,377.3668039057737,370.4649836075497,370.894775390625,346400
2019-06-18,373.59150105742395,384.36978087963894,372.8161938486769,378.63934326171875,535400
2019-06-19,380.23206907073876,384.4624785515457,378.61404899423206,383.3922424316406,544300
2019-06-20,384.69839870871533,393.42048145712255,384.69839870871533,392.3502197265625,729100
2019-06-21,391.96250698190096,397.9120562840231,390.78271440539146,394.5917663574219,1056900
2019-06-24,394.2799883354828,396.8502775108,388.911912530851,390.5130615234375,397500
2019-06-25,390.2013496651272,390.20978502367205,384.2686436998018,386.265869140625,454100
2019-06-26,387.7743138267563,388.8867009639609,383.830423850364,388.4569091796875,434300
2019-06-27,389.7378834733134,393.6227777197245,388.802458751847,391.4233093261719,352900
2019-06-28,394.8615691173538,398.06386796995866,392.3755556824616,395.48516845703125,634300
2019-07-01,400.18752047187775,402.09205992405134,395.1986486085744,398.5442199707031,471100
2019-07-02,398.5778688912961,398.68742566868815,394.11150139606536,395.9654541015625,347000
2019-07-03,397.2211153800626,402.0414338955776,397.086303955936,400.58355712890625,343900
2019-07-05,400.5414149168288,403.4572199497856,397.93743524703416,403.3982238769531,383100
2019-07-08,399.49638554477497,402.1509254397554,397.71827406976604,398.1311950683594,414600
2019-07-09,396.2941036212963,401.33350937624715,394.5412467101857,399.2941589355469,445500
2019-07-10,399.29418529821294,401.67905120786304,398.0722414504876,400.74365234375,504900
2019-07-11,401.9740529710442,405.10051062656976,399.79142964793715,404.5611877441406,390600
2019-07-12,402.9684764305965,406.887086545153,401.6201305531258,406.5752868652344,472400
2019-07-15,406.9207129614644,407.03026973686457,403.8448164806695,405.93475341796875,416400
2019-07-16,406.5921436883861,407.44326625967085,401.8729461372963,402.1173400878906,409700
2019-07-17,400.28857577378585,401.63692138306084,394.52442336874975,396.917724609375,511200
2019-07-18,396.7997803410657,400.4487415685529,396.08349495626396,400.4066162109375,498300
2019-07-19,401.38408846421106,407.0302744002629,398.1817901741702,398.8053894042969,887400
2019-07-22,398.2408387308195,400.3223406089616,392.5862166920165,399.0666809082031,647800
2019-07-23,401.5274472482291,405.0752616280716,400.87013216458183,402.3617248535156,449200
2019-07-24,401.0976334368965,405.93482307640505,400.97123164264923,402.1004638671875,593400
2019-07-25,401.59479849494613,401.59479849494613,396.15931604143,399.3363342285156,494900
2019-07-26,399.75769765512376,403.54147018935487,397.6424801343566,402.96002197265625,418000
2019-07-29,401.9403658088629,405.65673304494715,400.01898129063824,403.0780334472656,363300
2019-07-30,400.2885777275201,403.2127921556212,398.39247393828447,403.1622314453125,391300
2019-07-31,402.75774067544126,403.0948206672829,392.2912616245742,394.11993408203125,421000
2019-08-01,392.02161578462204,394.1115530337495,379.010126558645,380.8641052246094,734500
2019-08-02,379.2207614034273,380.66179309584527,372.2936611330892,377.7207336425781,527700
2019-08-05,369.07454328744865,370.11108943749616,359.6782993718103,363.47894287109375,647600
2019-08-06,366.90881818753166,369.015600646035,362.55198074762075,367.178466796875,418100
2019-08-07,359.61932851669496,364.717757471426,356.8552309736021,362.69525146484375,574000
2019-08-08,365.7373779736194,369.47902509600743,363.7148722711934,368.7879943847656,499900
2019-08-09,366.5969190868229,366.6727601539761,358.8692569842972,359.27374267578125,650000
2019-08-12,354.14162950407353,358.94510289570707,349.27075040213435,350.9393310546875,665900
2019-08-13,351.0405079211685,360.0069861436742,348.5376494058223,358.43109130859375,877200
2019-08-14,349.5151213240105,353.1977720137492,346.3633837941294,346.666748046875,793400
2019-08-15,348.4954832952798,351.57981544872064,342.3183836301811,344.92236328125,612700
2019-08-16,348.37747630865323,356.2231306429268,348.37747630865323,353.48431396484375,544300
2019-08-19,359.9816283565451,360.6305079366778,356.6107772477049,358.6248474121094,473000
2019-08-20,356.81306845780887,356.81306845780887,351.85791254123416,352.4983825683594,401700
2019-08-21,356.29898292940874,358.1276811308465,354.032083304,354.7231140136719,351200
2019-08-22,356.4674694270678,357.2427764209765,351.0993936831278,353.09661865234375,551900
2019-08-23,351.36071417469276,353.07142031152534,341.3577162920148,343.19482421875,853300
2019-08-26,346.9280335037238,347.09658636734747,340.06836400918365,341.6947937011719,812300
2019-08-27,342.6891924994145,346.2707222915759,341.51783495228403,345.94207763671875,1068800
2019-08-28,343.835226124197,348.85778674919794,342.47003562860544,348.74822998046875,590700
2019-08-29,353.0966845505379,358.0096891558867,351.40282349049875,355.6585388183594,699700
2019-08-30,358.11918504235166,358.86921169658524,354.7230538592211,356.0966796875,466300
2019-09-03,354.77371212964664,354.77371212964664,347.77920501962495,350.4169006347656,540200
2019-09-04,353.61077585288376,355.640983733666,350.077043444834,353.067138671875,525000
2019-09-05,358.3168002462596,365.24835008134716,357.47582290555096,360.78021240234375,888800
2019-09-06,360.9160206254748,361.97783812829255,357.77303044782286,360.0240783691406,467200
2019-09-09,362.68288554860516,367.70316197889025,360.8990269001705,365.9872741699219,724700
2019-09-10,366.9643225612708,368.75665900837805,357.994085639192,363.8553161621094,734800
2019-09-11,364.64516533938837,368.7820287312981,360.0496153816816,367.6692199707031,605100
2019-09-12,367.73730001499626,371.42392892601714,364.19506383202696,369.30029296875,602200
2019-09-13,372.1882677075069,377.828654752995,371.2708687868672,376.2741394042969,586500
2019-09-16,373.0548531740963,375.99395776865487,367.346519289566,370.11572265625,697400
2019-09-17,371.1690271610006,373.3691104525189,369.2492523523345,373.06329345703125,675300
2019-09-18,375.9259417779451,377.9646525745401,372.8509217549033,376.4441223144531,641700
2019-09-19,376.77540102650397,381.36247445713377,375.5437079872522,377.14068603515625,517700
2019-09-20,378.99253846981543,379.81651018833713,375.3059098712274,377.489013671875,1228200
2019-09-23,374.5582913796745,380.62338014849865,373.98066881564966,379.02642822265625,647100
2019-09-24,381.48986831250284,382.2288892837292,373.02931214026444,375.5606689453125,765400
2019-09-25,375.4587873884716,378.482842516199,371.46634194964133,378.1685485839844,597500
2019-09-26,377.76926706043895,379.8843996905108,375.5861635783712,378.8565673828125,516700
2019-09-27,381.04815775661535,381.84664678712596,374.56684391598014,378.9670104980469,539200
2019-09-30,380.6318977958309,381.38792441429933,378.007087646339,378.5507507324219,362500
2019-10-01,378.5422651154132,381.12461304521105,368.04299811655545,368.3997802734375,597000
2019-10-02,363.991107388251,364.6961429344735,354.62162904480334,357.0765380859375,743200
2019-10-03,355.82793193716316,358.1384227972399,349.30410306906265,356.43951416015625,505400
2019-10-04,357.7476241698489,363.31156462533215,355.9977506258314,363.0906982421875,349800
2019-10-07,360.8141605097727,362.92079025442877,357.8580506742691,359.4635314941406,566900
2019-10-08,356.23567567829764,356.9917025122182,349.76283751428434,350.9605712890625,498400
2019-10-09,353.2116109289934,356.2016809063181,351.64011519803967,354.36688232421875,380800
2019-10-10,354.2818452406756,360.91608001611655,354.2818452406756,357.0935363769531,587400
2019-10-11,363.56639134279595,370.27707422264393,361.40877045341017,368.6631164550781,733500
2019-10-14,367.21064534095393,369.08793228346,364.95109355380924,368.8415832519531,709800
2019-10-15,371.90806174826736,380.5385199414039,369.55505691148943,377.5399475097656,834700
2019-10-16,378.00708897918224,380.04577371261564,377.20860002073437,379.1963195800781,482800
2019-10-17,382.245929259546,385.97504605141285,381.40497780438267,382.8235778808594,544600
2019-10-18,381.17562604302,382.4158220256413,377.6673757405575,378.0411376953125,527900
2019-10-21,379.7570189772455,385.98353321312607,379.7400392244477,385.35491943359375,568600
2019-10-22,385.33790587654437,386.7225203450555,381.40492885444013,382.5262145996094,403100
2019-10-23,382.1099628181326,388.47239226140863,380.83578154668214,388.25152587890625,374000
2019-10-24,388.69322120776036,390.3072048424198,383.7069294609007,386.21282958984375,404600
2019-10-25,387.1812841468252,391.25868059960874,383.67305944070426,390.5791015625,475400
2019-10-28,391.9976615083344,398.81877823330586,391.9976615083344,396.3213806152344,584100
2019-10-29,394.95376551223285,399.9145752416033,394.65645133886704,395.9815979003906,473700
2019-10-30,395.33599825048196,397.1623196824675,391.2841108566389,396.6441650390625,323600
2019-10-31,394.33360829917615,396.6441246343568,389.05000242580695,392.1929931640625,429500
2019-11-01,396.15149224958964,400.6026503795913,396.10902990418947,398.5384826660156,441500
2019-11-04,403.388902276345,405.0198401776121,401.7154761018768,404.7904968261719,544100
2019-11-05,404.79042186911573,411.8918726889397,404.1618340364106,409.8106994628906,716800
2019-11-06,411.90885019419125,417.57469534192677,410.3543344497841,415.8418273925781,792800
2019-11-07,418.1013936904771,420.8111548313748,415.8418422667321,416.3684997558594,756500
2019-11-08,416.1050976378978,417.88045360279506,412.5458828716211,416.410888671875,356200
2019-11-11,413.17446828071144,415.2216557686671,412.3165372691516,413.5057678222656,414100
2019-11-12,413.68414592441223,414.21080331769974,411.48406292033087,413.5057678222656,365300
2019-11-13,409.8870737404043,414.44863797506855,408.2221510120546,412.46942138671875,330100
2019-11-14,411.9598512237658,412.52049417026836,409.30105512790936,411.6370544433594,413300
2019-11-15,412.89427745869074,417.82960510253815,411.1359007524781,417.048095703125,342100
2019-11-18,416.9206460786983,418.4156938817977,415.1198071831215,417.71063232421875,303700
2019-11-19,418.78095468994127,421.1424365212411,417.1924793543605,418.6110534667969,350600
2019-11-20,416.7252041959102,418.53454567747013,412.129680071289,415.2216796875,438800
2019-11-21,415.3830578929733,415.8077849460336,409.8955916259532,411.96826171875,526700
2019-11-22,411.9853515625,414.33833073285433,411.2208478473511,411.9853515625,483100
2019-11-25,413.038602059604,418.4071588271038,411.44162401530986,417.8125305175781,434700
2019-11-26,416.87809221260164,417.4726945140857,414.1088636189001,416.988525390625,525100
2019-11-27,416.5978408333547,420.17406188398905,415.2641914417392,419.80877685546875,299700
2019-11-29,421.7964727559287,422.0937869106669,419.17166238800576,420.40338134765625,239600
2019-12-02,420.7176959497616,421.0659752997833,415.30667657583246,415.9777526855469,379800
2019-12-03,411.67947486740366,413.01309819147167,406.61670942967726,412.630859375,465700
2019-12-04,412.54596158120466,418.7809527774827,412.54596158120466,413.4208984375,730800
2019-12-05,414.89186130972877,419.5359059546049,412.676758685869,419.33062744140625,460600
2019-12-06,423.7523049567557,427.3700353966063,420.65629254215725,424.0003356933594,507000
2019-12-09,422.75165939761195,425.9930764339561,420.87011795956073,425.1207275390625,372800
2019-12-10,425.7365124483347,425.847699544218,421.5115594063116,422.520751953125,354100
2019-12-11,422.73465247480385,425.35172580914985,421.3149286888085,422.418212890625,469600
2019-12-12,422.52929348895464,430.7824815561788,422.0845451257873,429.4397277832031,535800
2019-12-13,428.98649992529647,430.9279155216075,423.7694495714706,426.4378356933594,455600
2019-12-16,430.7140757916521,433.45089662595564,428.67003410061767,429.3798828125,426900
2019-12-17,430.64568026885365,432.09106039079234,427.7121678013543,429.5851745605469,425100
2019-12-18,430.337842911044,430.337842911044,426.0615761281781,427.19049072265625,542900
2019-12-19,427.0621698466381,430.9279052774436,426.788482532884,429.6279296875,428300
2019-12-20,433.06605652935735,433.06605652935735,427.13062252899886,427.2760009765625,967600
2019-12-23,429.012165661859,430.03848008466997,425.5825915008966,427.33587646484375,361200
2019-12-24,427.88316973527265,428.27660500333326,425.4371580872983,427.3187255859375,126400
2019-12-26,427.48975785524357,430.41473529361474,427.39569253103673,430.3976135253906,157000
2019-12-27,430.40621068589047,431.51802950339584,429.0121436714626,430.2009582519531,221700
2019-12-30,431.04757370201736,431.04757370201736,427.2759043000942,428.344970703125,276200
2019-12-31,428.27665853104236,430.0983522687126,426.15562091295857,429.93585205078125,296900
2020-01-02,436.1791726797351,436.1791726797351,431.83449750264685,435.30682373046875,560400
2020-01-03,429.0976773326094,433.35684806952463,428.926616236248,430.6799011230469,337300
2020-01-06,427.77202947652665,431.7061735457678,426.35230594969516,431.0476379394531,411300
2020-01-07,430.08974830478274,436.0252078066067,430.08974830478274,433.8015441894531,453900
2020-01-08,434.27188805822703,436.2988599735136,429.5423391230687,433.6988830566406,726500
2020-01-09,439.4975669616048,440.30150714610414,436.6923372008813,438.8304443359375,477100
2020-01-10,440.03639499284606,440.6607132136524,436.52985115308377,438.04364013671875,484000
2020-01-13,438.9758773009433,447.6823496171121,438.9758773009433,447.39154052734375,651800
2020-01-14,444.86005011895907,449.008007979129,441.75547628774734,443.294921875,923600
2020-01-15,443.4488650149981,454.6697848678797,443.4488650149981,453.50665283203125,1005100
2020-01-16,459.1940578217819,459.1940578217819,453.4980934214369,457.560546875,778100
2020-01-17,459.32225302671304,461.15250728936314,456.0466188576537,457.76568603515625,669100
2020-01-21,455.00330932861766,456.83356388995526,451.3684828607876,452.5487365722656,775800
2020-01-22,455.44806641784044,461.52034398779955,454.43031289943957,459.1512756347656,778100
2020-01-23,456.363166296034,465.25782200876324,455.7474089408023,463.4960021972656,804500
2020-01-24,465.61706080133166,468.12294710362016,455.6448287102935,459.13427734375,751200
2020-01-27,446.4421975592696,453.56647176481766,444.39812975879585,447.9902038574219,516500
2020-01-28,451.53949931672054,456.50851833228273,449.13623990713904,453.2585144042969,496600
2020-01-29,457.0900497064057,463.6925788706421,455.3111085645379,458.8347473144531,434700
2020-01-30,454.17372338135294,462.0591864680018,452.35202955701794,461.5716857910156,511000
2020-01-31,460.07491572908634,461.0584778047545,449.161876373435,451.01776123046875,646400
2020-02-03,453.4809483272776,459.3993388490895,453.11319566603675,453.3526916503906,503100
2020-02-04,460.2715714917337,462.1103866379351,454.52429540030204,457.76568603515625,851800
2020-02-05,465.12088856509445,467.5497782396481,459.67287806296366,464.8129577636719,943000
2020-02-06,468.738710577238,474.8708624907787,462.9743113407456,474.38336181640625,824400
2020-02-07,470.38937671522035,475.52945807468353,469.96175000911563,475.29852294921875,712900
2020-02-10,473.33129135812425,480.0108161731097,473.21154339256043,479.88250732421875,744100
2020-02-11,482.40558570283963,488.614732656106,482.26020726633925,487.87066650390625,598900
2020-02-12,491.6338856873147,493.3187098231104,487.50299716376196,489.6154479980469,426300
2020-02-13,486.3740204557869,489.84634690277306,485.2450797911802,486.2542724609375,479700
2020-02-14,483.85109462589463,486.57079442374993,481.25970373003986,484.02215576171875,472400
2020-02-18,483.21807271073317,483.4062033642144,480.91743944467385,483.0555725097656,403200
2020-02-19,485.76673117947024,490.06011926004993,484.23584663225745,489.2647399902344,383200
2020-02-20,487.49436314067293,490.01737072334646,479.4720833045272,484.86016845703125,475200
2020-02-21,481.8581259636947,483.0896925153595,474.6654703629937,476.3759765625,494200
2020-02-24,458.45847792888526,462.9571182160871,451.27438220451586,451.5736999511719,1063700
2020-02-25,453.50660056751883,454.2506667253278,429.73910523910376,432.7581481933594,1064600
2020-02-26,434.6140094434852,442.986945181063,432.3219111403784,434.8705749511719,959600
2020-02-27,423.89771935747524,428.36211611877593,406.91237680133924,406.94659423828125,1286000
2020-02-28,392.7750233787277,398.0433861057785,384.02577394090594,395.99078369140625,2039300
2020-03-02,399.5230870756004,417.5175998766786,394.75931935837684,417.3123474121094,1278200
2020-03-03,417.6543595122814,431.0305325674087,407.2544770958281,412.29193115234375,1589800
2020-03-04,420.6077490459803,428.94940726616505,413.03302771197633,426.82952880859375,1175000
2020-03-05,411.36987039355876,415.7044326138155,400.34818027630405,407.1473388671875,1022200
2020-03-06,389.5420038016348,395.50524589998867,379.61471549261523,388.1373596191406,1460300
2020-03-09,354.51220174752757,375.8058480782203,349.13491154369115,361.07867431640625,1478200
2020-03-10,380.3127058315921,395.55692874721996,374.1943567309606,395.5397033691406,1608300
2020-03-11,383.47525089355105,386.0518514672504,363.8016894807511,371.385009765625,1263400
2020-03-12,343.300871110171,361.93173376933333,330.417814353115,332.82208251953125,1669700
2020-03-13,357.7178525749446,361.276852671154,334.3560302013247,356.5717468261719,1579400
2020-03-16,317.5002539951742,324.5062213118894,305.06532209486386,307.8832092285156,1569300
2020-03-17,315.57865473313666,343.1802608108737,306.25462260797207,333.2874755859375,1609700
2020-03-18,307.78844022079056,322.78274763717667,279.1872175584308,321.7400207519531,1969400
2020-03-19,316.5092782924376,357.7522445324435,302.73000357671174,342.4218444824219,1593700
2020-03-20,345.5672376624956,346.76504560942567,302.4370260684218,305.67718505859375,1363100
2020-03-23,305.677259439768,305.677259439768,281.1693039401277,282.1517028808594,1422800
2020-03-24,301.0065536333618,321.48155765221327,298.41272737620335,320.3096008300781,1319600
2020-03-25,331.6845573911709,379.1579305836078,324.8767994787271,345.8860778808594,1951000
2020-03-26,351.64260292094144,391.661922226569,349.49687275257907,389.42138671875,1598200
2020-03-27,369.2910290335021,387.33591374755173,362.8968900043963,374.28912353515625,1044200
2020-03-30,377.44308513643506,393.1698803504532,374.4356132616439,392.3943176269531,1177300
2020-03-31,389.4126951416618,395.2208291506382,376.5727153309313,379.1407165527344,1389200
2020-04-01,360.3030183771946,365.8095636546785,346.33418468808225,352.91790771484375,1163700
2020-04-02,351.74598273075907,373.88414559335104,350.0311238861933,367.5589599609375,649300
2020-04-03,367.71405564457933,373.11719678721977,354.2019424652567,360.26861572265625,612600
2020-04-06,380.89872501181617,390.35203915861456,373.47911008357926,387.3703918457031,957900
2020-04-07,404.1570538222868,404.21738208220626,380.8727912336382,381.85516357421875,831100
2020-04-08,384.17328022991956,392.64422060990756,380.5712042190942,388.619873046875,772300
2020-04-09,396.4014156085282,412.50737957700716,395.04847403062377,406.2425231933594,1154600
2020-04-13,404.03640406860796,405.2256124205013,387.13765345472814,389.8435363769531,689100
2020-04-14,402.252666810254,403.2867417173212,393.36810643656634,394.70379638671875,566300
2020-04-15,381.3123085717232,388.64574331898064,379.16657884778596,381.8121337890625,590400
2020-04-16,383.63900476433554,398.8573748802679,383.33738974046304,395.5310363769531,764900
2020-04-17,410.46504767449994,417.677825622064,404.45870353745875,410.9389953613281,977200
2020-04-20,403.15747186069297,409.5343589469704,399.97764100595197,405.7082214355469,589500
2020-04-21,396.46173468397467,411.5852995617426,390.6535744549115,408.7846374511719,1200700
2020-04-22,417.3589761701186,420.4267762067753,409.79288093166775,414.49798583984375,842800
2020-04-23,414.7738063030659,417.73820189145204,404.4242729605432,406.052978515625,512300
2020-04-24,410.21517914654515,410.21517914654515,404.7086596168813,409.4482421875,517600
2020-04-27,414.55835075584406,429.2768968230038,411.1027559159189,427.9842834472656,613900
2020-04-28,437.8253622205443,440.1693020369616,426.35557573789697,428.94940185546875,655700
2020-04-29,440.0659153931667,444.6589898997615,431.3795390029685,440.6863708496094,638000
2020-04-30,431.93964930308454,437.71333252751816,428.98387988652956,432.6290588378906,580300
2020-05-01,423.4772945878042,424.3821132312598,416.35067092253286,417.2210388183594,526300
2020-05-04,412.77448827870495,416.83328642623513,407.6988144113503,414.9374694824219,634900
2020-05-05,420.6249784049101,425.46799172608956,417.84156789152405,418.3672180175781,525900
2020-05-06,422.02106663822235,423.7187000235346,410.76671428830235,416.56622314453125,520900
2020-05-07,426.450310791665,433.2925452011738,425.12322058800817,428.6219177246094,537100
2020-05-08,435.6365228944679,436.041542770712,427.95839692031996,429.81976318359375,450500
2020-05-11,424.20979454206764,428.44095161275874,421.0816926588828,424.93365478515625,699600
2020-05-12,407.4575319933969,407.89702890834633,388.9473273160005,391.610107421875,3499000
2020-05-13,396.39274603475775,423.7875351630371,393.38527447666246,418.6343078613281,9666100
2020-05-14,414.4979709057595,430.9917281508403,406.26834395698546,429.3199462890625,11804100
2020-05-15,426.56231644186636,444.305608464228,422.70170257517316,442.7027282714844,5957000
2020-05-18,447.2442555650276,455.6806937824405,443.4439951486737,445.0295715332031,5587200
2020-05-19,441.6085006487602,444.2971325549699,429.86292199115866,431.9052734375,2099700
2020-05-20,439.10940599643834,442.073801623861,433.8527726862826,438.40277099609375,1496400
2020-05-21,437.83405115605433,439.16976760662993,434.4474099583574,438.2046203613281,1007600
2020-05-22,436.04159772515914,442.5649931568657,433.45637086117597,442.3323059082031,632700
2020-05-26,452.41465242377046,456.85264576712666,449.32097480089635,451.23406982421875,1064300
2020-05-27,462.1092430252773,463.05713838259913,452.69903316707445,462.238525390625,1182100
2020-05-28,472.6484702615408,473.9583355835148,461.04082499824653,462.6178283691406,1132800
2020-05-29,457.3179525238835,460.6011880749611,448.57987433086606,455.5513916015625,1159300
2020-06-01,454.999794973215,468.02070451300517,453.9053657566795,463.8153991699219,668000
2020-06-02,469.1324734546262,472.03654045307604,463.98784518427124,466.49554443359375,846800
2020-06-03,473.9583260202808,475.6301084013793,467.76239598171605,471.9849548339844,1071500
2020-06-04,470.119693556692,475.5068351916303,468.445441203865,473.8152160644531,913400
2020-06-05,484.06040476463085,487.6084693796065,478.525803069336,482.78521728515625,1438000
2020-06-08,483.3836921685265,487.46091368484275,477.5975374444883,483.4791564941406,1133400
2020-06-09,475.3593820473179,487.9640613490491,474.4745765536977,484.1123962402344,851900
2020-06-10,485.31822236145433,492.3709338306184,482.00439784890517,484.1123962402344,779700
2020-06-11,471.9760799093025,475.9665194033059,452.08450729957576,455.6152038574219,1250800
2020-06-12,467.05747253725804,467.6907244267002,447.712368579552,457.2027282714844,1065600
2020-06-15,449.5601994745994,476.764778986564,447.382786871228,471.07403564453125,1242900
2020-06-16,484.84108597184655,484.84108597184655,467.88158249970417,477.4674072265625,826900
2020-06-17,481.42310089743034,487.0964762345101,479.5492896107485,481.65728759765625,704600
2020-06-18,477.00760341187515,484.36391526067115,475.845194314676,482.9933166503906,531800
2020-06-19,491.85049804594985,491.85049804594985,474.3878833711017,481.7789306640625,1875200
2020-06-22,477.7883477534857,484.55477139301433,475.89722248932793,479.905029296875,478600
2020-06-23,485.7953255204522,487.52162543775705,479.9050762596126,481.1542663574219,605900
2020-06-24,475.9492861834462,478.7686338755349,465.1836858070634,467.2049560546875,868800
2020-06-25,466.5110015032437,477.46742527712297,462.1561764776117,474.49188232421875,713900
2020-06-26,470.27584149725715,472.2797449026146,458.58207209694456,463.97784423828125,1167800
2020-06-29,468.445411521988,468.93988803229206,460.62930460999667,462.26019287109375,774400
2020-06-30,463.2144066264613,473.6329879182827,463.2144066264613,471.99346923828125,1067100
2020-07-01,472.1670650671041,474.06687411557533,466.24213454281454,472.193115234375,548600
2020-07-02,481.87421319551856,486.28108531379456,475.92323357420537,478.6558532714844,742000
2020-07-06,485.7952868444413,489.6122709914985,483.2709096329106,483.669921875,703100
2020-07-07,480.0438204948477,486.20298965068855,476.3916618126749,476.452392578125,557300
2020-07-08,477.99656140540316,485.74325514371566,476.67795721250366,483.72198486328125,435700
2020-07-09,480.98943805182284,483.60054343554765,472.1410126556567,476.6346130371094,462700
2020-07-10,477.58029622580085,482.25603688714466,474.32720190661524,480.6598815917969,489500
2020-07-13,484.2337905043834,490.332228526694,478.8553323414863,479.34112548828125,786400
2020-07-14,479.5146569260488,487.97269987856146,478.3869284552107,486.9490661621094,567300
2020-07-15,496.4482085694216,497.07277722024105,486.0035739190951,493.2471618652344,767600
2020-07-16,490.39297267697134,494.2620041303676,488.50184741290724,491.8330383300781,729900
2020-07-17,501.7135303773014,513.9711856608901,496.76887273722394,509.8419189453125,1150200
2020-07-20,503.3359362438393,507.4825713872315,500.6554169276156,502.798095703125,706700
2020-07-21,507.26572681295465,507.26572681295465,501.6617118643661,503.1451416015625,523000
2020-07-22,503.4314794998927,508.8879833013103,501.39284221042607,505.3486022949219,460500
2020-07-23,503.41407236948015,507.52597427866164,498.9985166172758,501.5403137207031,453600
2020-07-24,501.4103344108774,501.4103344108774,492.4404445779742,495.00823974609375,421600
2020-07-27,493.36854755416596,501.65313581434526,490.43642131319524,499.0940246582031,618500
2020-07-28,496.9859763075147,498.1050214497982,493.6027377694672,495.0774841308594,488900
2020-07-29,494.2533527993856,503.3273342479869,494.2533527993856,501.0631408691406,724800
2020-07-30,493.87167398713984,497.15081787109375,489.2652953983633,497.15081787109375,341200
2020-07-31,496.49150449397587,499.0852960225689,491.5901555554224,498.8163757324219,375900
2020-08-03,502.5812798680261,506.22475548625886,500.8116159151656,503.101806640625,496400
2020-08-04,497.6366300786673,499.40629406848194,492.67455006988706,495.3724365234375,513100
2020-08-05,500.2910370402254,507.41310829786056,497.2721306460257,505.01019287109375,465800
2020-08-06,503.1105112189761,506.0512678759357,498.8684640494564,505.0796813964844,455000
2020-08-07,505.46139812678535,510.38011442262706,502.64204996728813,510.2499694824219,469900
2020-08-10,508.53239032578614,509.3564651829521,502.8589600318355,503.3187561035156,465800
2020-08-11,507.7427200792553,517.4673180072464,506.03378738808476,508.9051818847656,576800
2020-08-12,513.6763921160116,525.4568877060748,506.9620168664898,512.0281372070312,612200
2020-08-13,508.97456389664626,516.4176554472808,508.97456389664626,511.4382629394531,359700
2020-08-14,510.61416178141246,513.9540358423891,506.6670860252396,510.48406982421875,316700
2020-08-17,512.6267822011412,516.625905593178,509.9896269146698,513.5810546875,411100
2020-08-18,512.7656235206227,515.949302807596,510.77903390750356,511.1347351074219,456200
2020-08-19,513.8414150768289,516.6347131621236,510.7791437131715,511.603271484375,418700
2020-08-20,507.3785714245894,510.31069773175074,504.0473798572692,506.0599670410156,552400
2020-08-21,507.8382701311657,510.08509683076784,504.8194160931189,506.6498107910156,418400
2020-08-24,509.5472445603416,513.2861314168688,506.8666720915261,513.0779418945312,381600
2020-08-25,515.6803383446062,515.8104303025264,511.92408528366605,512.817626953125,373300
2020-08-26,513.0865692829993,516.764724969487,509.99830149458205,513.6417236328125,540200
2020-08-27,514.3705337366106,519.5408033600706,513.5464060272725,516.1401977539062,428900
2020-08-28,516.6867105020365,521.6314237027966,513.6331757709542,521.41455078125,436000
2020-08-31,522.6810538105085,524.0343385835223,515.0037214108753,515.454833984375,581700
2020-09-01,515.9320387325804,521.3799123775999,514.552756490494,517.2332763671875,402800
2020-09-02,518.5344634980061,528.900999566871,515.4548786522109,527.4349365234375,684200
2020-09-03,527.2255506229609,528.3775238451361,500.6692307675127,505.3992614746094,739200
2020-09-04,507.74676821264813,509.73655441738214,486.84554384764584,492.7537536621094,822100
2020-09-08,488.70443047190884,489.38516366344527,478.24074102917155,482.2027893066406,837100
2020-09-09,490.12690177340414,492.2911857272783,484.6376252704878,488.8702087402344,830500
2020-09-10,490.1444101931288,490.42368125127246,472.3151130470043,474.14776611328125,891000
2020-09-11,475.168770325679,477.7607229768901,469.3914873176098,472.30633544921875,660900
2020-09-14,475.6574997896058,482.7875137938329,474.11285340232547,477.69964599609375,631400
2020-09-15,482.7003188310654,482.9795899372098,477.6125031689054,478.38043212890625,626400
2020-09-16,481.5744765813044,494.7173680048376,478.93889920874904,490.2229309082031,1003900
2020-09-17,484.3060471556685,485.0478226438194,475.19503498614955,478.5985412597656,1033500
2020-09-18,478.6508946478161,487.9800822162929,478.6508946478161,486.0252380371094,2989100
2020-09-21,478.7905405905713,485.885612675951,473.4583437303213,482.2464599609375,659600
2020-09-22,480.98965119412156,485.70220927636495,475.2123691451768,480.6841735839844,565600
2020-09-23,480.25664408521476,482.49075911458175,469.5573088512331,469.98492431640625,511400
2020-09-24,468.88540137028065,473.1005140858355,464.11169327160314,466.9392395019531,552800
2020-09-25,465.10655093874414,479.0261587727362,463.7451379218915,478.07489013671875,486400
2020-09-28,483.86084841555487,492.1515165486385,483.4768574450869,487.5349426269531,567000
2020-09-29,488.8528111038814,490.6331575732417,482.0544805560436,484.1751403808594,409700
2020-09-30,486.2695213310301,498.2168127674305,484.44555087820794,491.8111572265625,741100
2020-10-01,503.40942532966153,504.63117612233725,494.0976570045105,495.61614990234375,551300
2020-10-02,489.1843907558094,501.5156750547467,487.9975287446783,497.5448913574219,523400
2020-10-05,501.54179856784816,507.49363198872925,500.0581946670454,507.0223388671875,435300
2020-10-06,507.0224464936226,515.4178363926649,504.5352668271851,506.367919921875,704300
2020-10-07,509.93725787475046,517.3290185204448,509.93725787475046,516.6832275390625,573500
2020-10-08,519.5718831341914,529.0407323985029,518.6817632578594,527.4960327148438,538100
2020-10-09,532.871835126801,536.100843272208,529.3636092070547,533.7183837890625,525100
2020-10-12,537.0347247190077,541.6512999765373,535.5423848476527,536.6158447265625,644700
2020-10-13,553.4414273191466,564.0185715825445,546.4510755885509,557.6217041015625,1154900
2020-10-14,560.1262402687161,561.5487485377577,553.3365943450211,558.3982543945312,694200
2020-10-15,553.3714378744459,566.2961477686516,552.1060097712481,563.9747314453125,792700
2020-10-16,569.0364046979748,575.6078741519299,565.5107089596652,573.6966552734375,765500
2020-10-19,574.4560682964242,581.7780505643935,552.4465503128797,554.0697631835938,775700
2020-10-20,555.5795152369976,568.1115025475169,555.5795152369976,562.953857421875,473500
2020-10-21,564.2716832381143,570.5027351375244,554.008699028963,554.1570434570312,452600
2020-10-22,554.1657349831922,556.635496401473,549.6451453007011,554.3228149414062,483300
2020-10-23,556.6704126426566,557.7961790312285,552.8654447599389,556.1817016601562,494200
2020-10-26,549.8022505677626,551.1898701607784,537.4360783542537,542.9864501953125,686100
2020-10-27,541.3545000085603,545.072218975339,535.376459470986,536.3015747070312,349800
2020-10-28,525.9687164287735,529.2500841338529,520.3572495376235,524.2407836914062,645600
2020-10-29,523.8045389223549,529.372382499809,515.1211425018046,525.6546630859375,447400
2020-10-30,521.5093759718966,524.3805469263017,513.0616253855509,522.931884765625,530400
2020-11-02,531.4407421911013,539.635375233213,529.250251182464,536.598388671875,462400
2020-11-03,541.8607780951846,552.717194808596,540.2026227289075,549.1565551757812,560400
2020-11-04,548.3099657539037,574.2204924075253,547.8910858042201,568.6526489257812,811700
2020-11-05,576.8735394116857,586.4557910962424,575.791397367263,583.1307983398438,714400
2020-11-06,581.271924196249,582.9649683006766,570.9129551435238,571.5325927734375,493900
2020-11-09,597.905586303045,604.5468356984961,578.7585024101344,581.2369995117188,870000
2020-11-10,576.9172778301612,581.6909335290952,562.9976664094523,576.507080078125,758000
2020-11-11,585.3997482324355,589.7283692749847,582.1184334956588,585.2514038085938,455800
2020-11-12,581.0101076057462,583.5496470569503,571.506369787453,575.800048828125,501700
2020-11-13,575.9833278534711,585.6702988793508,574.4909882375422,584.5096435546875,664100
2020-11-16,595.6190846052864,595.6190846052864,584.0732547794363,590.32177734375,607600
2020-11-17,590.3480627440906,590.3480627440906,579.9192623315893,582.5198974609375,768900
2020-11-18,585.4085152990261,590.5138541707024,583.7940378380674,584.6143798828125,509000
2020-11-19,581.193374393007,589.370641826977,578.8109147770207,587.7473754882812,471200
2020-11-20,588.2186159011608,589.728373308028,583.8376348399123,587.0753784179688,396200
2020-11-23,590.7146005901039,601.2917457608243,588.0616053867134,595.9420776367188,505400
2020-11-24,606.2397210337649,611.467196091014,599.1097625179896,610.2803344726562,652000
2020-11-25,609.250623318036,614.6090255667991,607.7670194905762,614.041748046875,401200
2020-11-27,616.7821053156262,627.3417776412889,615.3770679549413,624.077880859375,313400
2020-11-30,619.888951036225,622.4023370394095,608.9103450407522,609.451416015625,888400
2020-12-01,619.3305174534142,628.7906321592328,615.4295644256201,624.1827392578125,549500
2020-12-02,623.9817971878422,627.3067889695102,618.7281152211076,626.9140625,484100
2020-12-03,630.0981248905622,633.13302856213,624.3090604579331,627.5193481445312,604400
2020-12-04,625.7650321465102,631.7909394918818,610.9677832752969,617.0375366210938,816100
2020-12-07,616.3623915643857,622.3970808910959,613.1433231081326,622.318115234375,680600
2020-12-08,619.9496423500399,630.26474878177,617.0463303812469,626.20361328125,598200
2020-12-09,627.887966556773,628.159876102762,611.2224115207072,615.4677124023438,489400
2020-12-10,613.6342474429563,616.397187641198,608.9503279544102,612.5991821289062,438600
2020-12-11,607.2401024360979,611.3889843341256,604.7402909421497,609.7838134765625,488100
2020-12-14,614.4588266739669,614.4763329528972,599.4861399466283,599.8895874023438,658500
2020-12-15,606.5558924704243,617.616542492011,605.5121005735846,612.3975830078125,617300
2020-12-16,617.502601883886,621.7128361895238,608.3365369299653,612.5643310546875,849400
2020-12-17,616.6254420663548,622.4846930431737,613.3712543864615,619.265625,832200
2020-12-18,618.5111792971103,619.7829810104902,606.5382765027134,612.9413452148438,1610700
2020-12-21,608.7311391956649,617.0814739714903,604.4945659889861,612.9677124023438,631800
2020-12-22,613.9940552505792,617.2043434693206,606.7576967422689,608.3102416992188,596900
2020-12-23,615.7483763194979,621.1602808192811,610.6697871894944,617.1868896484375,752600
2020-12-24,616.9411497330858,623.502150503075,616.9411497330858,620.2918090820312,173300
2020-12-28,626.7912871076971,627.2561403471842,621.9494896898449,622.923095703125,272300
2020-12-29,626.0458290455371,627.4317162347817,618.9147228771224,619.50244140625,318400
2020-12-30,625.6599252667478,628.8527071704148,621.0111238883494,621.8356323242188,355300
2020-12-31,620.5548854506793,633.659272514066,620.0636924410968,632.8873901367188,361500
2021-01-04,640.8343080227589,640.8343080227589,615.7833541708719,623.484619140625,623600
2021-01-05,621.7215111371517,629.089460080152,618.6076953292975,626.7825927734375,431400
2021-01-06,630.449044313135,653.2808218065059,628.1158371457369,644.6586303710938,730700
2021-01-07,656.3945936537618,660.7188585908297,651.7194536421327,658.218994140625,656000
2021-01-08,664.1221833603757,666.0693955941683,655.5876311588328,663.5081787109375,622900
2021-01-11,660.3243744742496,675.7444133615771,658.2981960012078,672.4814453125,614400
2021-01-12,669.7009497388117,683.5596636986469,669.6921698283194,682.1825561523438,675900
2021-01-13,683.0245152637673,691.181853846886,681.1912809534213,683.9454956054688,848600
2021-01-14,657.8507875546402,671.7621260268141,648.2549352587351,652.1494140625,1642900
2021-01-15,650.9914609907743,661.7451349618427,635.0451674910807,638.3432006835938,1174500
2021-01-19,647.0793491609702,652.956158398172,639.4483252418759,643.5094604492188,852400
2021-01-20,647.9478633558539,651.2019971716745,639.5624620379775,650.4301147460938,747600
2021-01-21,653.2106486760093,654.1404088140694,646.4479245210093,651.009033203125,639600
2021-01-22,648.9916822540702,652.3510680371146,641.0272879148484,644.737548828125,565700
2021-01-25,641.0272688770217,645.3690941885632,625.9493287459774,634.1505126953125,806400
2021-01-26,637.6679073404104,643.7289358197592,631.5718127592194,633.159423828125,827900
2021-01-27,625.5721495513219,626.2650663267078,601.442178086509,612.0554809570312,1104400
2021-01-28,615.3096844384551,641.2027049693039,613.494010092838,631.4577026367188,822400
2021-01-29,627.4670028781321,628.9757022487632,612.7837780463568,615.0994262695312,801100
2021-02-01,621.0111287725691,626.2300889376808,615.1080316433096,625.5458984375,483100
2021-02-02,630.9840112330163,643.2200437599334,630.9840112330163,639.869384765625,879300
2021-02-03,631.5366338633337,638.0625145546957,628.510510118867,635.1153564453125,685300
2021-02-04,635.3084859747113,647.0269896463855,635.3084859747113,642.4571533203125,636400
2021-02-05,643.9833138992108,646.8690668319109,636.0276983850828,637.0890502929688,474900
2021-02-08,640.9044747718161,641.8342349751332,632.1068457068484,637.1942138671875,532900
2021-02-09,638.3345128187648,641.4571089124796,630.9665629843213,639.2554931640625,451000
2021-02-10,642.4220357411779,642.9132289045605,632.4139549612408,634.3173217773438,663100
2021-02-11,639.9746862278486,640.0536518660798,628.7912245573738,632.7909545898438,803900
2021-02-12,627.4579739819084,641.62371375188,625.1248203968441,634.1505126953125,862800
2021-02-16,639.1413820389633,647.0794360841331,637.6063971420953,640.5798950195312,571400
2021-02-17,636.78212110494,639.1679549107939,630.1948320932158,632.756103515625,567100
2021-02-18,628.4053326043401,629.0105574248006,610.9064922646203,617.09033203125,1078700
2021-02-19,620.5023838340227,628.5369646796404,619.6954352000723,622.8618774414062,804200
2021-02-22,618.7129410344062,619.2392001525476,611.5993953514026,616.7481689453125,829900
2021-02-23,614.4413124305978,618.9673015340129,603.7402640406317,616.7656860351562,926300
2021-02-24,617.9410403027467,625.5984046926432,614.3360316103783,624.6072387695312,583200
2021-02-25,626.475501091921,626.7123444417807,607.1084177830271,609.4240112304688,591000
2021-02-26,612.0554911892209,614.8886712311926,604.5911236657051,609.1697387695312,768500
2021-03-01,619.9762146339776,633.2647702070648,618.5640409355328,630.8351440429688,652800
2021-03-02,631.2999557042403,634.6944617167103,625.9318971944721,628.3001708984375,455100
2021-03-03,630.2559692235467,632.7470538300405,615.1341846508906,615.3008422851562,703000
2021-03-04,611.8069131240359,616.624394706579,596.8249309904163,602.8159790039062,915400
2021-03-05,610.4835698522478,621.1862269152472,591.4076176429585,619.6421508789062,698500
2021-03-08,617.2420833871307,628.3682393380758,614.8421743165607,616.7127075195312,649800
2021-03-09,624.6713544552181,639.9003637148651,621.0714904122942,637.0416259765625,959700
2021-03-10,641.1797199211937,647.2678121013455,638.9827291332108,642.7767333984375,823300
2021-03-11,646.2883152272312,647.3559526821082,634.6857214307231,637.1473999023438,751600
2021-03-12,634.6415812330958,637.5885297137032,628.659365213583,631.9151611328125,528700
2021-03-15,635.9034737735212,635.9034737735212,624.0449676067524,634.4035034179688,526800
2021-03-16,636.9885596886229,641.7972632017988,631.5357732796142,637.985595703125,562200
2021-03-17,636.4679456364651,644.4530654541619,635.1973898360731,642.529541015625,463600
2021-03-18,643.2089296772178,652.8792737103431,637.4473500221997,638.56787109375,640100
2021-03-19,635.5062213233894,653.4969204962806,629.5505012559532,643.782470703125,1452200
2021-03-22,643.7825121746607,649.5617560639951,640.1914268625192,644.911865234375,524700
2021-03-23,643.9059492586487,643.9059492586487,630.1327555110807,632.2503662109375,556700
2021-03-24,636.2473827650991,645.1589374503991,636.2473827650991,637.7032470703125,544700
2021-03-25,638.4090771166525,642.9354287690519,628.4564349366218,641.894287109375,462800
2021-03-26,645.2647890896475,668.9994046100376,645.2647890896475,667.8347778320312,803700
2021-03-29,658.7293011545302,672.2024304354335,657.2734365395086,668.6819458007812,581700
2021-03-30,666.211369785443,673.5876277125734,659.0645260276166,661.0938720703125,598800
2021-03-31,661.7203065021346,672.5553333266952,660.7321022523946,665.2408447265625,638100
2021-04-01,670.3758447706389,676.9138779051633,668.4523204718131,676.5962524414062,549200
2021-04-05,681.5551779536328,695.063635388572,681.0081381766279,691.7637329101562,593500
2021-04-06,693.9341368326988,693.9341368326988,687.0960866673937,689.7254638671875,492300
2021-04-07,691.1459751987385,697.2340131318433,689.098965407628,695.2752685546875,477100
2021-04-08,697.9221206324908,707.6365698914154,696.2368962236635,706.3924560546875,558500
2021-04-09,708.2278007131928,715.2334947856074,705.5014343939032,713.2305908203125,484200
2021-04-12,709.9306087941623,714.3951906570132,707.1954108783546,712.904052734375,482800
2021-04-13,710.010147113829,711.7130355975781,705.4485213266636,708.0601806640625,376200
2021-04-14,705.4486056306632,715.9041838422891,704.2221552665552,706.807373046875,552900
2021-04-15,716.6187020748889,730.4359487728636,714.6863996550317,721.6038818359375,766900
2021-04-16,726.8802248575814,728.3801948077179,710.733616225134,715.9658203125,774600
2021-04-19,715.6216366091785,719.5391788665111,711.5364497158286,715.6481323242188,491100
2021-04-20,712.2687864750228,717.7304041370917,706.604250413172,710.2394409179688,525200
2021-04-21,708.4749932125372,716.7953501595184,705.5015484550883,716.0365600585938,388500
2021-04-22,715.5774437700921,715.5774437700921,700.1543545475632,701.7337036132812,520000
2021-04-23,704.4779385997577,720.7833613236199,702.2368423218046,717.4834594726562,489800
2021-04-26,718.674687179448,725.5215693396059,718.2335226469955,722.0275268554688,478200
2021-04-27,721.4804963174022,725.8833097907672,717.0511871222687,723.9598388671875,328200
2021-04-28,723.395131305572,724.4098312787019,719.3628809877663,720.2276000976562,335300
2021-04-29,727.3036723497167,731.9006251215847,720.9244518913764,729.9683227539062,455200
2021-04-30,725.080424675089,726.0068594480061,718.021791962435,722.8922119140625,451200
2021-05-03,727.9215271460146,734.4507842034718,724.4363163363327,728.4685668945312,490100
2021-05-04,725.4949904477276,738.65049160196,722.6274213155232,738.0064086914062,557900
2021-05-05,741.2887691002176,751.8502219251145,740.2475734358324,750.870849609375,569900
2021-05-06,751.1797140493899,765.3234758312611,749.176863547442,765.0675659179688,666600
2021-05-07,759.1911561322629,773.8554595957568,757.2147478168256,771.0055541992188,474200
2021-05-10,772.4260679103653,777.1553382174321,756.526482797309,756.552978515625,566400
2021-05-11,748.4532153386057,754.6647919228993,736.7446926311092,744.7738647460938,671900
2021-05-12,740.9710820406431,749.9620170750687,723.4568722105354,726.5979614257812,649700
2021-05-13,726.5979301851329,745.7533121275808,725.362648046133,740.2651977539062,554700
2021-05-14,748.7884202030133,759.544011327486,745.9208513635025,756.0411376953125,481500
2021-05-17,756.0677649800431,758.9353343185611,746.529790349742,749.5032348632812,347600
2021-05-18,752.4676467395562,755.0969693063258,740.7856221517732,741.2797241210938,373700
2021-05-19,730.639068330823,740.2475909348775,724.4098272766107,739.8505859375,632900
2021-05-20,742.5239874424233,751.364941591929,738.2006074897134,745.462158203125,360800
2021-05-21,748.6738304435892,763.0822244343312,748.6738304435892,759.4823608398438,692800
2021-05-24,764.4940767604577,773.8820715215811,764.2469987573828,769.7086181640625,566800
2021-05-25,773.8907511457996,777.5965437489172,768.9144564705047,771.393798828125,625600
2021-05-26,779.4758849608647,783.7639908823447,767.9173968548787,773.5642700195312,616200
2021-05-27,775.3377382813809,780.3758560079173,772.1878174456745,773.299560546875,704600
2021-05-28,775.7787194646568,776.4492979293602,771.6317635801013,773.8375854492188,435400
2021-06-01,783.4199242396763,785.2639616533404,772.9290197245712,773.7230834960938,407400
2021-06-02,775.1084358027392,783.4641202245342,773.6349613126116,782.9964599609375,543400
2021-06-03,780.0798921027085,787.5261308965518,774.229314553892,780.9752197265625,430800
2021-06-04,783.5459822206275,786.2851504630029,778.1652509565938,786.1521606445312,647000
2021-06-07,787.7565837700693,788.9444565332465,779.6100652513339,784.4767456054688,400300
2021-06-08,783.8917438576107,785.8685742856364,778.3868957565337,784.0867919921875,303300
2021-06-09,784.9554197170871,785.8064354714452,771.0735667612161,772.0486450195312,463100
2021-06-10,779.8494237600322,780.5497573977863,768.857421119446,768.946044921875,423300
2021-06-11,775.364058174768,780.9043991042176,773.874821025519,780.6650390625,444000
2021-06-14,780.9663978775321,781.5869268353023,774.3357356722267,777.2255859375,363700
2021-06-15,778.8832002738229,784.4146672155879,773.0236954191121,780.9752197265625,442600
2021-06-16,780.0799217604186,780.0799217604186,764.939264493246,770.63916015625,595600
2021-06-17,771.2153823316986,774.9030090893415,763.4500325838527,770.1693725585938,569900
2021-06-18,754.3019633774746,759.5763792802886,743.744312473604,745.3133544921875,1059000
2021-06-21,752.5998331500706,764.3896665939884,750.8003046340307,763.4677734375,575800
2021-06-22,763.7336476104978,770.7100393818876,759.4698041279403,766.5703125,668500
2021-06-23,768.0950350612762,770.0629920761975,765.4267985081227,767.1553955078125,566400
2021-06-24,773.3871911022607,774.743438268116,763.2815887906903,768.857421875,662000
2021-06-25,772.8108897392713,777.6420767566837,770.0274101014743,774.7877197265625,742100
2021-06-28,776.507516435592,780.6827365763106,769.4602464985852,778.9630126953125,373700
2021-06-29,780.9043351525154,786.2762471135844,772.3766474206678,774.3446044921875,742800
2021-06-30,772.1018952380341,777.56243133391,770.7367747402877,775.62109375,575600
2021-07-01,777.4826210365072,779.858312500729,773.1567189360179,779.3973388671875,426300
2021-07-02,781.8706295693349,793.2792948626437,780.8246197329703,792.162353515625,430300
2021-07-06,793.3767713463227,793.9618075056338,785.4253005133434,791.3201904296875,527400
2021-07-07,788.8825816828347,800.2203172001425,788.8825816828347,798.6424560546875,468500
2021-07-08,787.7744269730343,787.7744269730343,773.6354660082734,776.9774169921875,629800
2021-07-09,789.4143248305863,799.4933078221519,787.8009712032311,798.9702758789062,764400
2021-07-12,798.9702995190892,815.8129349408447,797.4278773530369,811.92138671875,861900
2021-07-13,813.7651321070649,813.7651321070649,802.3032833075546,804.962646484375,590200
2021-07-14,784.538744993348,792.4813416018272,771.2064365064608,780.363525390625,993900
2021-07-15,776.6405082836916,788.474654156884,775.8959168061953,780.0799560546875,620000
2021-07-16,782.650486049572,782.8809187085635,773.8745672532046,775.6652221679688,983100
2021-07-19,760.2587269008131,765.5331411402376,744.3468603888879,749.1957397460938,946300
2021-07-20,751.2436281855373,781.2412746292293,749.054111368808,779.0517578125,899800
2021-07-21,782.6507366103053,791.2670487863979,782.0302076100567,782.4556884765625,445500
2021-07-22,783.4309195623426,784.4857486591999,767.909089924324,768.4320678710938,601000
2021-07-23,772.3943728578739,778.3779404092408,769.2562894704746,770.2846069335938,528500
2021-07-26,769.2030556271935,776.3035639950086,768.5027761322026,772.5361328125,414400
2021-07-27,767.3415380339062,771.0203454906741,760.4183312309445,764.017333984375,476100
2021-07-28,763.7868132482535,766.0472610805355,757.1384054445524,762.9801635742188,389200
2021-07-29,767.7935839085704,773.3073039967678,759.4786377748583,770.674560546875,335200
2021-07-30,769.6641120741953,775.8338548114268,765.8878072844605,768.7067260742188,503700
2021-08-02,774.1407243477014,781.4717205686807,772.5008051216143,774.1052856445312,386100
2021-08-03,778.1209153625776,781.6135484331073,769.1499996980501,780.2661743164062,391600
2021-08-04,779.0959607936478,787.6590869332591,776.6227182629316,781.8616943359375,390700
2021-08-05,785.1326914027545,791.7012948553963,785.1326914027545,788.3062133789062,349400
2021-08-06,788.9444859970062,797.8090307834893,786.8081545096143,794.343017578125,472000
2021-08-09,796.0273479701096,802.7644353115687,788.9179648505237,799.555419921875,347000
2021-08-10,799.5464152352603,812.8077381855587,798.7485846481418,808.9428100585938,382600
2021-08-11,813.4106645315035,817.6125045006042,810.5296872755491,812.9586181640625,349200
2021-08-12,810.6892593895242,815.5381395313914,809.9711793042435,814.243896484375,299100
2021-08-13,812.0809246126768,815.9635995497298,808.8985833394739,812.754638671875,292700
2021-08-16,811.8505223095234,819.9438022099728,804.0231138362279,819.8729248046875,320600
2021-08-17,813.552483509522,816.8146295485973,798.7841213690757,806.3367309570312,381700
2021-08-18,801.7270232219613,809.4480600414554,799.2892737742255,799.5020141601562,384000
2021-08-19,791.2580553559939,805.6008811706417,787.6147407278944,801.1597900390625,427500
2021-08-20,803.030301092252,817.8429215493701,801.0002856067782,813.0294799804688,384700
2021-08-23,818.1531476791579,827.8864002531319,817.8074174575426,822.505615234375,351300
2021-08-24,823.5162638567947,827.6648645922484,819.784270782869,823.6846923828125,288500
2021-08-25,827.5495744249014,838.4618269812637,824.6597241443161,832.8417358398438,329900
2021-08-26,835.4035096251221,835.5719381338511,828.0991336558135,829.614990234375,272300
2021-08-27,832.2035356147054,846.6793538246791,832.2035356147054,846.5109252929688,454600
2021-08-30,850.3846146764937,850.8987734059011,839.9865213109844,840.4297485351562,284000
2021-08-31,842.2557776813711,845.0037646176892,833.3114291801418,836.1835327148438,595000
2021-09-01,837.6993910258752,839.9066537803687,830.616629170173,836.6533813476562,324200
2021-09-02,841.5732669947668,846.4310201256567,838.6745435948229,842.7256469726562,349400
2021-09-03,841.0875611045897,845.2186699790633,831.6679351327934,834.4813842773438,418700
2021-09-07,830.9288198519628,832.8964515557421,817.8322145421099,823.396728515625,357500
2021-09-08,824.7143578754018,827.8928146617513,817.8677779591319,822.96044921875,258500
2021-09-09,822.0345810281257,832.4335391268886,817.867879122663,821.0018310546875,478300
2021-09-10,827.260629451811,827.6167800535954,814.662603442736,816.0870971679688,332200
2021-09-13,821.989944846804,822.8357617779292,806.6318873882527,815.7666015625,422800
2021-09-14,815.5352011351815,816.3186890818021,798.8327466182525,803.0261840820312,574200
2021-09-15,803.070605391706,813.6387253082872,801.2899610338529,809.881591796875,494600
2021-09-16,808.5283675866531,809.6768637524696,787.1428092672721,792.778564453125,726600
2021-09-17,781.7118032797791,790.2143694190129,773.5208281740693,780.483154296875,1272100
2021-09-20,759.5161903210834,763.5671460641471,748.9925738342229,763.2466430664062,767800
2021-09-21,767.2262664379315,768.8288355767476,747.2296640175967,752.5359497070312,596700
2021-09-22,762.5164406998489,764.7689275543216,754.824044035222,757.7086791992188,544100
2021-09-23,766.5675554220226,784.6678242980382,766.4696330038117,780.07373046875,526000
2021-09-24,774.580440696413,780.4565464411728,771.8738803284506,778.6937255859375,322500
2021-09-27,777.2513085884395,779.6284537325721,772.8175212618866,779.4503784179688,416800
2021-09-28,775.1235089938269,777.928046063613,761.6351583282373,766.1846923828125,642500
2021-09-29,767.0927872277629,769.3808676377666,762.0179394291157,762.6233520507812,547200
2021-09-30,767.6001845640603,768.0453456759619,746.2324511927859,746.6776123046875,562700
2021-10-01,750.719786855855,756.5246513976439,733.1715144649341,749.553466796875,477400
2021-10-04,745.3065887996128,751.4676038122791,728.9335488942846,735.0144653320312,596000
2021-10-05,738.2017657690479,751.2895130449507,732.6550214825018,746.7844848632812,445200
2021-10-06,738.0059671058691,745.920945624268,730.9190361705325,745.689453125,472500
2021-10-07,752.7853124164028,761.2789674143543,749.1706061291995,749.9629516601562,434000
2021-10-08,747.8352353463063,753.8003520546715,744.8259412360063,751.7882690429688,350300
2021-10-11,748.8322777399851,766.2202435939524,746.6509772879426,747.6303100585938,531600
2021-10-12,750.888907833904,750.888907833904,740.3563802275012,744.4785766601562,823300
2021-10-13,767.457905322608,780.9284875208494,758.5635932814633,772.6306762695312,1453900
2021-10-14,785.2642857592251,798.3698042179395,772.1320315472652,794.62158203125,802800
2021-10-15,805.3944693056982,814.8496880960504,795.9748981867357,807.7538452148438,1023000
2021-10-18,803.0706352672221,807.6735858880423,796.4021305935361,798.0046997070312,541000
2021-10-19,800.6846890169417,805.4212103611446,796.6871504264279,802.7591552734375,408400
2021-10-20,805.9642970222607,806.462875358241,798.6725548954464,803.8987426757812,380500
2021-10-21,803.8987157200824,810.0597308811737,802.0913896906167,804.60205078125,333100
2021-10-22,805.5636015390415,815.5886392739416,801.298977309313,814.6181640625,372100
2021-10-25,817.796519907415,829.7179470014413,811.991656215475,823.3165283203125,452400
2021-10-26,831.1514911349816,835.9503415513876,826.5307160533571,829.406494140625,377800
2021-10-27,828.1688416107311,836.3241693699861,816.0604809560491,816.6658935546875,452800
2021-10-28,815.7489300604612,833.1903685673273,815.7489300604612,832.8787231445312,352200
2021-10-29,828.8723211650913,843.9009674539731,828.4984009768016,839.9835815429688,484700
2021-11-01,843.3044616875426,845.2542698835584,827.714908037817,833.5465087890625,399200
2021-11-02,832.9410746277775,846.6253249799532,830.0920322021188,843.8920288085938,381700
2021-11-03,847.738310721109,849.1450354054566,840.7314773974655,847.3198852539062,387200
2021-11-04,851.0679745425384,858.3508588506867,843.2331490910117,849.403076171875,351000
2021-11-05,856.7661057686962,861.778624989263,847.0170650847801,850.3557739257812,340100
2021-11-08,854.7094202813379,860.7903368931837,852.492526417037,859.9356079101562,372400
2021-11-09,857.1310911220206,865.1974636336646,848.3881736240525,860.7191162109375,394100
2021-11-10,856.4901444714797,857.522894540235,846.928090638359,854.0061645507812,340400
2021-11-11,853.6054163336827,863.0072176402366,852.9376746092372,859.6951904296875,266900
2021-11-12,864.965761626107,866.4258486007714,856.7658753550907,864.9390258789062,387500
2021-11-15,864.5119644447702,864.9482137272885,846.7055164009764,848.69091796875,678600
2021-11-16,848.6908009064414,851.709006475387,837.9980216364736,844.871337890625,472100
2021-11-17,840.865003283189,842.5477256644931,821.0196821680224,829.3709106445312,677300
2021-11-18,832.344534387762,837.3748772292391,817.9658071916886,821.562744140625,681600
2021-11-19,821.2333763965013,823.9844420907775,810.220093019206,814.6004638671875,738700
2021-11-22,819.0965007143993,827.9195706327246,812.8375089785407,818.5,520600
2021-11-23,821.1176103112408,833.9293076159332,817.5474089967188,832.834228515625,686100
2021-11-24,830.0653564985797,836.3866235738051,823.628343168259,828.6408081054688,438900
2021-11-26,803.7561905043666,813.8079085873924,798.4854439508052,802.7501220703125,543200
2021-11-29,814.4490811778875,832.2377038123728,806.4717735965528,826.2191162109375,610600
2021-11-30,818.7492431228484,823.5391812444054,803.0885049497717,805.3944091796875,1057500
2021-12-01,820.4319694919811,827.5011304694897,801.0941959257598,801.5838623046875,707900
2021-12-02,802.6344135464645,822.7111692470418,802.3227681570091,818.0725708007812,630700
2021-12-03,821.8564817268117,822.6577935218208,790.4103463572561,800.9072265625,641300
2021-12-06,806.0859744193505,810.3077063473804,796.4172021810394,802.0342407226562,442800
2021-12-07,815.45065918987,826.8814296230261,812.6153354878884,823.697265625,616200
2021-12-08,830.4591606166457,833.7506517558104,818.3486153987736,826.326904296875,413500
2021-12-09,821.8815700416633,829.0727568636704,818.1249587259666,822.051513671875,376600
2021-12-10,828.1693985634812,831.103150874913,822.4092756078411,827.4896240234375,453500
2021-12-13,826.4610882181067,827.7937782728911,817.6330811412925,820.7814331054688,463300
2021-12-14,813.9302283173957,818.8138293402772,798.7606958377561,807.1146850585938,828900
2021-12-15,810.1287736530334,818.6079400360343,796.980661191574,818.3217163085938,465900
2021-12-16,827.7579276164197,834.5555632695964,819.627547466857,824.2606811523438,474000
2021-12-17,820.8439680207362,826.4341469506096,808.0268450762678,817.1231689453125,724700
2021-12-20,804.8964512027067,805.7997783801676,790.9701890619497,802.5619506835938,549500
2021-12-21,809.3774979732459,817.677822995991,805.20948400912,814.7083129882812,381500
2021-12-22,815.3255232329989,821.3271601964608,812.1592649010104,815.3076171875,350300
2021-12-23,817.3111007658723,825.8618371328572,815.7995140476272,817.436279296875,416300
2021-12-27,821.8011428066889,825.6740346657252,815.7190380901262,825.1731567382812,410900
2021-12-28,826.2554193441434,830.9779747706021,823.8851613129322,824.5023193359375,385200
2021-12-29,824.0102595045869,825.5218460327311,811.8549507260087,813.6795654296875,392000
2021-12-30,815.4684215275378,821.1391229034044,810.7726713513978,817.2930908203125,315900
2021-12-31,818.706511138265,822.7135348364836,817.060738067009,818.9032592773438,215100
2022-01-03,821.3897548237488,824.7259567240566,809.8426486326683,815.4775390625,470800
2022-01-04,820.8350317063046,829.5646640355243,819.7975184961035,820.3878173828125,495800
2022-01-05,821.2196024847324,827.7936305503615,796.7838077255996,797.6245727539062,573300
2022-01-06,799.0468277920695,803.3579807712752,790.7018471446503,800.9519653320312,637000
2022-01-07,800.7551242259356,801.9715340412738,790.6748962579534,798.0718383789062,643300
2022-01-10,794.8787925187087,795.9252588066779,771.7488795576938,781.140380859375,788500
2022-01-11,779.7181978139932,795.066569864226,770.7918171024215,794.422607421875,744500
2022-01-12,801.0056853538675,804.9590452873842,787.8665243535675,791.6678466796875,650900
2022-01-13,796.6944559394387,797.0790537282201,772.8937214103697,775.9884643554688,795900
2022-01-14,755.792163850989,768.0905570497478,744.942740610866,759.0120849609375,1239700
2022-01-18,746.8478976763212,751.275330263499,737.1791264780913,744.1646118164062,1018400
2022-01-19,751.3201072503407,751.3201072503407,737.9036767637274,738.3508911132812,795100
2022-01-20,740.7301173371345,757.2860028546903,736.7767573996375,739.2901000976562,945800
2022-01-21,738.7087745123397,738.7087745123397,714.4607680329676,716.3659057617188,1248100
2022-01-24,697.2607729787934,705.1764444309197,674.4438901428583,703.7543334960938,1688700
2022-01-25,692.2967127490336,720.6411582218224,683.2271933374359,714.2459716796875,1220000
2022-01-26,725.3817156168428,733.4047152933725,701.312661995655,711.4912109375,942700
2022-01-27,722.3943118730473,728.5748452066724,700.9548805932178,704.7741088867188,696600
2022-01-28,701.9029084179634,723.2261122237817,691.0803431990327,722.8236083984375,602800
2022-01-31,720.2030135507213,736.7141337981386,720.0241168774062,736.0612182617188,611200
2022-02-01,740.5064021550204,743.556434433331,733.9413264126708,738.7533569335938,631900
2022-02-02,742.4205475981371,742.518921655285,729.433479715111,735.6765747070312,1030400
2022-02-03,730.3011839503532,736.7678873138143,717.770226548036,720.7039794921875,582600
2022-02-04,717.3318545976207,731.1418366254084,713.12802857131,724.3262939453125,667400
2022-02-07,724.4872653026276,737.6890419827977,718.8881327645222,730.6766967773438,568500
2022-02-08,729.8360060055492,731.5354425883877,716.6879461161452,722.1528930664062,971600
2022-02-09,732.7606500904792,737.7873345891983,727.1436121287271,727.1704711914062,1197800
2022-02-10,718.8791504159967,724.5319462631885,688.8979379799524,696.0354614257812,2082100
2022-02-11,700.4986394939267,702.117553203597,687.153779017947,690.9371948242188,1271900
2022-02-14,684.2379636569846,692.1715419532352,673.4601086118179,680.0430908203125,951400
2022-02-15,694.2555595749071,701.4556996056806,692.6903093685827,698.71875,550400
2022-02-16,695.1230779398666,704.5861480607808,694.5685365607036,700.7132568359375,627200
2022-02-17,692.117878626883,695.5166968101263,680.5976324626803,682.0018920898438,497600
2022-02-18,680.3024377342931,684.6762071172407,673.0128766876419,676.2059936523438,494300
2022-02-22,670.8215831020676,678.3348066694508,658.9704018005978,666.7787475585938,690100
2022-02-23,671.7160424080561,677.4851192032501,653.9795036590893,655.16015625,814100
2022-02-24,635.2948207479577,657.1098944790033,630.9031454151474,654.533935546875,1173900
2022-02-25,658.3442904186545,671.689152486376,655.9740869144705,671.5997314453125,676400
2022-02-28,661.9489784453237,668.8002800354942,657.7809090561593,665.3567504882812,795800
2022-03-01,662.1903727064067,663.4068374236596,636.5471130389267,639.3466796875,863400
2022-03-02,643.9886116883271,667.0648593555072,642.2176604754933,660.1240844726562,948200
2022-03-03,668.111466542444,673.0576840993291,652.5484378976336,659.8291015625,694400
2022-03-04,650.0776613825143,653.1479485946667,626.2264828484309,627.1989135742188,2160700
2022-03-07,626.6678126026819,631.8450251349598,607.6156946641547,609.62353515625,1154400
2022-03-08,607.7598701602197,610.7311296455308,594.3891749987504,596.8381958007812,1180200
2022-03-09,618.5192986418581,632.4122283722342,612.2616138038676,624.1917114257812,1432500
2022-03-10,613.6481746654764,635.5095417740891,613.5041372923187,627.7482299804688,1007800
2022-03-11,630.6024863469078,634.7532470091085,617.8440493536973,618.600341796875,814600
2022-03-14,626.5687659556004,639.6243450199818,625.1911508896575,628.04541015625,758700
2022-03-15,632.5923045374724,643.7750672411362,630.5934219058787,637.1752319335938,639400
2022-03-16,650.7621431858743,659.0456945449558,640.6147886493646,658.2803344726562,1162300
2022-03-17,649.2315484134107,669.0130336884652,649.2315484134107,667.1221923828125,544800
2022-03-18,668.4906697052745,668.4906697052745,656.7226344092047,665.0151977539062,1227100
2022-03-21,666.1767485144481,669.8683044246002,655.4171385449249,660.7294311523438,589300
2022-03-22,666.5008422687142,674.5052764105237,663.9347675449328,672.4703979492188,565600
2022-03-23,672.4434726606821,672.4434726606821,656.9838245953048,663.0974731445312,761300
2022-03-24,666.3207761731574,669.3461109967492,661.1796139160383,664.7361450195312,463000
2022-03-25,666.2486934115474,669.8502322710949,662.070895145243,667.2210693359375,419800
2022-03-28,670.3364674882066,677.3774830495882,666.2847359855915,675.1805419921875,448900
2022-03-29,689.4967867506679,699.3829955340694,686.2373427988717,696.213623046875,795100
2022-03-30,699.1937862333733,705.0643125536772,696.1865318588913,699.923095703125,791800
2022-03-31,705.5775166797998,706.3338090927873,688.0469970703125,688.0469970703125,931600
2022-04-01,691.4954532868877,697.64509620811,688.3981277041687,693.0801391601562,683300
2022-04-04,694.6469924912938,710.0886164451249,693.0263105640004,704.30810546875,882000
2022-04-05,702.057004015598,703.4346191017518,686.264274823662,688.2811279296875,754100
2022-04-06,677.3144935547109,682.5637525412484,663.655670966441,670.9937744140625,845600
2022-04-07,670.9938669084488,678.2059592389674,662.782360460441,674.289306640625,475500
2022-04-08,672.5873471903014,672.5873471903014,661.0624344275959,662.7731323242188,820900
2022-04-11,659.5768547425255,664.1058165310461,654.8408220417695,655.822265625,591700
2022-04-12,655.8402482726758,662.5210874693664,640.5697037251183,645.4227905273438,955300
2022-04-13,645.5758998878115,654.6337687535832,640.2456372733839,644.44140625,908700
2022-04-14,644.6845350832066,647.6557939581861,619.5908148839924,619.6177978515625,1103900
2022-04-18,618.5642895866844,622.6070081013529,609.9746393229922,612.2615966796875,834100
2022-04-19,613.6121942163237,634.4650804073831,613.6121942163237,631.6829223632812,998200
2022-04-20,637.2112668953697,639.984412164839,628.0453573723719,629.368896484375,928200
2022-04-21,638.3457720839008,638.4628265018916,611.9645089801869,613.5762329101562,804900
2022-04-22,613.1620082254848,615.7010997880818,596.5319284484011,596.9010620117188,797000
2022-04-25,594.5239389500681,602.42934209739,583.4492193878949,601.7090454101562,1138200
2022-04-26,596.649050676548,602.2044652357436,582.422979841695,582.5940551757812,806200
2022-04-27,581.7747116241987,590.2473093405463,577.831021371557,578.9655151367188,631800
2022-04-28,585.2501272327615,589.2118423837728,575.634024044537,586.1234741210938,1127300
2022-04-29,584.3857539868449,586.4026621811488,561.1378109341385,562.452392578125,1011600
2022-05-02,566.9814065626056,567.9177870935846,549.2348000429434,562.5604858398438,1537000
2022-05-03,567.7016377223588,577.7769459866398,562.8845459956176,568.1968383789062,887200
2022-05-04,569.3313126293731,600.0974452796524,567.2424133380212,598.9629516601562,1038100
2022-05-05,586.4115592789813,591.4627594513337,564.2080957046419,570.6728515625,889500
2022-05-06,568.4129025536686,573.6351233043814,555.5014155394833,565.9998779296875,725700
2022-05-09,555.2852693718276,562.1552095682355,543.328188194368,545.2369995117188,1079400
2022-05-10,554.1868177140886,562.9835943721356,536.4762649383454,549.4417724609375,1179800
2022-05-11,544.5166869714619,559.4900896715143,539.906721475229,540.5459594726562,1170600
2022-05-12,533.9281345627925,544.5887137400503,527.6704498193038,540.5910034179688,1117500
2022-05-13,546.2363898886501,561.2998638221122,543.0130521162882,554.0337524414062,1684400
2022-05-16,540.2307753015,544.8767357888418,524.9692449082094,538.97021484375,2287300
2022-05-17,554.3759678931854,563.0736612402324,538.7452453535818,550.7833862304688,1564500
2022-05-18,544.6337736957936,545.9933635337045,528.8950100559858,532.9017333984375,967300
2022-05-19,527.1752515662462,539.6635831890061,524.5461435812235,534.0001831054688,1301100
2022-05-20,537.394730111671,546.6957219406406,528.6610401471388,540.6271362304688,1200800
2022-05-23,548.9917097628487,554.0698941790928,540.086944182097,550.5944213867188,918600
2022-05-24,547.6499923383568,560.2373531162156,535.3057530201104,556.7528686523438,1133600
2022-05-25,553.7365897496389,570.4477275607891,553.7365897496389,564.1810302734375,959300
2022-05-26,568.4309592469046,587.8972749359383,568.331930104526,587.4470825195312,1651200
2022-05-27,591.417710999661,605.7068128260108,590.7784729876921,600.1334838867188,980700
2022-05-31,593.9568522716036,605.2296880589082,589.2028488910199,602.4295043945312,2519000
2022-06-01,605.670863848701,609.1103405109466,593.2095685146722,594.7131958007812,919900
2022-06-02,596.4238229221831,620.5451649334464,595.613509640834,618.1051025390625,955500
2022-06-03,610.7870090578066,614.3055182106613,605.654369302078,609.1547241210938,788500
2022-06-06,617.1802360911513,623.854500064563,611.3039326082168,612.4193725585938,605300
2022-06-07,604.9198013139944,616.7086050838209,604.7202696997074,616.2914428710938,545100
2022-06-08,611.331198373394,614.3055759277496,600.5761936264311,600.6940307617188,481900
2022-06-09,599.2068220471738,607.8217177615502,598.0188754836608,598.3724975585938,969000
2022-06-10,582.8022946920261,588.17072013532,560.1224365234375,560.1224365234375,1149800
2022-06-13,544.1894198545323,550.0929002440186,533.1079683662533,542.93798828125,1226200
2022-06-14,541.1151625879296,548.1884335358902,532.5455983044928,536.1456909179688,750400
2022-06-15,542.6658479488832,553.810837520827,534.8308693591155,544.0079956054688,922800
2022-06-16,527.1499714764534,532.1466195695243,521.9719460981573,531.1944580078125,1005900
2022-06-17,532.6997758052543,539.4284469354337,525.1458573953327,528.011474609375,1436700
2022-06-21,541.1513717665266,559.3877289666989,540.2445408125818,557.2838745117188,1130200
2022-06-22,548.8957964086675,563.976402573964,546.9279883482313,552.5140991210938,942900
2022-06-23,556.2592940696535,570.1157011744668,552.5594626776377,566.5065307617188,849900
2022-06-24,573.5163690610517,587.9350083544763,573.2715069072659,587.4271850585938,1013800
2022-06-27,589.4402861748928,591.9340720010173,574.8040171699051,577.5789184570312,637200
2022-06-28,582.5482972889282,587.6265291047239,568.1296612409097,570.5055541992188,518300
2022-06-29,569.1362630306893,571.0406415821035,556.603850374513,560.3853759765625,535200
2022-06-30,550.319562402532,558.4629441216667,540.7615815902367,552.2964477539062,721800
2022-07-01,550.6731720604477,561.5732993284624,549.5214788799583,559.2427368164062,502700
2022-07-05,548.605593520872,563.305345832478,541.8315916536249,562.88818359375,572800
2022-07-06,564.5476187766901,566.1708816633127,553.1124933367697,557.4652709960938,512800
2022-07-07,561.5190345223577,568.4471836551163,560.5396412114667,565.5906982421875,507900
2022-07-08,561.1742737213533,565.3638287411246,555.7695407421787,561.8362426757812,347000
2022-07-11,555.0167599928404,556.6944303545331,547.4809974836909,548.6326904296875,460100
2022-07-12,545.9123610435657,558.99792810582,544.7788220879105,547.0821533203125,499700
2022-07-13,539.5644866642309,544.1439724981365,528.9092215914499,540.81591796875,601500
2022-07-14,530.3872867930669,536.1365639810776,526.1705007653239,533.7879028320312,1136500
2022-07-15,539.555448167291,547.5446282528372,530.9587067188867,544.4342041015625,1053000
2022-07-18,549.0498661327916,556.2228743224472,539.156309847531,541.8587036132812,830900
2022-07-19,551.643561531068,570.9862865003105,549.9477916170904,569.79833984375,922700
2022-07-20,570.3695999145895,579.7371818168837,568.1206762240424,575.5929565429688,671500
2022-07-21,575.1485752834496,582.6117778788315,572.0018977845424,579.7462158203125,722000
2022-07-22,581.6777021661081,585.0239109041586,569.0183209732664,574.6044311523438,512600
2022-07-25,577.3975213344584,579.7190622857653,570.5872656775908,576.8806762695312,472100
2022-07-26,575.0486230075412,575.0486230075412,562.4890384932377,564.9011840820312,498500
2022-07-27,570.224500386825,586.1937838554427,567.168483800789,583.3826293945312,468600
2022-07-28,587.2910746775982,602.0814888368507,579.2928171215079,598.4904174804688,550900
2022-07-29,599.3337407591378,611.9659471696864,598.689926076723,606.833251953125,894300
2022-08-01,599.6874513372861,611.9296723300195,594.4096872008112,608.83740234375,569900
2022-08-02,601.9363364946455,614.7317092320708,601.2199045473441,604.0945434570312,711600
2022-08-03,610.3608123228878,627.0192951256925,606.6065183024268,626.203125,901800
2022-08-04,627.9715107749904,634.2195908469879,626.6838260056212,631.16357421875,746300
2022-08-05,623.2197155800102,634.7818128861509,622.3491377397056,631.0910034179688,549000
2022-08-08,634.7818155615756,639.5970868342495,629.5584591948959,631.3993530273438,490600
2022-08-09,630.4742663837386,633.484952010672,624.7974953452094,631.6168823242188,486200
2022-08-10,644.8567732824946,657.6975351038446,643.8955343470237,657.6431274414062,822200
2022-08-11,663.9000511079483,668.2256528261958,659.6742428677694,660.762451171875,692300
2022-08-12,664.253835834974,682.3360516824317,660.2003270491435,681.7828979492188,765900
2022-08-15,675.7797180549558,688.3846388909723,674.2743472241378,685.4011840820312,720500
2022-08-16,679.2619247952794,692.5197930092004,678.4639088814287,686.5347290039062,664300
2022-08-17,675.108575585311,677.212430544728,666.1037486953993,673.9750366210938,594100
2022-08-18,670.9464306417029,678.2736439603184,665.7774805150841,675.7888793945312,785600
2022-08-19,667.4640801596844,668.5613659417917,645.9449914435643,647.3414916992188,774900
2022-08-22,633.9566019552243,636.758679164671,627.7266211426361,630.29296875,675600
2022-08-23,628.0531110748934,638.4544374289297,627.5271335289578,632.0340576171875,403500
2022-08-24,630.1479112123313,638.699322316429,629.3498953723117,635.1626586914062,386000
2022-08-25,638.1279864183259,645.5640125948016,635.0628928366776,644.3941650390625,363700
2022-08-26,646.8880481376154,647.7223727361342,612.8093697142424,613.4169311523438,633200
2022-08-29,609.3451133617771,616.3004917693484,607.7128285997694,612.9180297851562,379500
2022-08-30,617.5973764091842,618.1505301563766,606.1350167813007,610.04345703125,486400
2022-08-31,615.4208570824685,618.5403578187779,603.07884557296,604.3031005859375,651400
2022-09-01,599.6057324720593,603.4597641387354,590.156513805379,602.9065551757812,485400
2022-09-02,613.9791211636829,616.2190229764983,593.1129266981864,596.7493286132812,502000
2022-09-06,602.0573654667486,609.5854719410444,591.9345927428938,604.4692993164062,656300
2022-09-07,606.6528789137944,618.6485342073403,602.8157212650428,615.9716186523438,482700
2022-09-08,610.5172926331132,632.608282029756,603.3089269286618,632.142333984375,860100
2022-09-09,634.9563689831608,640.6572632877783,633.0195281171588,635.3766479492188,536600
2022-09-12,636.9752669553002,641.1686873187039,630.6074040628291,636.6098022460938,756400
2022-09-13,615.8254313154296,616.1086470245937,587.7320389148468,589.1937866210938,1239900
2022-09-14,594.3921146890126,599.1794575602914,581.7478373145008,587.9786376953125,831800
2022-09-15,586.0966142629359,592.9029352277136,575.6906272031208,577.709716796875,778000
2022-09-16,569.9348757634668,574.173965441245,562.644261592105,572.5934448242188,2693900
2022-09-19,567.1850117167339,581.4372462309316,567.1850117167339,579.8932495117188,566400
2022-09-20,572.5295127826105,575.2886210181623,565.8601994783116,568.5462036132812,561600
2022-09-21,574.9689410015045,577.5452613725521,555.1253856670737,555.5548095703125,816600
2022-09-22,552.9143818672513,555.4633226228643,541.3755332190267,548.6204223632812,854700
2022-09-23,541.9785504509169,547.4693322525978,532.723715828248,540.2975463867188,978900
2022-09-26,539.0276634930962,542.4902109520272,532.5593159177917,534.139892578125,692600
2022-09-27,542.0609242821737,544.3814643282908,524.3735187940545,528.6126098632812,769400
2022-09-28,531.8740521588567,537.958700063511,526.3741813081817,534.8524169921875,885400
2022-09-29,527.5801588333719,529.8276502163217,511.3454141687852,515.2008056640625,877300
2022-09-30,513.0903761426708,518.5263443073894,502.08143233740964,502.7392578125,851300
2022-10-03,507.0514637269642,528.4572512609586,496.2983004271169,523.2405395507812,948900
2022-10-04,533.1439687666169,540.2518509275083,531.9836711860178,540.2152709960938,778800
2022-10-05,530.8873220611506,537.4195713437681,524.3550170164494,532.7693481445312,556600
2022-10-06,530.0744043832321,534.4597036194839,521.4499583883584,522.2265014648438,566700
2022-10-07,516.0321764668538,516.0321764668538,499.7334182424121,502.8488464355469,625900
2022-10-10,509.381141652301,509.9201938625501,494.56247538879705,498.4087219238281,512400
2022-10-11,488.9437565692786,496.04249454569543,481.4156504471758,485.2528076171875,932700
2022-10-12,485.2619419594236,491.91296591443836,481.4704540298719,485.2162170410156,797100
2022-10-13,461.4258870110341,517.9233118368053,459.65348897583715,517.1284790039062,2345300
2022-10-14,518.2431502592568,532.3400881398635,500.28167574813426,503.35137939453125,1276400
2022-10-17,517.1010924462012,525.0768564699196,517.1010924462012,520.0703125,890900
2022-10-18,539.0275645590214,539.2559660694277,523.6515592650803,530.8599243164062,800600
2022-10-19,531.4722167862825,537.2827956897272,523.9258192338035,527.97314453125,815400
2022-10-20,530.2296155355644,539.7037071846025,520.0977542011074,522.91162109375,820800
2022-10-21,524.1999188137568,546.738571232727,521.6143973012357,545.6605224609375,830800
2022-10-24,553.471809742225,561.8678535567523,550.6761767989145,558.6154174804688,948900
2022-10-25,557.2997716436352,581.3732722614357,557.2997716436352,580.9987182617188,956000
2022-10-26,580.1399727169593,586.2154766258433,579.2538014142078,582.6980590820312,1069200
2022-10-27,588.0242781794527,600.4492984030439,586.4163225773691,592.9120483398438,943600
2022-10-28,592.7477038016764,607.5389907194397,589.7693386054646,606.4061279296875,862600
2022-10-31,601.1619050486755,605.3919053745484,589.4768483863944,590.1072387695312,1037400
2022-11-01,600.0016263184921,601.2806970889857,592.4826663963817,595.671142578125,771100
2022-11-02,594.2917647092056,605.9219552902495,582.7894923955513,583.620849609375,1061500
2022-11-03,572.3193405959438,583.4470549013829,569.1582437852028,579.0526123046875,717200
2022-11-04,590.2536018596892,603.3364501670794,587.1564632618388,599.4627685546875,707300
2022-11-07,603.2084586623762,619.9457299697982,598.9144986183054,617.871826171875,798500
2022-11-08,619.4341896117127,631.6673908228732,616.510638425654,627.035400390625,1084300
2022-11-09,618.8493682738674,623.8376777249749,609.4300914797469,611.7689208984375,539200
2022-11-10,640.1820438796525,696.3688194029651,639.6521924868376,694.1670532226562,1795700
2022-11-11,683.3773813755446,717.7746742803672,683.3773813755446,707.8163452148438,1278600
2022-11-14,694.3406548067767,697.0083690776485,660.3636407969983,677.1192016601562,1183000
2022-11-15,691.654585725117,694.2949205609962,669.0336912752451,676.3516845703125,851300
2022-11-16,669.6733182444764,669.6733182444764,657.9152113741937,664.2191162109375,806400
2022-11-17,653.5114673484443,659.1666903876588,648.8338093634167,658.9931030273438,781200
2022-11-18,667.1425852237354,667.5263399463278,656.8736612635922,658.3536987304688,626800
2022-11-21,654.6719471571937,665.562117460246,653.6669468787875,661.1768188476562,656800
2022-11-22,664.365167944113,673.3550757707609,663.3693128409545,670.0843505859375,605500
2022-11-23,668.2846642999219,676.9822134146539,666.2564852441632,672.70654296875,489000
2022-11-25,671.0072867752617,675.9315822327305,664.7856302547816,674.0404663085938,301600
2022-11-28,665.1053639118766,672.6882847930669,657.2848964787814,658.8654174804688,480100
2022-11-29,660.0438860155047,662.1543138854059,650.0764121934093,652.3147583007812,698400
2022-11-30,652.31481643762,655.7773638062606,633.3940122618325,654.1420288085938,2757000
2022-12-01,656.7458225834764,662.3645232580222,649.7567683125652,659.7881469726562,1103900
2022-12-02,645.2527330797371,651.8032745737453,639.2503330555656,651.3829956054688,1142800
2022-12-05,647.7468383762093,652.4701671272852,638.3823742106858,651.1820068359375,1100300
2022-12-06,650.5471836140896,655.2755056233551,643.9790528366905,653.3988647460938,841000
2022-12-07,650.5931134155659,663.8581178079346,648.256576687391,652.3593139648438,877800
2022-12-08,653.13204301441,657.7131483914895,645.0000644222768,647.0974731445312,625800
2022-12-09,644.3194134330009,656.8485066613308,643.9330693124357,650.326416015625,549000
2022-12-12,649.1489704635144,654.1900851297322,645.8005608700496,652.423828125,701300
2022-12-13,679.4964450758272,683.6452222052465,659.2401917755211,666.148681640625,949800
2022-12-14,661.3652784502533,667.4918170390525,647.9622646281612,654.5303955078125,549200
2022-12-15,643.5558244325995,646.646689167658,637.337262859554,642.2587280273438,566500
2022-12-16,634.7523968301082,647.2814891763304,629.1409467904107,644.1353759765625,1697100
2022-12-19,643.4179273307492,644.8529759300399,632.0846985340269,637.0061645507812,606700
2022-12-20,635.6539231786293,639.6923168603818,632.5078659368859,636.1690673828125,590100
2022-12-21,646.196029275128,658.7618979792471,643.3811242127701,655.8366088867188,652200
2022-12-22,646.3615406722212,650.7126698413456,633.096480859599,646.9962768554688,623200
2022-12-23,652.0005875644645,653.2240198558933,644.1170009893469,647.5574340820312,363200
2022-12-27,648.1370794090441,650.9243606719957,644.3930615926872,646.9320068359375,325100
2022-12-28,647.6127279209796,654.7971793754925,644.1998622244474,644.2366943359375,457700
2022-12-29,650.0412510565557,663.1958725927554,648.0818502158477,658.78955078125,395300
2022-12-30,651.5590949932551,655.8090490104101,642.4244506500706,651.8718872070312,413000
2023-01-03,662.3313109144019,665.5877529803168,647.4012772477597,655.0088500976562,540800
2023-01-04,662.0093163734382,669.2121284058815,656.2599130704886,664.0791015625,710200
2023-01-05,655.9194389085627,659.7278003233108,645.0461625338748,645.07373046875,686700
2023-01-06,656.2782578574024,679.4046706453995,653.5645283316451,678.8895263671875,1215700
2023-01-09,682.7622322121379,701.7122394852657,682.3390559956774,692.6787719726562,1102800
2023-01-10,689.5878924705161,697.0483031666234,684.7583947024323,696.6251831054688,758900
2023-01-11,697.2875624556267,702.5770129623812,688.2356781013422,695.3741455078125,788000
2023-01-12,702.0341193045363,702.0341193045363,681.7870734469487,693.571044921875,938600
2023-01-13,686.8282110923152,697.7382635538062,676.2033267424987,693.5986938476562,984100
2023-01-17,690.093960936001,691.8693699087954,676.2217851567005,689.6799926757812,823800
2023-01-18,690.8389520738159,701.9422042074219,686.5982065369078,687.4996948242188,728800
2023-01-19,678.7146262815339,682.1642675943078,671.1806074085755,671.4105834960938,650700
2023-01-20,675.918228863582,683.1946485542234,672.4869469932135,682.3023681640625,724300
2023-01-23,682.4495593919364,689.9468036625204,676.4978041185224,688.1069946289062,730200
2023-01-24,681.4007186548206,696.4411881881257,667.4642016969837,691.8324584960938,558200
2023-01-25,683.5808219104856,691.565640164949,673.8298593733751,691.0780639648438,1070300
2023-01-26,689.9283068161365,698.5570146651044,686.4326812909032,698.115478515625,488700
2023-01-27,691.5288347131591,702.8988381428993,691.5288347131591,698.3729248046875,489400
2023-01-30,690.3055231184306,697.5268072566404,686.7454971333798,687.9597778320312,458300
2023-01-31,689.9283553839219,698.8606480377039,686.331553595653,698.4006958007812,572000
2023-02-01,693.3501916647509,706.7624111051991,684.7675255948755,701.5465698242188,702200
2023-02-02,702.7150784548177,719.1537675756796,702.0159420429721,708.9979858398438,1101700
2023-02-03,689.9282799001621,708.1515832873981,688.0792631265886,696.5147705078125,1201800
2023-02-06,687.1501165492153,690.0386296125589,679.6253058882824,682.9185791015625,691500
2023-02-07,676.4058124697075,684.0502171257083,670.0676565692931,681.4837036132812,730300
2023-02-08,676.4699875813864,682.3573972726282,671.4013061523438,671.4013061523438,517600
2023-02-09,679.9197728877014,680.195732993519,657.2257458173642,658.6239624023438,723700
2023-02-10,655.183509743791,668.2093878258029,654.0612532971696,665.56005859375,626000
2023-02-13,664.9620134394135,678.6042100241467,663.2602129311996,677.8866577148438,583100
2023-02-14,674.9890366682805,683.3969760497868,668.7704741698625,670.748291015625,466700
2023-02-15,661.5492490704668,669.5340122515274,660.831696712708,666.185546875,479200
2023-02-16,653.8773136428318,664.6861914887993,652.6446169116763,655.8919067382812,492600
2023-02-17,651.7154267596858,659.3229972130749,649.8020100765532,658.7986450195312,519200
2023-02-21,649.5721108814153,651.8258879338018,636.7762089907545,640.0234985351562,646400
2023-02-22,640.0235293817327,643.0592028767704,627.4484511082924,632.3515014648438,937900
2023-02-23,641.4217710257647,645.9017010463516,631.4867584015911,636.4266967773438,614800
2023-02-24,627.8991422867487,635.9115296862024,624.2287327770812,628.6902465820312,553500
2023-02-27,639.2232536876336,640.7134945097757,627.0989189210678,628.3499755859375,560000
2023-02-28,630.594559741337,638.7633165167973,628.414390481655,634.2097778320312,859100
2023-03-01,628.4328093983247,633.1335081258421,621.2391491529206,626.0502319335938,635000
2023-03-02,619.0955574722755,632.342201071441,618.8747894367059,630.9714965820312,490200
2023-03-03,638.0548726365569,639.6463454162795,632.9494144840445,639.5543212890625,812200
2023-03-06,637.8031720755225,647.4765459547576,637.0712035862655,637.8402709960938,543300
2023-03-07,637.8401020921174,638.3867454934618,623.7377089847035,625.1182861328125,417200
2023-03-08,626.9344458289687,630.3720335240201,623.2559979547084,624.8403930664062,554800
2023-03-09,624.960932490512,625.6465838620738,602.2692879069651,603.455322265625,787100
2023-03-10,600.1380368946019,603.6219412282728,582.3293725452532,588.3984375,960900
2023-03-13,579.1235554381354,595.9963226983324,578.2618539756227,579.8184814453125,997600
2023-03-14,598.9428949927105,600.4161632396373,578.8364113119934,590.9929809570312,928600
2023-03-15,575.3988257297186,587.9074958542777,574.4722575723439,585.3501586914062,1130000
2023-03-16,581.2360898575879,597.9884549817004,575.6766819076288,590.2052612304688,726200
2023-03-17,591.8082751837808,591.8082751837808,578.0394315478005,589.9551391601562,2701500
2023-03-20,599.925041573059,604.5301145990248,592.5681448924928,596.3021850585938,924200
2023-03-21,611.4700889875998,616.3345715885021,610.1821457357287,613.527099609375,791200
2023-03-22,611.608972269496,618.4377733580778,600.3141069923726,600.7125244140625,480100
2023-03-23,605.308370066132,612.4521731506602,598.1459609713536,603.9185180664062,483400
2023-03-24,595.6072048731388,600.2493198436968,591.2338308306557,597.5252075195312,574100
2023-03-27,606.4665315921806,608.5420346973644,599.007614547251,600.7125244140625,411100
2023-03-28,598.8782132280395,602.1767942974486,594.2824138451546,598.7855224609375,373300
2023-03-29,604.1502719269818,609.440939991462,603.1958795649139,608.9591064453125,589300
2023-03-30,614.787248954527,618.59543051975,608.8479153784945,612.4985961914062,392300
2023-03-31,616.2511895354972,620.0130536801514,613.9532622396911,619.9852294921875,516300
2023-04-03,615.7229506531844,620.9951245373028,608.2733081602142,617.47412109375,622800
2023-04-04,616.9924864268498,620.4763917614373,605.8273513951701,610.7103271484375,525100
2023-04-05,604.47450825634,608.63479002262,603.4645241328014,607.86572265625,426100
2023-04-06,608.3845481492688,610.6639258707439,605.9662191547092,608.1992797851562,441700
2023-04-10,604.4466710210233,611.3774387919185,603.0012270624397,611.3681640625,393800
2023-04-11,613.3879931319955,622.1347969880306,613.2489853158888,620.5040283203125,535800
2023-04-12,626.4989173769026,627.8794945195966,614.6480775683727,617.06640625,481200
2023-04-13,614.6574622550642,622.2646065454533,610.1729044209568,621.4769897460938,694000
2023-04-14,630.2794514180981,652.3132697593778,628.2688143137802,640.5643920898438,1117700
2023-04-17,640.564259417934,647.7636541884804,640.0638765131336,647.0780029296875,586100
2023-04-18,648.9404497071597,649.7372846439437,639.2022106174195,643.0660400390625,593800
2023-04-19,640.2400663429506,648.1344453757994,639.3413223490969,644.187255859375,348100
2023-04-20,639.7674808587504,647.6062677359615,639.7674808587504,645.2435302734375,580400
2023-04-21,644.4559087129296,645.141560027532,629.0655702846406,630.937255859375,774500
2023-04-24,632.1788828488579,632.1788828488579,623.6729382948986,624.6829223632812,451800
2023-04-25,621.3935554167468,622.403482831713,610.107964356808,611.2661743164062,552200
2023-04-26,607.5412813242282,613.1470055567928,599.8785470383855,602.889892578125,434700
2023-04-27,608.9869300968404,614.8058053534736,607.1523432161774,614.0181884765625,393900
2023-04-28,611.3774615673132,622.6816039995138,610.5620770933032,621.9125366210938,529000
2023-05-01,625.507586470416,625.9801452330759,613.5548357854912,614.2868041992188,560200
2023-05-02,609.4316138002574,610.2285053408065,588.6302053519728,603.6220703125,719700
2023-05-03,609.1444305832066,614.2868726168765,593.2352709366861,595.2366333007812,430700
2023-05-04,591.6600072735492,591.6600072735492,582.0978183686298,585.2759399414062,589300
2023-05-05,595.0327814216457,597.3213775254826,590.7334917852443,597.1546020507812,484300
2023-05-08,598.7946381374721,599.4895642165485,593.7263377462917,595.9130249023438,374500
2023-05-09,592.0769863842733,596.2372678973618,587.1013204595743,588.8988647460938,441700
2023-05-10,596.66351679666,597.5900848617055,578.6417566208808,582.9780883789062,622400
2023-05-11,583.8953187860875,596.2372108687457,581.5325817855083,594.8751831054688,726100
2023-05-12,599.081752394132,603.3810411178648,595.7368557740233,597.7289428710938,906200
2023-05-15,597.8031415787893,602.51012290192,595.5052710122762,597.4047241210938,501900
2023-05-16,595.4033659579695,596.635660700252,586.7306463525211,587.28662109375,362700
2023-05-17,593.2166987362074,603.7703233624021,591.6415781499236,602.8623046875,478300
2023-05-18,602.797443205024,623.7378606025783,601.7689661397058,620.1798706054688,1125900
2023-05-19,623.9879794259909,626.8510995360615,614.0459225126756,617.742919921875,1362500
2023-05-22,617.4001903249579,626.1469961936878,617.3630914037418,622.088623046875,648800
2023-05-23,617.5762025977048,622.6259536185917,610.8770766213441,612.95263671875,713300
2023-05-24,605.058116457344,608.3011041235833,600.8329690743153,606.9019775390625,554500
2023-05-25,607.1986191967087,614.4258391269841,605.4196242646169,612.0167846679688,522800
2023-05-26,616.0565220595413,625.6650274721758,614.1014771977106,622.931640625,533900
2023-05-30,627.7869715758196,630.7056839048719,619.7721909134361,624.1177978515625,504200
2023-05-31,622.4683643651815,625.0720181549268,608.1621523375945,609.2647705078125,1898400
2023-06-01,614.8427981162272,622.1441592353875,611.8777688990223,619.725830078125,569800
2023-06-02,626.5175589453819,634.6991713984594,626.5175589453819,631.7897338867188,559800
2023-06-05,631.4098853571217,632.8090123303731,624.7107590891163,626.8140869140625,551600
2023-06-06,623.8954422455779,635.2643953405028,623.8954422455779,634.6250610351562,748600
2023-06-07,633.7662075283564,634.7276180749302,625.5431165989837,633.0474853515625,534100
2023-06-08,630.331430244653,636.4730986955985,621.6416476037764,635.2410278320312,521800
2023-06-09,636.9305946132828,640.7201234803719,632.1516830459917,638.8067016601562,465300
2023-06-12,639.0025659755281,643.2121274404097,636.809141308164,636.921142578125,435000
2023-06-13,639.6746180917659,646.9176705766008,639.3665861208244,643.1841430664062,624000
2023-06-14,644.7054621802203,658.1928408482506,644.061483415945,646.3202514648438,678000
2023-06-15,646.954895489552,665.2584978935724,645.7321676785479,663.811767578125,644400
2023-06-16,667.7879666388759,668.6373189423415,655.5606318581987,655.9620361328125,1281900
2023-06-20,649.3444480858273,650.063170369862,641.7000481426436,644.9202270507812,698100
2023-06-21,644.705464761422,649.7737781878106,640.6733054231024,643.1373901367188,489300
2023-06-22,638.8159142917517,638.9092866680675,630.3781619863869,634.1210327148438,361200
2023-06-23,625.6925592232152,637.434519952215,625.3658983326267,635.1197509765625,686000
2023-06-26,632.90760117574,639.3572449004783,632.90760117574,634.8583374023438,403800
2023-06-27,637.9011051118314,642.4840415690046,632.608846353633,639.030517578125,528600
2023-06-28,639.0305789456988,640.0853050192923,634.8116746513248,639.5718994140625,368100
2023-06-29,640.9533771516471,644.882878582548,636.5477848564161,642.36279296875,524700
2023-06-30,648.8125598073855,649.6152547395749,644.4536813583712,645.0977172851562,921900
2023-07-03,644.0334770229367,655.3833752617454,643.7907886266826,647.375,376900
2023-07-05,645.5921719699397,653.9552933849932,640.1785689378877,646.6749267578125,681400
2023-07-06,639.3666554513757,640.7667284195173,629.8461478741891,635.2877807617188,675300
2023-07-07,633.0942571217988,645.8908855938078,632.7768822321274,638.5264892578125,435200
2023-07-10,647.6083986612625,657.9689152681093,646.6283590312817,649.79248046875,568600
2023-07-11,653.292564234639,663.625107450316,653.1245623493154,662.8877563476562,504900
2023-07-12,674.5270762530979,678.5686357986829,670.9708935216931,677.63525390625,642000
2023-07-13,684.0476607965543,691.0760545916,678.9887463151982,690.5159912109375,928100
2023-07-14,693.5027908180084,694.4361727706571,674.2844313465612,679.5300903320312,1064100
2023-07-17,676.281780780913,684.1688684895175,672.5015958345122,679.380615234375,648400
2023-07-18,677.1871717011577,691.4772445680018,675.0496909507002,689.7037963867188,790000
2023-07-19,690.6653050067913,702.7899270145346,690.6653050067913,697.5162963867188,718900
2023-07-20,694.4547416072575,703.181838606149,693.0359830482106,700.8577270507812,621600
2023-07-21,703.0606293389333,705.9354617716702,699.8031353630719,701.1658935546875,512300
2023-07-24,701.623192312983,706.5794479704706,700.4937796943357,706.1781005859375,385400
2023-07-25,702.4165485173667,702.8178959043964,692.76541142202,696.3215942382812,610700
2023-07-26,693.7360680080943,699.9150513687812,691.6453017550546,693.6520385742188,552800
2023-07-27,696.414819580571,698.1602389778197,679.8753215360888,680.5006713867188,555200
2023-07-28,689.0225111071795,696.5362238026189,685.830361047937,689.1531982421875,522800
2023-07-31,690.6932804912127,693.8014582479788,686.6050631085436,689.6292114257812,367700
2023-08-01,684.4676540663313,686.8850813987858,681.8355101477426,683.478271484375,359600
2023-08-02,674.3124172790319,675.5724600473517,665.7533212687631,669.6455078125,649200
2023-08-03,663.1491483538301,665.3892876821246,658.6129260315988,662.8598022460938,585500
2023-08-04,662.766432688738,672.912288467537,661.8423938062818,662.9624633789062,475100
2023-08-07,665.7906171267924,670.9429032616309,664.2318853605902,665.0812377929688,387900
2023-08-08,656.5315330564031,656.5315330564031,641.7187663026806,650.5485229492188,676900
2023-08-09,648.9429960516159,653.3391875758454,644.9667807340604,645.9841918945312,447400
2023-08-10,650.585881020151,659.0516618306568,648.2990839331843,650.5765380859375,496900
2023-08-11,647.55226283508,651.7804524596893,644.2947697034672,649.2696533203125,381100
2023-08-14,646.6562482522645,647.9256338388158,642.764062063468,646.7682495117188,395000
2023-08-15,639.3572891907497,640.402672411294,625.832593926983,627.998046875,519700
2023-08-16,625.3658986124906,631.3955664423214,625.3658986124906,627.4566650390625,494700
2023-08-17,629.7621479544523,635.6797575392105,627.6900104279644,629.0994262695312,471200
2023-08-18,620.9136476110318,630.3221534856862,620.9136476110318,625.5992431640625,530500
2023-08-21,627.4193859632148,631.8529504220138,622.0990972188331,626.8500366210938,434300
2023-08-22,626.8499781762965,629.8087828615816,620.3349337452765,621.4830322265625,332500
2023-08-23,623.8723500167076,635.0075868426583,622.6775940975533,633.551513671875,386800
2023-08-24,633.5610276250715,642.7081593449867,628.1380238030067,628.3153686523438,317900
2023-08-25,630.9660867351836,636.7530651966937,626.5418661888128,630.9287719726562,275200
2023-08-28,635.9224062503009,638.0038296121484,629.6874221295052,633.7662963867188,430900
2023-08-29,633.4396014390201,645.3962203973061,631.4794654154173,644.994873046875,502600
2023-08-30,645.6948609960564,652.9005408349416,643.8560693057264,649.4563598632812,483900
2023-08-31,651.3792241606919,657.5115501003693,647.580352978771,653.871337890625,617100
2023-09-01,657.2874767888087,659.8915915092012,654.6740191353333,659.1448974609375,454500
2023-09-05,658.5662969471562,661.1050684583702,649.15779111625,649.5684814453125,556800
2023-09-06,646.7964209170259,652.7327168533558,642.8202044224089,647.9351196289062,426600
2023-09-07,641.8240835471092,651.1974452275606,639.2574824583776,649.7025756835938,453000
2023-09-08,650.7555167259709,652.043522576806,645.6222573747209,649.2888793945312,352400
2023-09-11,653.8392832542594,656.1802566800732,650.5769202241145,654.2811279296875,563500
2023-09-12,651.8553072862212,660.6739503676821,650.661351542569,655.6065673828125,404000
2023-09-13,657.0169868506453,662.0749605790788,652.4666180413984,655.5032958984375,645200
2023-09-14,661.5954955891827,666.6252942827501,656.5374647446897,664.5099487304688,660100
2023-09-15,659.856180274182,662.9493222883212,653.717007213431,655.6724853515625,2816100
2023-09-18,654.6476963193747,657.6185561506868,648.7623261894095,653.3032836914062,494400
2023-09-19,652.1469476796976,653.942673263517,644.6257185711665,647.728271484375,428100
2023-09-20,649.6461453941978,653.1153145151163,641.8146497451604,642.576171875,334100
2023-09-21,636.2396303570491,636.2396303570491,625.8133575550764,628.8030395507812,547700
2023-09-22,630.8335608282026,631.5198544915041,619.8713967348804,620.5952758789062,468300
2023-09-25,615.819378439542,620.4730924682393,613.9484821116549,618.1979370117188,458300
2023-09-26,613.0928426233189,615.3210016343592,607.1698875638144,608.0159912109375,589000
2023-09-27,608.91861384616,609.642550405735,601.9896871206787,604.8853759765625,548800
2023-09-28,604.5377030428227,608.7871591158535,602.3283072264713,606.6248168945312,696100
2023-09-29,613.732232389978,617.511668062927,606.9067083643201,607.7998657226562,539900
2023-10-02,606.1263720443578,607.574187748984,600.5136259179022,604.5562744140625,569000
2023-10-03,599.5641340581683,599.5641340581683,586.2797591639942,588.037841796875,678600
2023-10-04,591.3848827249504,600.1658857519039,587.9532989220811,598.43603515625,546700
2023-10-05,595.728238782737,604.3964257897211,594.1863733989316,601.980224609375,496900
2023-10-06,597.0163646250759,612.5194884946142,596.5650518715933,609.4639892578125,608300
2023-10-09,603.1086242670746,609.0879882822571,602.1684705269856,605.1017456054688,536100
2023-10-10,605.1016566590187,610.535772021516,603.2965778104646,603.5316162109375,626700
2023-10-11,607.000843432816,609.8213045086216,599.9120478708711,604.2085571289062,515000
2023-10-12,604.7348932586385,605.7126895842815,594.233395150681,598.097412109375,744200
2023-10-13,590.5761671204739,597.9469952981815,582.8951296245929,590.0966796875,1263400
2023-10-16,592.7762323638269,603.2213246800687,590.8112861683104,597.4205932617188,695400
2023-10-17,593.5188303293297,601.5759518584564,591.9957864109325,598.0315551757812,578500
2023-10-18,596.9974724483709,596.9974724483709,578.6174830014436,579.7832641601562,664500
2023-10-19,588.2071621914835,591.8267308409559,582.0585205108932,585.2550659179688,1040800
2023-10-20,585.9506835345651,588.6019233567848,576.4269237507024,578.0346069335938,850300
2023-10-23,574.8475280604679,582.396931742304,573.9167851637615,577.9406127929688,469500
2023-10-24,580.3286156581262,583.2900649902072,574.2082067031035,575.7406616210938,657200
2023-10-25,571.8483653933026,574.9885033261749,567.3732255597986,572.2526245117188,562000
2023-10-26,570.8518885527602,580.9115439347028,570.1937695310586,570.7390747070312,856400
2023-10-27,570.7391434345991,572.5254011286889,560.5008553336354,562.2871704101562,543000
2023-10-30,566.7622440479233,574.142427148927,564.3366315962265,570.7860717773438,528100
2023-10-31,572.5066012454515,576.191987644739,568.2382667662828,575.6373291015625,508900
2023-11-01,577.714998193526,580.9867144821031,571.3031435146759,579.3320922851562,537100
2023-11-02,586.4396015421307,606.530678427965,586.4396015421307,605.9195556640625,1174000
2023-11-03,615.631324329569,622.5320189142649,615.1048406626646,618.5927734375,894200
2023-11-06,617.323620222485,620.7457929207674,611.4382498105559,614.1270751953125,469400
2023-11-07,613.7510622071209,614.3903597506572,608.194722458388,609.7742309570312,440800
2023-11-08,609.6237813465838,616.421073393846,609.6237813465838,615.7536010742188,482200
2023-11-09,617.4270419130954,621.0654316752283,611.6921280310168,612.8109130859375,437100
2023-11-10,617.2860108740404,625.625167960528,614.747584907352,625.2020874023438,522700
2023-11-13,621.2723836286968,624.6099178339958,618.7527785632692,621.8646850585938,356400
2023-11-14,632.7233127960185,657.2331217095343,632.7233127960185,655.6160278320312,1011000
2023-11-15,656.3870376133584,668.7500806844905,655.9451929549796,666.4185180664062,747400
2023-11-16,666.8885929037153,672.3038295442983,666.3338770206102,672.1158447265625,558900
2023-11-17,676.7601315536176,677.7002850687118,670.9405789998883,673.9584350585938,715600
2023-11-20,671.6362790850711,678.4711560756491,669.4927015409313,677.7754516601562,668300
2023-11-21,676.7225197136562,683.1155524329113,675.7165485204952,681.2728881835938,642900
2023-11-22,683.4916557420505,686.5753870419178,682.5326807237516,683.623291015625,498100
2023-11-24,683.2284041362675,687.0078400120632,683.1532331627875,686.4061279296875,279600
2023-11-27,683.6796998954667,688.239421839132,681.1788592200643,686.951416015625,868100
2023-11-28,682.4199049463176,694.6137274528741,682.4199049463176,692.6676025390625,610200
2023-11-29,697.8572501180279,706.3092219021693,697.8572501180279,702.5767822265625,750000
2023-11-30,703.385267075067,706.8920788982108,700.1229617428239,706.2715454101562,961300
2023-12-01,705.1152522288908,715.8142055799713,703.8554210633077,711.085205078125,746700
2023-12-04,706.8450667168777,712.5611589567199,704.6450821727041,711.1603393554688,767900
2023-12-05,710.3989688147295,710.3989688147295,703.4042226506416,709.157958984375,860700
2023-12-06,714.0981366222262,716.0572474937142,702.6842290235774,703.2615356445312,624800
2023-12-07,705.5045776367188,709.7161895334744,702.8166994163628,705.5045776367188,784300
2023-12-08,703.3373892677421,707.7287675271477,702.4571611476592,704.8327026367188,456000
2023-12-11,705.8452664578194,714.7700664067031,704.4445729402337,712.1011352539062,781300
2023-12-12,714.5524584116647,718.7545970339967,712.3472671008183,718.6126098632812,607600
2023-12-13,718.33818083935,735.5536923850984,714.3726489138267,731.9951171875,600000
2023-12-14,740.9862805210353,764.3346246234743,740.0493267852171,763.8898315429688,1197400
2023-12-15,749.4756285092988,775.123779296875,747.175759869108,775.123779296875,2703000
2023-12-18,768.4988032299801,771.3380845227017,753.1666726962183,753.7723999023438,916300
2023-12-19,758.1543638159068,770.7891424928943,756.1479429854317,758.44775390625,756400
2023-12-20,755.0216589294303,762.2617912629476,746.5795457475136,746.9486083984375,547900
2023-12-21,752.4095887600598,756.5454708091246,749.2484966433669,756.2899169921875,341100
2023-12-22,759.0155766071215,764.2588196379409,757.2836566292656,759.4320068359375,426600
2023-12-26,760.3973643472157,765.754116124946,760.3973643472157,763.3975219726562,280600
2023-12-27,765.8204457941072,769.681884765625,765.309395925287,769.681884765625,298000
2023-12-28,766.4924390899891,773.817776124501,766.4924390899891,770.7797241210938,311500
2023-12-29,769.0665783100103,772.445329725058,765.3187642564246,768.3094482421875,318500
2024-01-02,761.069377146268,764.8456120406314,752.8165027792181,757.4255981445312,660000
2024-01-03,749.9583088384272,749.9583088384272,740.4183648042293,742.140869140625,638700
2024-01-04,741.2984692461561,750.0339725366964,740.7968351763321,743.8443603515625,580200
2024-01-05,740.8725324669039,746.5037847832775,739.5948790973234,740.8914794921875,471000
2024-01-08,742.4056993487903,755.258193744579,740.9671118729697,754.4821166992188,513200
2024-01-09,750.1853863226065,752.5419803153903,744.970564298571,751.9552001953125,454700
2024-01-10,752.3054991846915,756.2426107541148,745.6615620356267,749.9110107421875,510800
2024-01-11,754.2645142539942,757.122684633087,744.9138104817824,750.1475219726562,735800
2024-01-12,742.9452494174715,759.3563202162509,740.8252620246428,756.7630615234375,880500
2024-01-16,760.7286559899438,765.6500887093397,746.409208628992,748.9835205078125,895200
2024-01-17,732.8846609829603,745.7182086104815,727.1871520387982,745.2449951171875,617100
2024-01-18,751.9930071494297,753.3463907778108,743.0019509801405,752.655517578125,506700
2024-01-19,755.0121956833601,765.4986238014574,751.5104039685549,762.2902221679688,681500
2024-01-22,763.2081814071248,764.0505153115666,750.9993076102862,751.4819946289062,760500
2024-01-23,750.7721426371069,752.9678601442007,746.2387204709778,750.1001586914062,718300
2024-01-24,755.1162466196888,755.1162466196888,743.1250324774767,743.655029296875,659700
2024-01-25,748.5480513981722,752.3148702630476,745.3018136127531,748.1127319335938,723800
2024-01-26,748.9360766909615,750.7816208511645,743.4089177225839,745.1219482421875,687900
2024-01-29,745.1314740289587,750.0244856743018,739.292035339199,746.447021484375,622200
2024-01-30,741.033375517408,742.7748265707726,737.332871456321,739.850341796875,936600
2024-01-31,737.7114187146537,743.3331973500327,730.9728631620854,732.827880859375,730800
2024-02-01,734.8911207815688,743.4657474269214,724.6129370225326,742.8789672851562,626600
2024-02-02,738.8283299025961,749.8920648801543,735.6199282082129,745.7845458984375,509900
2024-02-05,740.3046628770802,745.0651605102904,735.5157447073453,741.2131958007812,501100
2024-02-06,742.879033831386,745.7845720273419,737.0395946637884,745.765625,666300
2024-02-07,747.6773308582364,756.6210775715666,744.3932568918202,752.1255493164062,700600
2024-02-08,751.5199071015819,756.1384760100552,745.3113475834365,750.7059936523438,545500
2024-02-09,751.6805852441239,757.9080901465339,749.3524121423148,754.5009765625,536600
2024-02-12,755.5611959190795,765.1768702583344,754.9081588809428,758.8074340820312,499300
2024-02-13,743.1819368430829,748.8415528469662,728.7489224694987,736.3865966796875,637400
2024-02-14,743.0398782024968,746.0495671536255,737.4180990306263,743.3238525390625,420900
2024-02-15,746.1631556379649,759.4888077380108,746.1631556379649,755.296142578125,508200
2024-02-16,752.4946435073142,755.248720567833,748.7467719180045,751.4630126953125,393700
2024-02-20,746.9959957224224,758.5897274880057,745.3775846151383,755.3529052734375,582200
2024-02-21,756.0153931114891,762.876989256768,752.8069915329845,762.2996826171875,419100
2024-02-22,767.5901852409042,772.5968213795967,764.7887981010895,769.8616333007812,549600
2024-02-23,773.2877364719202,779.5814998944338,768.4988175793908,770.003662109375,492500
2024-02-26,767.5050991928014,771.1677675960104,760.3122182840675,762.8486938476562,577800
2024-02-27,764.0790483239939,766.4829524930627,752.6651391885746,757.6527709960938,555900
2024-02-28,755.9869248102965,769.5586545290845,754.6051207080639,766.2839965820312,513000
2024-02-29,769.8238441035811,771.3002681032164,764.1358078581846,767.8742065429688,758800
2024-03-01,767.8741030554232,771.6692267801096,762.0725009585091,771.1771240234375,431300
2024-03-04,772.2559934857055,796.8536791659776,772.2559934857055,789.764892578125,858900
2024-03-05,787.7017896090379,794.8094663665847,779.2596760583431,782.638427734375,497600
2024-03-06,786.4570877392076,792.6851681737262,781.3051692918206,790.7901000976562,538000
2024-03-07,798.0180849128757,799.1893956320855,790.0568686956178,792.0281372070312,384700
2024-03-08,795.9801650125358,804.6937358155601,793.9517607682095,796.2373046875,396200
2024-03-11,795.7896036538822,796.1895534221467,783.0478236365283,785.7999267578125,428600
2024-03-12,790.523426667762,794.4754956937543,783.0288288451673,790.0187377929688,438600
2024-03-13,789.6188231144753,791.9519704731656,783.9431505283068,786.5905151367188,510800
2024-03-14,785.6476107128171,785.9237568271709,762.4305287911827,770.2203369140625,859000
2024-03-15,763.3542970412697,774.9818445856295,760.2593215771706,764.2399291992188,1576700
2024-03-18,767.7443834854797,767.8110514700469,755.9644354190381,762.0781860351562,634800
2024-03-19,758.3261269331027,765.5255137118808,755.0026087233829,764.0303955078125,593900
2024-03-20,765.7540462824796,780.1623519500457,762.4971961010656,778.8767700195312,451400
2024-03-21,784.2478280468657,804.3508717406081,783.0002589598711,801.8939208984375,643300
2024-03-22,800.7131117035389,802.1415620937449,783.228892877128,785.48583984375,615100
2024-03-25,781.3051274877355,787.5426817664154,776.2864871612355,777.2769165039062,378100
2024-03-26,780.3813804834422,784.5810567182782,778.9148591686202,781.0765991210938,374000
2024-03-27,787.3617073051018,795.6562620611583,783.2572962186023,795.2848510742188,466500
2024-03-28,796.3324351718223,798.6751145584607,791.3805206941138,793.9326782226562,532100
2024-04-01,795.1515993661031,795.2849353433049,785.8762047532579,787.333251953125,395900
2024-04-02,786.1237008849159,786.5141183357243,771.3630499294754,777.6387329101562,530700
2024-04-03,776.5531614074154,786.676116553596,774.7533001916701,775.9341430664062,369600
2024-04-04,783.1525840391785,787.0951205194348,752.4885082879409,754.3074340820312,1189400
2024-04-05,755.7738862703509,765.9063726573928,752.4313038262749,759.5164184570312,687300
2024-04-08,763.2877022580155,769.0205101432874,758.8214118350027,765.0018310546875,760200
2024-04-09,767.7728945424819,767.7728945424819,756.2976899096424,765.5540771484375,802100
2024-04-10,755.9263604926157,757.2024683446374,743.6702614767647,746.2700805664062,654400
2024-04-11,748.0317086387544,751.6695018987772,741.6512865138326,748.4697875976562,812000
2024-04-12,748.0889705910784,764.6970890212996,725.7099150593217,726.9860229492188,1453600
2024-04-15,734.0235116110382,741.0990957138297,720.2342221616182,726.5955810546875,935200
2024-04-16,728.1286617113885,730.2713370202586,713.0727988660132,713.9108276367188,662900
2024-04-17,717.1200644577759,722.7005873585358,712.3966930419241,717.8342895507812,585800
2024-04-18,718.7389232195519,725.1002805148167,711.1586520968945,711.65380859375,614900
2024-04-19,715.5488916109958,719.3961636577918,709.9874326323796,714.2061157226562,867800
2024-04-22,720.6531904883728,729.7476459520371,714.7489175077795,723.8529052734375,617200
2024-04-23,726.8527142379529,732.7188583336069,724.6433706340896,730.0524291992188,461000
2024-04-24,726.41455078125,731.0237091323887,723.2148361917824,726.41455078125,751200
2024-04-25,718.3295457337575,724.3576221418011,712.3395985321016,721.51025390625,510100
2024-04-26,723.5291440090652,730.871341376756,721.6054789989236,726.4907836914062,447900
2024-04-29,726.947783355342,732.6997131029327,719.7960003737076,724.967041015625,483700
2024-04-30,721.8816457725658,725.1290221077552,717.8439020952266,718.6438598632812,418600
2024-05-01,718.9865864450437,729.3000129597036,715.1011857032369,715.729736328125,614800
2024-05-02,721.9958779845027,724.7575717525386,713.0633557812462,720.8912353515625,632500
2024-05-03,729.1763343841035,734.7472677600808,726.3194335505159,727.4716796875,558300
2024-05-06,732.0617533384599,738.1850369774245,729.3001174848863,737.6898803710938,450100
2024-05-07,743.2417413526372,748.7651292506524,739.6325443630419,743.6702880859375,777400
2024-05-08,740.8894600514312,742.079835147915,736.9659883833239,741.2037353515625,665700
2024-05-09,740.7943951805704,753.7551877638093,740.7943951805704,751.4887084960938,654800
2024-05-10,754.7264668599323,761.1068313750403,754.2979201670609,758.6689453125,607100
2024-05-13,760.8877731756236,762.3066910122782,752.1361330090151,752.63134765625,416800
2024-05-14,754.7170403187987,764.9923394673531,754.3837003448365,764.6590576171875,492200
2024-05-15,770.525047833821,779.1528843652845,769.1537333727506,776.7911987304688,667300
2024-05-16,772.6867693015151,776.1245586114233,769.134650509096,769.1823120117188,486300
2024-05-17,771.7726374679563,774.6486026468142,767.8491653276317,773.4772338867188,394400
2024-05-20,770.3917895711492,774.0391155757101,765.8398248845756,766.7825927734375,366300
2024-05-21,766.2398234267841,768.1920273168735,762.0592113745447,766.5350341796875,461800
2024-05-22,765.2112828161961,770.2870591637082,757.6024135077334,761.46875,391600
2024-05-23,760.3544761860259,760.3544761860259,744.5177212476735,747.1270141601562,538300
2024-05-24,749.8221018830645,751.7362344974567,743.6702219474433,744.603515625,429000
2024-05-28,744.6035697940772,746.2605628871435,728.9667582374879,734.6138916015625,636200
2024-05-29,726.8811688527534,729.395255227114,720.2531969324431,720.4912719726562,574900
2024-05-30,718.9485727395567,726.0431626597007,717.8724688743957,725.5194091796875,650000
2024-05-31,726.6622430758486,737.3565565285639,725.7290074090979,735.2044067382812,1616000
2024-06-03,742.3084836177533,742.5084875870178,732.0521917257022,740.2896118164062,571000
2024-06-04,740.2895859616461,749.336437667796,737.6707604677606,747.831787109375,666400
2024-06-05,751.1267456466185,751.4410209717558,742.2608335475193,751.2505493164062,539800
2024-06-06,750.1172694313051,750.1172694313051,739.4896258708231,741.3942260742188,406300
2024-06-07,735.8920062973366,741.9502366440164,731.597588231663,736.8505859375,468100
2024-06-10,734.9812117706099,737.0133955617565,728.7600403857937,734.434814453125,588900
2024-06-11,730.4473018864719,731.7509561927448,721.1394722513119,726.2487182617188,499000
2024-06-12,737.483323040624,750.146182871632,734.3584021346902,738.2118530273438,833200
2024-06-13,735.1922142657523,740.7423689602883,726.7950478006546,737.8283081054688,462500
2024-06-14,732.8341551562144,738.0775578494175,728.5109514984798,737.464111328125,376800
2024-06-17,735.4318018898507,751.4688182599957,734.3198169019229,748.727294921875,541600
2024-06-18,746.6759870441474,751.6414222919813,744.8355306161098,751.19091796875,479700
2024-06-20,749.6285210394876,751.5744074206335,745.314912358856,750.4049682617188,496800
2024-06-21,751.2580620028295,758.3803607321167,747.5867438397628,754.9773559570312,869500
2024-06-24,755.9167722758093,773.0657181005103,755.9167722758093,765.8572387695312,528700
2024-06-25,761.5531915791163,762.3200435793553,755.9167386914205,761.486083984375,388900
2024-06-26,756.587774270464,758.3515280625928,752.024925775123,754.8335571289062,529000
2024-06-27,752.1495486931924,754.4501047578818,748.0180727259473,748.7753295898438,428400
2024-06-28,751.9961265976801,759.5114166601741,748.842420669049,754.7089233398438,769500
2024-07-01,758.0734805855864,761.2079959238206,745.4202188462566,749.8680419921875,543500
2024-07-02,750.2514635416946,756.9519254451685,750.2514635416946,756.4439086914062,367300
2024-07-03,756.443860293034,757.8817295711235,753.4435017188567,756.4342651367188,250800
2024-07-05,758.3706367083871,758.4089588277208,750.4719506037653,757.8529663085938,341400
2024-07-08,757.8530138684097,760.4220587013012,753.2135213346216,757.4600219726562,529600
2024-07-09,760.6425540800229,770.1133257853545,758.7349899209818,769.04931640625,629500
2024-07-10,768.550792403097,778.6446052061192,768.550792403097,778.3666381835938,519000
2024-07-11,784.0893901088422,791.719705398324,782.018883750166,790.70361328125,634100
2024-07-12,795.0362738574299,802.8486617598653,791.2115509735769,793.675048828125,677100
2024-07-15,795.6019311586944,801.5739222528738,784.5399428937505,788.8727416992188,888100
2024-07-16,790.3489130739005,810.5078709837821,786.945967053769,808.9837036132812,744600
2024-07-17,811.2556504530032,813.4699674022864,801.2672655374596,806.2518920898438,692000
2024-07-18,800.5770182194339,816.5949066002348,794.4612748500306,794.66259765625,718000
2024-07-19,799.1390676895235,799.1390676895235,790.8857110763352,796.2921142578125,1036200
2024-07-22,801.8997829987125,810.47908244451,800.4523183868544,808.3126831054688,573200
2024-07-23,806.9418010267858,815.7415537556574,804.2673853026446,809.7025146484375,701500
2024-07-24,809.1179258374144,811.1884321344278,791.8922191355307,793.3684692382812,660300
2024-07-25,790.7898875540615,813.431534161474,788.3646529609958,801.8901977539062,587500
2024-07-26,807.0953328142331,822.1259141992269,806.2613731445471,820.7359619140625,555800
2024-07-29,822.4612635080499,829.334262579866,817.0644558979399,826.4393920898438,612700
2024-07-30,832.1717352904369,837.6931632965996,829.3439136926976,836.447021484375,539600
2024-07-31,839.0640123392973,848.4388916309449,835.7856860600892,840.1951293945312,656800
2024-08-01,843.5501746592265,848.026725681406,824.6853323195133,829.5069580078125,586500
2024-08-02,819.5856269071231,822.6530935864332,804.5263190624634,810.9776000976562,479800
2024-08-05,790.5310240979971,813.7573894196701,779.4977633812905,796.349609375,1328800
2024-08-06,799.9539417209716,816.9303505884727,795.1418529543109,806.127197265625,525100
2024-08-07,816.9590702421402,820.9276038811954,803.740219935881,805.0535278320312,750900
2024-08-08,811.1500608783971,820.3428063838948,808.6769091538589,819.422607421875,381500
2024-08-09,818.0710087949095,826.4969611597523,814.6009552261474,820.7454833984375,290400
2024-08-12,818.7611761975817,821.5026997536663,800.8453215137803,803.5485229492188,510300
2024-08-13,809.501281698844,820.7454601890457,808.7536200346855,819.1925659179688,385800
2024-08-14,820.5728854905102,824.0141533329547,816.1154671518303,822.0011596679688,325100
2024-08-15,828.7112953659985,839.5528288361551,827.2830210527198,835.93896484375,520800
2024-08-16,836.1210244845776,838.6324982610492,832.7180787346609,836.35107421875,395200
2024-08-19,837.4056534325207,840.693574733855,830.4271652367459,834.1656494140625,456000
2024-08-20,833.4370221093668,835.8717931641845,824.1195982287254,825.3082275390625,348700
2024-08-21,826.1806127267332,829.0946737271948,818.3969508442786,827.3405151367188,453700
2024-08-22,827.3404562425668,832.7563956396291,823.4006497948491,829.4013671875,327400
2024-08-23,833.4850431240011,848.017085527829,831.1173793655087,846.2725219726562,416300
2024-08-26,846.1957326319342,852.1772599435247,842.3806045661432,846.5599975585938,413800
2024-08-27,846.9051392809405,851.2187478001983,842.303968561811,849.4262084960938,300400
2024-08-28,849.7233606215232,858.3505776069154,847.1064568582132,851.8513793945312,441200
2024-08-29,851.851398304146,861.4371951673699,848.1321629477112,857.80419921875,417900
2024-08-30,861.0824461314272,866.0383447787805,853.0975202041792,864.4566650390625,478200
2024-09-03,861.8302058349018,862.7216778811987,844.5182598390347,849.7137451171875,433500
2024-09-04,843.8664761136039,853.8069428328743,842.7640860656675,849.7713012695312,356600
2024-09-05,852.8483326498017,852.8483326498017,836.9742558680144,840.3292846679688,426000
2024-09-06,841.767134749046,848.1129272523959,825.4424954810565,831.0118408203125,748900
2024-09-09,842.216528725589,852.4086825682391,839.7865941038662,846.5556640625,394800
2024-09-10,854.5396256380072,854.5396256380072,838.2437974502848,852.235107421875,269900
2024-09-11,847.0377736830004,847.0859745262565,823.6257001168779,845.7649536132812,431900
2024-09-12,849.3423219248764,854.7806598612689,843.1228831704351,853.4789428710938,478700
2024-09-13,856.3910807864033,860.2480901167414,851.1262418633069,854.0671997070312,406900
2024-09-16,856.5838688630429,863.8736135121253,854.906020512844,863.1793212890625,380900
2024-09-17,865.2717546598791,876.3896116303131,863.1889956431795,872.1854858398438,416900
2024-09-18,879.2148466018691,897.2367236086011,873.3714802885443,889.7252197265625,656300
2024-09-19,904.7096778168703,909.0295090841325,892.627568817977,901.4505004882812,625500
2024-09-20,897.4006285351902,898.4805863511472,891.5765661096158,895.5878295898438,970100
2024-09-23,896.725628052984,905.8764312541791,895.5878174713285,904.092529296875,396500
2024-09-24,900.6116049218759,908.4798774163253,896.7545959072212,907.5831298828125,366500
2024-09-25,909.0198190309221,909.1355834416364,901.1997476993238,903.3114624023438,476800
2024-09-26,911.2183670205814,918.6913218823903,905.8281711022306,911.2376708984375,459400
2024-09-27,911.671554587947,916.3771103176565,908.422029185088,911.4208984375,472500
2024-09-30,910.5338328578567,917.264354299306,902.5112462217556,915.5672607421875,362200
2024-10-01,911.5269592463607,911.5269592463607,886.1092836369123,900.6309204101562,543800
2024-10-02,906.2716879800923,923.0593513226689,899.6472802390066,923.0303955078125,368200
2024-10-03,919.4819794186619,924.3610932071554,915.5478139551755,917.476318359375,511100
2024-10-04,926.3957078007328,926.3957078007328,897.7478107930178,915.2586059570312,491700
2024-10-07,917.9682081493066,922.6159113916171,904.430126770928,907.043212890625,561400
2024-10-08,917.5341488356577,921.2079472822305,908.5955711596882,915.142822265625,389000
2024-10-09,916.039629051412,928.5267073444016,914.0918206913248,921.7479858398438,573200
2024-10-10,920.8609358595952,928.8931739047051,919.5302629927078,921.4298706054688,564400
2024-10-11,928.7775205585033,960.6749456929867,928.7196677720506,954.8605346679688,927500
2024-10-14,963.4519408182554,965.6504642814989,953.8287218300903,956.2682495117188,768400
2024-10-15,962.3238044140237,980.1142712863239,960.5110053647802,971.0020751953125,618800
2024-10-16,968.2538462469078,982.7850747509686,968.2538462469078,979.4391479492188,547100
2024-10-17,987.0086022331159,995.108344860505,965.83366000277,966.6629028320312,684700
2024-10-18,973.3933852778349,973.3933852778349,962.6902083737423,971.0213623046875,505400
2024-10-21,969.0735461624222,972.5255858207078,961.5620420514915,964.7633666992188,311200
2024-10-22,961.4655191673063,967.9838736060005,955.3714380605178,965.0332641601562,504400
2024-10-23,961.4076655919245,972.5833747335785,947.5417139397031,952.83544921875,441400
2024-10-24,955.6125334368004,956.5671926058404,948.0817256807312,948.82421875,353600
2024-10-25,952.054445959999,952.054445959999,934.3122396769705,939.2492065429688,433500
2024-10-28,946.8957274275372,954.079418596703,944.0126225619773,950.96484375,329400
2024-10-29,949.7884016874079,954.387903440305,944.1282460729243,948.0238037109375,269500
2024-10-30,950.2899067240013,962.3237561035468,943.9644142484342,944.8418579101562,427900
2024-10-31,935.4789123567851,950.8201982085733,934.881080685774,945.9603881835938,607800
2024-11-01,948.8241917014916,956.5092537038058,945.1889419713726,949.8656005859375,792000
2024-11-04,944.1379478049666,956.5478693651269,941.1583825024169,956.0560913085938,512500
2024-11-05,956.5382791256571,981.3099230027102,956.5382791256571,978.0892944335938,424800
2024-11-06,1008.8585941869553,1019.70643227564,964.2522745497573,993.0062255859375,1266900
2024-11-07,1002.812699865959,1007.5953534161563,995.4940581601454,999.0232543945312,528700
2024-11-08,1003.7674168154037,1012.889206601537,999.6115502935316,1002.1282348632812,454500
2024-11-11,1011.3367498841536,1030.1493226493296,1010.0543366330143,1016.1676635742188,681500
2024-11-12,1016.5147986983917,1019.2918502249528,996.6415715297398,999.3029174804688,489900
2024-11-13,1001.2505940398942,1006.3418741181937,989.4964157299345,994.124755859375,408800
2024-11-14,1003.5068880022516,1021.0370451141737,1000.1223533009725,1009.649169921875,1048700
2024-11-15,1001.3663897056235,1014.8852261639718,998.0108104405294,1009.928955078125,583400
2024-11-18,1001.4530657641891,1015.5697329182569,1000.3153140176747,1012.4359130859375,563200
2024-11-19,1004.7508386390047,1006.9783178226664,990.855930839717,991.3573608398438,673500
2024-11-20,995.445796711894,999.6402705000714,981.6088003271823,988.0404052734375,593700
2024-11-21,997.7408032125362,1002.2728598266623,987.9729223169372,991.2514038085938,473100
2024-11-22,996.0726601402949,1004.6930194994642,991.7335246411359,999.408935546875,713000
2024-11-25,1011.3463927650527,1011.5007060975156,993.7294836551625,994.6166381835938,1463700
2024-11-26,995.15659555423,1001.2023583724049,981.8016663937698,989.78564453125,772700
2024-11-27,992.74594094546,997.0368163315695,981.6473293913383,983.0069580078125,481900
2024-11-29,984.3280429256218,992.5241286471222,984.3280429256218,986.2372436523438,390000
2024-12-02,989.8532174243941,996.6993850178765,976.6621945456087,983.6433715820312,719600
2024-12-03,994.2308249644168,1008.8875298689948,984.5015526662319,1001.8580932617188,941700
2024-12-04,1000.8938554404438,1002.2245282802172,976.2861186971411,998.0010986328125,1029500
2024-12-05,998.098037373765,1024.8528647439716,996.67359574873,1012.4202880859375,880500
2024-12-06,1012.0713142050715,1020.6083813429801,1006.1892535366638,1010.5692749023438,550300
2024-12-09,1017.44941646523,1023.1182016803558,1010.9375823544132,1013.9706420898438,742600
2024-12-10,1017.3428199402418,1031.8685273190301,1013.5152100495039,1024.3294677734375,645000
2024-12-11,1028.2733604242528,1048.9232649956514,1027.4400113702548,1032.2657470703125,1139700
2024-12-12,1035.1050481623186,1040.7836513208267,1018.6606859182344,1026.0252685546875,687100
2024-12-13,1024.1260766970047,1028.5641787074348,1019.736355073106,1023.8160400390625,537300
2024-12-16,1026.5678910870026,1038.7776083795566,1023.7770884238959,1031.6746826171875,897800
2024-12-17,1023.3119654430322,1026.9264174173754,1006.1117352857702,1016.7225341796875,990400
2024-12-18,1016.7226121650243,1028.1377800921778,987.3999010307668,988.6983642578125,864900
2024-12-19,1008.2922109941867,1008.6410465948857,983.5141781489476,984.8514404296875,796300
2024-12-20,976.4305404917865,1004.6583063593189,970.9458136519115,996.8284912109375,2079800
2024-12-23,994.1154143504436,1009.1062380410286,991.6637469330124,1007.4976196289062,488100
2024-12-24,1009.3774028043964,1022.1588134765625,1004.5613665060717,1022.1588134765625,276600
2024-12-26,1012.6334971774975,1024.7366383169692,1012.6334971774975,1021.6260986328125,292100
2024-12-27,1015.5404990201572,1022.7500045625081,1008.0402380039087,1011.8388671875,337100
2024-12-30,1000.8210370720616,1003.9606757301955,989.8418832142753,995.607666015625,591700
2024-12-31,998.8829619222606,1002.1000801051833,987.9619475574686,993.3594360351562,619400
2025-01-02,998.0980248342411,1000.1329583143618,980.6555350798562,985.8883056640625,604500
2025-01-03,990.5104383221736,992.2837745187987,978.7173947890495,989.2119750976562,469000
2025-01-06,993.8827323763816,997.5262839687058,980.161274641234,981.37255859375,616200
2025-01-07,979.6864904797952,980.65551767117,947.9508499622747,950.3831176757812,970500
2025-01-08,949.8791931444769,959.6179044712965,945.8189668958368,955.5576782226562,778500
2025-01-10,949.4431083326866,951.6331191971143,918.7927742549915,926.0411376953125,908200
2025-01-13,916.9419159591137,927.6012143216502,914.1220730523384,925.4306030273438,794100
2025-01-14,934.4522955377706,939.5687282831827,928.3667764694763,933.337890625,1058100
2025-01-15,988.1848038969322,993.6888116898059,960.305874761844,981.7988891601562,1140100
2025-01-16,985.0548523663725,985.0548523663725,951.7590931936982,964.8796997070312,883800
2025-01-17,969.8993092205575,981.4403966857902,966.129779369076,973.8335571289062,1085800
2025-01-21,982.612891009993,995.1423453257265,972.6318644408857,980.74267578125,671600
2025-01-22,981.1205579242535,982.4190802866041,967.3313209555506,975.1707763671875,570300
2025-01-23,972.8645438321635,986.2855465470172,969.8314840430628,986.2080078125,645300
2025-01-24,981.7601640214012,994.2218387608438,981.7601640214012,988.84375,731300
2025-01-27,978.7174497716559,998.9798411845093,973.5719178223088,998.039794921875,662500
2025-01-28,997.7880509790156,1023.021440641805,995.2395045284659,1018.6414184570312,1083000
2025-01-29,1014.6779194827278,1033.7871048837142,1012.9337417331237,1020.007568359375,808600
2025-01-30,1036.0837001260936,1044.8534424609006,1026.5194076380199,1038.3319091796875,532100
2025-01-31,1040.8222373629353,1050.6384861708962,1035.6573657391239,1042.1885986328125,957600
2025-02-03,1021.8197135750373,1023.8159662504819,975.4517888600891,982.3512573242188,1502200
2025-02-04,980.209700282992,987.9231776754323,972.9032568770318,984.2020874023438,931100
2025-02-05,988.4076520337914,995.7238540288379,974.75403403251,983.0780029296875,710200
2025-02-06,988.7468629743179,992.090018586162,973.8723193662656,975.442138671875,688500
2025-02-07,977.5158241533688,984.4443326958732,960.4512704660544,961.3136596679688,731700
2025-02-10,964.182037858952,965.4805602954259,946.5360317332716,955.0247192382812,683700
2025-02-11,949.6466168260249,958.8136350519769,943.4448193439654,957.5926513671875,884900
2025-02-12,944.8402161690085,950.5090605140922,935.9639534505392,943.5514526367188,562900
2025-02-13,948.7162722482168,951.5846137610215,940.2179447856856,949.937255859375,480500
2025-02-14,944.801509772851,948.3384826724551,938.3865545098688,943.7549438476562,965200
2025-02-18,939.122927115803,947.5825146754503,929.3648172333744,947.5728149414062,1048500
2025-02-19,940.9253203318401,959.0461390508001,936.9329333849757,955.7902221679688,760300
2025-02-20,955.9452810678247,960.6159990164301,943.8518411925887,958.736083984375,769700
2025-02-21,961.7498624201481,962.4475928074003,940.9351756586934,944.0457153320312,1254000
2025-02-24,945.1407380003956,951.8561491273637,918.7444442415588,923.2891845703125,1141500
2025-02-25,928.2796292877739,936.1965650469315,916.5640642745044,928.3377685546875,1004000
2025-02-26,926.8744901951599,937.1558542973111,922.7852239180062,924.2290649414062,614300
2025-02-27,929.393922519502,939.9466424528155,914.2771225298394,915.6240844726562,675200
2025-02-28,913.9669287715893,950.1116260203531,912.8331836800749,947.4953002929688,1412300
2025-03-03,949.4916538645082,960.1024545696857,929.1420823174623,936.5357055664062,767000
2025-03-04,922.862716362738,934.7042593270468,904.4318595094526,922.3103637695312,1040000
2025-03-05,934.1422049644918,939.6268727998365,918.4923922918957,938.1539916992188,837800
2025-03-06,927.9694822769069,938.9970160692556,919.3451169106817,929.917236328125,698000
2025-03-07,928.5532188225669,928.5532188225669,895.3874350920689,922.60009765625,1180800
2025-03-10,894.5203225941096,907.849030124902,878.3759438837195,891.7532958984375,1069500
2025-03-11,888.7036377460918,899.2651991528921,881.7080498630061,886.9888305664062,963100
2025-03-12,896.3716026030918,899.8109700140437,880.3343240438397,886.6868896484375,630200
2025-03-13,889.5707913067356,890.0384443661032,875.1898650553668,877.3333740234375,656600
2025-03-14,891.5194359325984,905.237774561147,884.6017505176051,904.8480834960938,623600
2025-03-17,913.0616400727306,936.2601240692983,909.3981988581679,933.3956298828125,922300
2025-03-18,933.0351305740519,939.7968924769635,931.4567418978539,933.9996948242188,1086200
2025-03-19,935.0324129480869,941.190102743971,926.5753495957728,932.6453247070312,1086700
2025-03-20,928.2219095058853,936.9323044044187,925.1333417845638,929.6638793945312,667900
2025-03-21,923.6524380201965,931.7782672799092,914.0748860678607,927.28662109375,5211600
2025-03-24,935.9774932624858,948.0005297293673,932.4212130203604,938.7542724609375,640000
2025-03-25,945.5550157025057,952.1804179837046,937.1564090517523,948.4779663085938,566700
2025-03-26,949.9589501630269,955.0254097907462,939.241464571444,943.37255859375,667600
2025-03-27,940.7126784033476,951.7126943138978,932.9083908615879,943.0802612304688,479100
2025-03-28,941.4239336708504,942.7977537750356,921.4796956593513,922.3858032226562,568800
2025-03-31,909.6223014301163,924.9872991108527,896.8100689266447,922.1715087890625,1195500
2025-04-01,921.615964713904,932.7914091704558,907.4883713194429,919.8330078125,668600
2025-04-02,910.0412131584584,941.1511436311251,910.0412131584584,937.136962890625,490300
2025-04-03,894.9685260982033,904.3707079367546,864.374951760117,864.8524169921875,903000
2025-04-04,830.975455539233,838.4192514032059,790.3269209501345,801.4926147460938,1615100
2025-04-07,769.3498813051241,824.486443008323,753.8679710330766,796.5040893554688,1654100
2025-04-08,827.4872909124609,834.7946673060143,784.325066241389,794.7697143554688,1812200
2025-04-09,779.9795760228169,881.6690191179708,778.6253208204097,874.0401611328125,1821500
2025-04-10,856.9019414353189,857.7982963120699,811.7033671970089,836.723876953125,1235600
2025-04-11,826.3863794877713,865.7293021461657,818.9133852347685,856.2102661132812,963000
2025-04-14,874.2252679432585,876.8851338195525,856.9993537838906,867.09326171875,970300
2025-04-15,866.0703385415502,877.6159703173926,863.468869534772,865.6221313476562,516200
2025-04-16,858.6070298861284,864.1216969347527,833.2552846919915,843.5441284179688,591500
2025-04-17,848.678733055531,867.2687163600657,843.924061774559,853.2872924804688,1034300
2025-04-21,844.7327083971796,847.6556589452667,824.0966846637942,832.0665893554688,644400
2025-04-22,847.5776803391876,865.6512456472149,842.306652453152,864.433349609375,600700
2025-04-23,885.8196546062252,905.1403748450683,865.9338733978087,869.6167602539062,553100
2025-04-24,872.5007123632528,893.1659935250426,869.9772056335638,892.7275390625,619700
2025-04-25,889.794823577407,894.685912975889,876.2615488622753,884.3776245117188,444400
2025-04-28,882.9551487011624,899.8011252639573,882.9551487011624,890.2722778320312,685200
2025-04-29,887.4954373245068,898.0277994719213,881.8054010910089,896.8781127929688,392300
2025-04-30,882.6921127219316,892.3573191998787,870.9808051833323,890.7789306640625,1028900
2025-05-01,889.5123971025162,900.1519212229081,882.6434152392741,892.6107177734375,451700
2025-05-02,907.498221064717,911.1421567186314,900.5805949325077,905.3352661132812,822500
2025-05-05,899.2360169508107,909.7196760168363,896.5566455506404,896.887939453125,384100
2025-05-06,887.1057824540038,900.0447393967197,883.2864768668823,891.470703125,482900
2025-05-07,894.0819292927583,901.2333820546739,891.3441011756614,896.7222900390625,547800
2025-05-08,906.1147295817411,920.7099779167747,903.3964068013265,904.7896728515625,626700
2025-05-09,906.1146606188474,908.1022455628437,898.4370391671653,899.72314453125,684800
2025-05-12,936.7276936289866,940.1573079865498,926.701994604227,933.4248046875,807900
2025-05-13,935.2370134211329,943.4504973129799,933.3760349397623,934.5452270507812,604900
2025-05-14,935.3441648551333,945.0775805558441,934.3698480167425,942.2228393554688,679200
2025-05-15,943.8012345395248,964.028061762132,942.2715499563419,957.8314208984375,1156600
2025-05-16,961.4071384508402,966.6392151056262,957.2857972619231,964.2911376953125,723600
2025-05-19,954.0413724044249,970.0883432822861,951.4497156033544,968.1397094726562,495000
2025-05-20,962.5179551164915,973.3426018113623,962.1574626139682,972.0857543945312,536700
2025-05-21,963.5994141859821,971.0821608425398,946.1494246711621,947.8447265625,696000
2025-05-22,947.0360319484644,952.6773054218023,940.8783419708786,944.989990234375,364100
2025-05-23,932.3140732495516,944.8242684141637,925.8932989845978,938.4425048828125,517500
2025-05-27,950.6311687620729,956.2919470377655,943.1289174470688,956.1165771484375,843100
2025-05-28,956.7694294824576,959.2149743814226,944.8340476275339,946.3345336914062,367100
2025-05-29,952.9598633628598,954.372634721586,941.1608408408146,951.2450561523438,455500
2025-05-30,948.1467496846441,954.8012912061747,942.4957236335772,954.723388671875,1061000
2025-06-02,950.6506997855016,954.7233370166902,940.2157450820138,952.9500732421875,425000
2025-06-03,950.9333162971255,959.9750058817688,946.022780416381,956.9058837890625,495700
2025-06-04,961.6506927854872,965.5479600308184,959.6923064798956,963.570068359375,491700
2025-06-05,968.7711263947364,970.6615094460923,958.5062286543101,965.2352294921875,479400
2025-06-06,973.3355314945848,980.4367388064614,967.0669153922356,968.7515869140625,627700
2025-06-09,970.9455688537932,974.0113361255509,961.3761208416738,968.5458984375,420000
2025-06-10,967.2333688587183,972.7380238563557,964.7846767856583,971.5430908203125,478700
2025-06-11,974.8733214251668,982.7189407566593,969.6821059458001,972.9143676757812,645700
2025-06-12,969.5938617416817,974.0896865995269,963.5505065689532,967.9679565429688,558500
2025-06-13,960.2007977557154,965.3430514591535,947.4872067774324,951.875244140625,674300
2025-06-16,966.3421152479667,968.849573653649,957.1741662742783,961.9442138671875,522400
2025-06-17,955.8224615355806,960.3084822541454,945.8122368097797,949.2893676757812,624800
2025-06-18,950.8859104784481,967.9875976594568,946.6154057956376,959.4171752929688,662600
2025-06-20,962.0519603625321,966.6554536453938,953.236668877445,954.44140625,859500
2025-06-23,955.3034073142164,966.2049898800708,946.6448053042494,966.0580444335938,642900
2025-06-24,975.0691708408673,985.2067319787913,972.6204787995792,984.3447875976562,699500
2025-06-25,987.0481699231807,999.0663697961352,979.4768331334659,997.185791015625,661800
2025-06-26,999.5757630938612,1015.7175229197871,996.8136311228186,1009.635009765625,631200
2025-06-27,1014.3461300541265,1028.450619607465,1013.131588411412,1026.3153076171875,799900
2025-06-30,1028.4310634090186,1032.5449378363485,1019.9390758097895,1027.716064453125,530400
2025-07-01,1025.1009388244022,1035.3071316423861,1020.0567282059101,1032.6331787109375,472900
2025-07-02,1034.3274648011786,1048.6866276676321,1028.4506042057174,1048.598388671875,495000
2025-07-03,1049.342790437299,1060.2639801846517,1044.7392975080277,1059.9407958984375,342700
2025-07-07,1061.7529232458087,1064.53460406835,1048.0598557830644,1053.8876953125,559700
2025-07-08,1053.34896794761,1057.6977874850102,1048.0401607255678,1052.9571533203125,502500
2025-07-09,1057.8349732706658,1066.4250041747614,1055.5234223065092,1066.4053955078125,340400
2025-07-10,1069.3733999545336,1083.0272515883364,1061.8999858562215,1081.3916015625,467500
2025-07-11,1077.0423952565736,1080.7937480978715,1069.412233251147,1079.03076171875,545400
2025-07-14,1078.4823175948213,1089.305584519408,1075.8964843854574,1088.6492919921875,661800
2025-07-15,1048.8726772309528,1054.3773319061922,1012.5537215738772,1024.689453125,1939400
2025-07-16,1032.9464929951312,1064.6423505944113,1031.3891582287263,1060.029052734375,1407200
2025-07-17,1062.732469247476,1086.5240021424145,1055.0043819205334,1082.6942138671875,1175600
2025-07-18,1089.109718706334,1096.220610456488,1079.9515147399156,1080.9407958984375,991300
2025-07-21,1084.9470558630283,1087.914780084462,1070.587890625,1070.587890625,445700
2025-07-22,1073.5849160447988,1081.1563723419185,1063.8881911226285,1077.8065185546875,580800
2025-07-23,1081.50910813237,1099.6881381708363,1077.9732106867293,1097.3765869140625,653400
2025-07-24,1094.0756020152182,1102.655828477157,1090.7845742656452,1095.41748046875,539500
2025-07-25,1099.2863055757184,1107.4552278476394,1094.819953720275,1100.2266845703125,516300
2025-07-28,1100.9320038557719,1102.5872623778196,1092.2048314501963,1094.8787841796875,299300
2025-07-29,1100.2952905628256,1104.7910558057988,1091.8718136038958,1098.5126953125,422000
2025-07-30,1094.3695634204973,1103.4297245403836,1086.670769943546,1091.77392578125,372400
2025-07-31,1085.5445153730616,1097.9446071099342,1080.5981090944538,1083.311279296875,498400
2025-08-01,1066.650239388839,1075.1325419883608,1055.0923652774345,1069.392822265625,673200
2025-08-04,1075.446010700396,1093.155029296875,1072.7720579356526,1093.155029296875,503100
2025-08-05,1099.697698447111,1099.697698447111,1076.9542773858327,1086.8665771484375,481300
2025-08-06,1091.1568822609788,1099.1102299573452,1083.2720453394293,1097.5430908203125,404900
2025-08-07,1106.80887197365,1108.6993149565271,1085.4171304395586,1089.9912109375,381400
2025-08-08,1096.7397049431147,1103.0574018759078,1091.6758865419783,1101.8819580078125,427800
2025-08-11,1101.9115740546838,1109.8257048053622,1098.7576869561144,1104.781494140625,575600
2025-08-12,1111.049953293242,1137.662382855985,1108.3465875707566,1135.8111572265625,669000
2025-08-13,1142.5597205651372,1147.8391150191112,1124.439399235986,1136.2225341796875,570800
2025-08-14,1130.4435796341568,1138.6417957811796,1121.334397441891,1136.349853515625,407600
2025-08-15,1139.6409599002636,1139.6409599002636,1111.1480109054685,1111.716064453125,582200
2025-08-18,1110.7267365380926,1117.5830744179575,1103.694040218412,1112.80322265625,405800
2025-08-19,1103.16518381503,1111.7061930075486,1098.7771467827286,1105.3101806640625,611700
2025-08-20,1102.7537991256006,1109.590528452412,1091.147022291039,1105.3004150390625,573100
2025-08-21,1101.735136749864,1105.8294027361983,1095.868079776193,1101.6666259765625,275100
2025-08-22,1105.7216150181994,1133.9893020366455,1102.8909126264418,1124.60595703125,433700
2025-08-25,1119.9437403600243,1126.398459794895,1113.24403212971,1113.76318359375,415000
2025-08-26,1111.7355913339134,1118.9641349677088,1102.4305616474169,1116.40771484375,580200
2025-08-27,1115.0266685966965,1121.2855400327146,1108.3368847367494,1108.4053955078125,310000
2025-08-28,1110.53110550384,1114.644861207754,1103.9881463285428,1107.2791748046875,475200
2025-08-29,1108.6698878036489,1110.863906416831,1095.4958522256516,1104.007568359375,356100
2025-09-02,1094.8984209570606,1097.0043201984147,1078.002444485465,1091.8914794921875,391300
2025-09-03,1089.7659766585437,1090.3536388864134,1070.2352646345278,1076.925048828125,412900
2025-09-04,1086.2398256207612,1090.1577330170487,1078.9720643572311,1086.0047607421875,460000
2025-09-05,1090.0986480769068,1092.5294692195368,1071.2629376218204,1081.6748046875,487600
2025-09-08,1080.8185816441273,1088.2386222274272,1076.6066001178808,1087.35302734375,671000
2025-09-09,1084.0464235039037,1096.0031553034191,1082.5604212899425,1088.091064453125,334200
2025-09-10,1089.6754426469934,1100.7367288708294,1081.3401355603157,1085.355224609375,367400
2025-09-11,1087.4317044843385,1123.6761043835531,1085.4339504404888,1116.1478271484375,585100
2025-09-12,1114.7108681386455,1121.8751523284589,1100.8646197734743,1105.5489501953125,544800
2025-09-15,1102.763985720698,1107.714043167061,1092.8442897144505,1097.3809814453125,506800
2025-09-16,1102.1931678199755,1105.5292847702588,1089.016040442728,1101.100830078125,547500
2025-09-17,1103.1773716820783,1115.4293827537638,1099.2409671444082,1113.7860107421875,508000
2025-09-18,1118.863861641505,1133.625378335047,1116.462712588197,1119.0509033203125,523900
2025-09-19,1120.664842350948,1126.8450261643916,1108.0978519320242,1124.679931640625,1505500
2025-09-22,1119.1099077003275,1124.7390574691015,1115.6754043628846,1118.1455078125,366000
2025-09-23,1120.3990296502236,1128.0356633010647,1109.48538279565,1113.75634765625,427100
2025-09-24,1115.4785215745792,1122.2983945943488,1107.7139500040093,1110.0462646484375,345400
2025-09-25,1104.8306043178452,1130.8501780560964,1100.224958610857,1129.04931640625,680300
2025-09-26,1133.684397060559,1141.0454536124162,1132.4838226239237,1138.0635986328125,435500
2025-09-29,1148.839696169379,1163.3453373791249,1145.3460890665895,1156.8699951171875,567500
2025-09-30,1157.9426234313808,1164.6836921738654,1136.144759285786,1147.333984375,691600
2025-10-01,1135.6525796604385,1138.5261978919948,1115.6654302366544,1122.9281005859375,604300
2025-10-02,1127.3272284093307,1148.9183491851813,1120.4975042118065,1142.0887451171875,615800
2025-10-03,1148.4065389453015,1149.4398931140786,1139.441392669824,1142.2362060546875,377200
2025-10-06,1150.3944356939915,1165.3035907503313,1140.1794619055818,1160.5208740234375,772600
2025-10-07,1160.5208260604622,1165.126351549564,1136.666227008011,1147.6881103515625,531300
2025-10-08,1152.8153366343658,1159.4580190692336,1137.099270875106,1146.477783203125,393500
2025-10-09,1152.018215930358,1158.7789853325955,1138.7230011464562,1148.869140625,478000
2025-10-10,1153.858521394268,1162.1545463922866,1113.3922896111915,1114.356689453125,643500
2025-10-13,1129.3740031225418,1144.9424283379265,1126.520086150375,1136.7547607421875,742400
2025-10-14,1121.8752479971643,1190.5851335745244,1116.9547425234925,1175.2725830078125,1146400
2025-10-15,1180.9213045939566,1200.5442226097864,1159.2710806764007,1183.4700927734375,1003700
2025-10-16,1184.8576444168536,1190.6540139201163,1149.557945147921,1152.736572265625,1250200
2025-10-17,1150.4732751571794,1157.4800700958647,1135.8002943044723,1142.6988525390625,777500
2025-10-20,1159.2709464237607,1160.2451967768627,1140.1990647580603,1141.55712890625,678800
2025-10-21,1139.7464987219962,1141.28163388324,1111.51257730311,1112.0341796875,1052000
2025-10-22,1111.5421693002602,1116.8956215105916,1102.4096824513726,1111.7193603515625,618600
2025-10-23,1113.5202774879667,1114.5142292380863,1102.1834132672416,1107.11376953125,371600
2025-10-24,1123.1249588406863,1126.3035858254827,1115.2225990404645,1118.5587158203125,560700
2025-10-27,1128.1635641483126,1128.1635641483126,1111.0007801748973,1113.3233642578125,726100
2025-10-28,1113.972861872602,1120.5467098919212,1106.6610581786542,1107.064453125,390000
2025-10-29,1099.8510268290404,1103.974472756377,1079.5490170645583,1080.54296875,861700
2025-10-30,1079.9524734029399,1089.2915823861524,1073.6049498048337,1080.5921630859375,631700
2025-10-31,1072.6701110888146,1075.1500648782935,1056.688320144972,1065.594482421875,895300
2025-11-03,1061.9238288092658,1064.6301069797016,1040.3916907789455,1051.8367919921875,790900
2025-11-04,1044.1312302749013,1050.4097998766458,1040.194826013733,1043.05859375,934800
2025-11-05,1042.1531922848735,1065.3582524865199,1036.8784249157366,1056.5013427734375,550200
2025-11-06,1052.633904014409,1061.8943289048605,1039.2795849544902,1052.43701171875,415700
2025-11-07,1047.506765343831,1066.1652833774447,1040.9526185153738,1064.994140625,470300
2025-11-10,1070.3871169105587,1074.5891276186921,1054.1591795615882,1065.4173583984375,413500
2025-11-11,1064.9546971975053,1069.3733007676262,1059.5814244258252,1068.4974365234375,309600
2025-11-12,1069.1274099528864,1081.1727972531894,1068.8518328264588,1076.5377197265625,432800
2025-11-13,1073.0343454319009,1075.9767982033068,1043.7376355405245,1052.643798828125,541700
2025-11-14,1043.1470566923022,1048.894172877814,1031.5937205992977,1041.1197509765625,459100
2025-11-17,1036.7406066509707,1038.2857125736382,997.9867024557897,1007.5226440429688,935200
2025-11-18,1005.7512821910228,1010.4454634626773,994.4341200137266,1002.936767578125,749500
2025-11-19,1003.7830933674645,1009.1365455365855,993.0170252379719,998.5476684570312,838600
2025-11-20,1012.7482139021323,1016.0744802456461,974.830831800907,976.739990234375,677800
2025-11-21,983.116995721909,999.2365764929809,975.057205336373,998.5870361328125,1229200
2025-11-24,990.8421370403595,1007.9359677992853,988.9625304275513,1003.2811889648438,1010300
2025-11-25,1003.2811784020033,1016.5763933111392,994.8474251238772,1013.3977661132812,688700
2025-11-26,1014.7163331587798,1031.6526723509094,1013.6633979816036,1023.5241088867188,561000
2025-11-28,1033.1979582331312,1037.183495764476,1027.2637995396574,1030.649169921875,300300
2025-12-01,1022.4810694986423,1035.8352689160433,1020.5128672474418,1023.4060668945312,624600
2025-12-02,1026.4173006008787,1028.5035898295178,1014.608089088692,1022.10693359375,376500
2025-12-03,1026.4863239176887,1069.8064753496958,1024.1048760402246,1062.7012939453125,863200
2025-12-04,1063.6361727030921,1069.5703315837059,1055.586292412596,1058.4794921875,597800
2025-12-05,1056.6203595902864,1062.0691598159428,1051.0825929556993,1060.2496337890625,544100
2025-12-08,1062.0690642877735,1066.875060651634,1045.4062730365365,1050.22216796875,612600
2025-12-09,1048.4817618994618,1062.1580833278408,1047.413802892649,1059.4090576171875,445300
2025-12-10,1065.2731857746871,1077.6640219374146,1059.6167568742617,1071.3251953125,840700
2025-12-11,1072.80837994907,1092.0620606172777,1068.991274804119,1089.5997314453125,774100
2025-12-12,1094.9596511699474,1094.9596511699474,1072.9568225446383,1076.991455078125,608000
2025-12-15,1083.2611555270623,1086.6430862213815,1066.51917416192,1070.1385498046875,564700
2025-12-16,1069.3472814890238,1071.1569087721048,1052.0713826836818,1056.274169921875,651500
2025-12-17,1060.882466584556,1071.7107763156084,1052.813081057013,1053.1690673828125,648100
2025-12-18,1061.980132231997,1066.5290073942906,1045.7029017631164,1053.1591796875,588400
2025-12-19,1055.0974128287608,1056.6896338821764,1045.9996621152106,1048.392822265625,1174100
2025-12-22,1054.4842723058807,1078.8406665235173,1053.9305560250036,1076.1212158203125,575500
2025-12-23,1073.4908451698327,1079.6120234968203,1071.364705036654,1074.479736328125,265400
2025-12-24,1077.713346979441,1082.1732559175844,1071.9580533497146,1076.8629150390625,195100
2025-12-26,1078.603330292875,1079.562525740633,1072.5810169662707,1076.0223388671875,230300
2025-12-29,1078.9197689837226,1079.9185586376166,1070.7317218210915,1076.30908203125,295100
2025-12-30,1076.4476383674082,1077.8913808544864,1069.990150022611,1071.2757568359375,273100
2025-12-31,1070.9196097978916,1073.3028712408766,1058.1925856781852,1058.44970703125,327600
2026-01-02,1059.5375335733227,1077.7727501448173,1057.124696978629,1073.00634765625,603300
2026-01-05,1073.8171626711865,1119.0787314333406,1071.2163740312135,1107.32080078125,926200
2026-01-06,1106.8855394241089,1111.7905213945392,1094.4651299067327,1099.923828125,537600
2026-01-07,1095.8496712020208,1100.4381407100614,1063.0283105445874,1063.14697265625,839400
2026-01-08,1048.353149753623,1080.3140576950523,1048.353149753623,1075.83447265625,558100
2026-01-09,1078.118792859767,1080.6306150412684,1068.0024555809061,1073.0457763671875,613800
2026-01-12,1066.4993915664118,1078.8012612061568,1061.980211771662,1077.15966796875,726700
2026-01-13,1077.4365234375,1081.8469394248755,1061.8020961049804,1077.4365234375,730700
2026-01-14,1058.6377180697268,1081.856863972701,1058.5190559551086,1079.7208251953125,953900
2026-01-15,1116.0822570979153,1149.4177371111869,1112.561867589141,1143.8009033203125,1401700
2026-01-16,1146.6192612645873,1168.2364068058234,1146.1248157012994,1150.24853515625,1125600
2026-01-20,1131.2914329198893,1135.6029836855175,1093.7036720693186,1097.7186279296875,1026100
2026-01-21,1107.5580298044872,1122.7374840165478,1102.2179937322237,1115.32080078125,687700
2026-01-22,1124.9625156120458,1135.2668045546234,1119.879600762113,1127.0589599609375,683500
2026-01-23,1121.3135968234828,1123.864892531366,1108.546978286932,1117.3580322265625,730400
2026-01-26,1120.9773238619662,1128.7994869101576,1108.6557783650449,1109.0810546875,739300
2026-01-27,1109.100924820911,1112.9970983908677,1085.8025891009975,1094.39599609375,537100
2026-01-28,1093.713626738694,1111.3258363019843,1086.1881794708047,1109.2095947265625,616100
2026-01-29,1114.6188041519583,1122.391474236733,1094.9596429288276,1115.251708984375,701000
2026-01-30,1102.9794774607935,1116.527237442633,1090.4897778571135,1106.509765625,632100
2026-02-02,1105.7088913630157,1111.8399683458547,1092.665354028369,1107.221923828125,498700
2026-02-03,1102.6136620695988,1106.1637475941186,1036.8919930917518,1058.192626953125,947200
2026-02-04,1056.9070569911237,1069.9504726345992,1031.3540240973116,1064.205078125,827600
2026-02-05,1054.059188060777,1066.8949769345563,1037.5842263398974,1043.08251953125,756100
2026-02-06,1057.6190216741304,1063.4337061169535,1035.9325869373163,1044.644775390625,1343700
2026-02-09,1033.4802059841245,1072.6402709201584,1032.4122470118305,1067.903564453125,799400
2026-02-10,1067.2607744346542,1101.189687759337,1066.7564302906374,1075.696044921875,956500
2026-02-11,1076.912371504847,1086.791384533319,1056.4521506388091,1070.8504638671875,970000
2026-02-12,1072.254751750349,1075.9037022514653,1005.7023272374306,1043.9031982421875,1153000
2026-02-13,1045.4557206133734,1060.289088503542,1035.3690787337616,1059.6068115234375,669100
2026-02-17,1062.6722971253591,1075.8146990497303,1047.4631465112686,1060.75390625,921900
2026-02-18,1068.239730167,1091.528164249243,1058.4595825378585,1080.126220703125,700000
2026-02-19,1065.9257317584477,1072.719408729042,1052.2789864089264,1069.2681884765625,662400
2026-02-20,1062.9690542718047,1090.3315960213467,1056.2049516724812,1081.490966796875,567700
2026-02-23,1087.7506787140562,1095.9090315222286,1044.2691594460453,1059.1124267578125,727200
2026-02-24,1049.3421371446304,1081.7085272153486,1039.7301435305899,1069.0408935546875,737300
2026-02-25,1074.4203393957764,1085.4761956029536,1049.7079591341578,1081.62939453125,774200
2026-02-26,1087.7802163401143,1095.7408380272109,1048.3432342136864,1078.1583251953125,725400
2026-02-27,1061.1494793312634,1068.0025488003416,1028.891851621068,1051.4188232421875,1191600
2026-03-02,1027.2303803535676,1063.572126619049,1020.4860757595638,1056.4422607421875,708700
2026-03-03,1021.5542034146433,1055.1369065884446,1017.5689433047228,1040.8968505859375,893200
2026-03-04,1048.2245955111239,1051.1813703262278,1033.3912285935137,1037.57421875,482100
2026-03-05,1028.1402221035555,1034.835034765771,1010.7654570312387,1023.5023803710938,672800
2026-03-06,985.7352029546148,989.2454514414555,943.4336011993796,950.0960693359375,1846200
2026-03-09,924.1721363990351,955.0083786511656,913.8502968522603,952.3035888671875,1933100
2026-03-10,959.5925091231584,971.326374298161,951.1898475523124,961.9392700195312,1159200
2026-03-11,959.3737463648179,961.9790599645049,935.0408359504822,945.8399658203125,1088600
2026-03-12,927.3542043826512,938.8096095488515,912.2493207582107,917.7284545898438,1133100
2026-03-13,927.7022241369674,938.1433863140992,915.7595136882221,918.931640625,1236600
2026-03-16,926.2503927440276,941.2161072343669,923.7942627497255,937.974365234375,926900
2026-03-17,952.6317409209413,969.9939237271307,948.7038630446958,965.56884765625,1345600
2026-03-18,958.3495270281215,970.8192359894164,957.1264388823572,962.8839721679688,842000
2026-03-19,951.8362085555061,966.5532625545404,944.2887134731708,964.1666870117188,913300
2026-03-20,964.8230683808214,966.3444633243822,940.2217109617857,952.542236328125,1409900
2026-03-23,971.4158886461022,982.7619245717656,959.5925011894459,969.1188354492188,911800
2026-03-24,954.6205119171634,973.1958287617084,951.1798786392658,970.5905151367188,626000
2026-03-25,982.4636515064461,986.5705135286196,958.4987223410855,975.8508911132812,877400
2026-03-26,967.1400040035032,979.6594204663974,961.1338110118126,963.0331420898438,739600
2026-03-27,954.42166446974,956.0922431593721,924.7886635192564,928.6170654296875,877300
2026-03-30,934.1856776754322,948.1668881461553,925.4747558030502,928.8258666992188,806600
2026-03-31,944.9947943220772,961.6608877003463,935.2596754136408,956.3209838867188,800200
2026-04-01,969.4868012725601,973.5041409575707,950.9412837727305,952.03515625,624400
2026-04-02,926.2106478274598,965.7975667786402,924.0428709205835,961.143798828125,568800
2026-04-06,955.7442068271703,960.6764347692994,949.6485521032449,954.0338134765625,451000
2026-04-07,949.6385853782278,956.609313684691,943.970513896562,953.0891723632812,471200
2026-04-08,996.3851785619935,1011.5994311259591,990.2000621750838,995.927734375,1247100
2026-04-09,988.2013367018801,1000.6809994697846,976.7160096477304,996.00732421875,676700
2026-04-10,996.7730240257004,997.3099762332815,985.6258185090951,993.7102661132812,670700
2026-04-13,987.2367146336396,1019.902672155958,986.4014556619979,1017.9138793945312,929400
2026-04-14,1044.1162508525335,1067.9817651577343,1035.0473602720085,1048.6507568359375,1349700
2026-04-15,1047.904886602721,1056.0489345273081,1037.6028334911773,1042.7239990234375,1005800
2026-04-16,1048.2031760191244,1052.469175424356,1005.7424375445353,1019.20654296875,950300
2026-04-17,1032.4619428964038,1061.3490860322306,1030.3339199937107,1046.2442626953125,1105200
2026-04-20,1042.783811451854,1054.0602331656742,1039.1442864699336,1042.545166015625,638300
2026-04-21,1043.6090320198568,1064.7300011142424,1034.570003044734,1037.0062255859375,673900
2026-04-22,1048.8097850049617,1057.461106872493,1042.4357912169683,1056.516357421875,550900
2026-04-23,1050.182039913512,1059.032192371147,1035.8826144699883,1047.5667724609375,538800
2026-04-24,1047.9545784699014,1053.1950669343694,1036.598527851066,1039.1143798828125,365900
2026-04-27,1035.0174483777398,1052.5685687710163,1035.0174483777398,1050.937744140625,532500
2026-04-28,1056.0788265966453,1061.0109938445978,1041.9881860593941,1043.8775634765625,424500
2026-04-29,1043.1217519176764,1049.7245581262914,1025.5407713638617,1033.5556640625,398100
2026-04-30,1035.1666569103586,1061.4386536118898,1027.7086838778632,1059.6287841796875,573100
2026-05-01,1063.8848369760112,1074.6740137572924,1054.646855474907,1055.7308349609375,471100
2026-05-04,1049.088227862727,1062.512579593672,1044.0068766998122,1046.3536376953125,424600
2026-05-05,1049.0881886435545,1059.0022914926262,1041.6501230880567,1043.0323486328125,541500
2026-05-06,1059.7779508021038,1075.5092482546227,1058.8829697754022,1067.5540771484375,662600
2026-05-07,1069.5926846722755,1074.6839895455219,1052.5586689471768,1061.7568359375,477200
2026-05-08,1068.299860942885,1079.1487593900392,1061.0209328826488,1078.7509765625,490600
2026-05-11,1077.9256557757453,1083.7727112363266,1065.5355159561004,1075.2606201171875,587400
2026-05-12,1068.767330604505,1090.1169918802564,1064.9985294577732,1086.3780517578125,484400
2026-05-13,1080.4515422766083,1091.9566556296893,1070.388255201029,1087.9691162109375,823200
2026-05-14,1093.836059164456,1104.8638814455096,1090.2662100140687,1097.843505859375,502200
2026-05-15,1088.386802534604,1093.5874764538796,1073.9481469153807,1075.8375244140625,456400
2026-05-18,1076.7522547709223,1091.9167998474431,1073.6100495499084,1079.795166015625,458200
2026-05-19,1068.4391213696927,1077.9257019072088,1030.2145818663678,1030.4930419921875,1024100
2026-05-20,1032.2828777986838,1046.4133331748947,1024.4171682923475,1045.6773681640625,760400
2026-05-21,1043.002514761077,1059.4001019042892,1039.2635745364407,1057.7891845703125,624700
2026-05-22,1064.7797738794734,1073.938125600797,1059.221010774735,1066.9873046875,450900
2026-05-26,1071.4620862579582,1078.3730924593576,1065.107878901639,1071.3626708984375,507400
2026-05-27,1074.7833248376035,1078.9200476721344,1060.7324994534822,1064.3421630859375,515300
2026-05-28,1049.0682700190653,1056.3373657978077,1039.1442136018775,1040.6258544921875,846000
2026-05-29,1036.031736373398,1054.567299190978,1034.172220025534,1041.013671875,1077900
2026-06-01,1035.2859495324692,1047.3380287472326,1009.6205815103406,1015.0101928710938,904800
2026-06-02,1011.5198823778188,1030.3040450423555,1001.3571802472422,1013.2501831054688,727600
2026-06-03,995.5001754454324,995.758728222934,978.2374683342435,985.3175659179688,793100
2026-06-04,992.2485067668755,1019.922574911562,985.9141460125742,1016.8299560546875,1023800
2026-06-05,1011.9500122070312,1011.9500122070312,991.1799926757812,995.5999755859375,724100
2026-06-08,1002.1900024414062,1005.0,990.760009765625,994.77001953125,531700
2026-06-09,,,,,488892
