Date,Open,High,Low,Close,Volume
1999-07-16,16.375626313362236,16.425049732819065,16.24383052814403,16.35915184020996,231400
1999-07-19,16.77101613337071,16.787490608943767,16.21088396388682,16.39210319519043,158200
1999-07-20,16.276773676000825,16.276773676000825,16.0131821994664,16.046131134033203,79400
1999-07-21,16.04612974260674,16.128502071880902,15.914334015768082,16.079078674316406,75200
1999-07-22,16.062605601316605,16.079080068600007,15.980233264899596,16.046131134033203,33500
1999-07-23,15.420104036113727,15.420104036113727,15.090614633632665,15.17298698425293,114700
1999-07-26,15.107089916179921,15.354206981330083,15.090615445169911,15.288309097290039,46000
1999-07-27,15.634273000665614,15.881390066008063,15.551900645551463,15.848441123962402,82400
1999-07-28,15.420105539309752,15.650748143530196,15.288309765469497,15.518952369689941,93100
1999-07-29,15.518956455977065,15.518956455977065,15.156517982482908,15.15651798248291,65600
1999-07-30,15.881388664245605,15.881388664245605,15.68369502942097,15.881388664245605,82900
1999-08-02,15.947287584255317,16.68863876327545,15.947287584255317,16.50741958618164,73700
1999-08-03,16.67216964751955,16.67216964751955,16.44152698441157,16.606271743774414,97300
1999-08-04,16.672163640449657,16.86985728045499,16.49094447044477,16.8369083404541,64500
1999-08-05,16.161452876035927,16.27677415038073,15.815489053001519,16.260299682617188,192800
1999-08-06,15.76607528952665,15.84844767870913,15.551907077652203,15.584856033325195,110200
1999-08-09,15.486005533236666,15.55190342912278,15.43658211132208,15.469531059265137,52900
1999-08-10,15.024724550722995,15.189469337463379,14.925877678678765,15.189469337463379,67500
1999-08-11,15.354208098066616,15.486003875732424,15.255361264817259,15.486003875732422,46500
1999-08-12,16.11203683223941,16.11203683223941,15.914343128776352,15.930817604064941,70200
1999-08-13,15.815491351884667,16.079082874416077,15.815491351884667,15.980236053466797,55200
1999-08-16,15.980231980913318,16.046129844752137,15.881385185155091,15.963757514953613,53000
1999-08-17,16.079082874416077,16.079082874416077,15.947287113150372,15.980236053466797,36800
1999-08-18,16.144078402872253,16.177433936762487,15.91058966564063,15.993978500366211,36000
1999-08-19,16.277499602132078,16.57769938987632,16.277499602132078,16.527666091918945,69300
1999-08-20,16.677765978183672,16.911254701878242,16.677765978183672,16.877899169921875,52300
1999-08-23,16.977970466688422,17.311525878607643,16.977970466688422,17.044681549072266,105400
1999-08-24,16.944616570439962,16.99464988708496,16.594383353924965,16.99464988708496,119000
1999-08-25,17.01132890183916,17.078039995571864,16.460962378544366,16.47764015197754,137700
1999-08-26,16.944610241563723,16.944610241563723,16.510988325933152,16.527666091918945,89700
1999-08-27,16.59438566196184,16.711130083704287,16.29418572033841,16.310863494873047,88100
1999-08-30,16.677765985791066,16.76115481572002,16.510988325933152,16.527666091918945,97400
1999-08-31,16.594377607705603,16.67776643990513,16.37756664398684,16.611055374145508,51000
1999-09-01,16.46094884737026,16.46094884737026,16.32752676958003,16.444271087646484,81200
1999-09-02,16.19411277770996,16.210790545761153,16.01065732914682,16.19411277770996,41400
1999-09-03,16.410929058244836,16.47764015197754,16.36089573794531,16.47764015197754,88300
1999-09-07,16.611062339442945,16.611062339442945,16.44428460511119,16.47764015197754,21900
1999-09-08,16.277502410265864,16.394246792306706,16.24414687253991,16.344213485717773,25900
1999-09-09,16.744478046775104,16.744478046775104,16.627733677923086,16.711122512817383,74300
1999-09-10,16.744476318359375,16.744476318359375,16.611054196300735,16.744476318359375,82200
1999-09-13,16.444271087646484,16.47762660709404,16.32752676958003,16.444271087646484,75400
1999-09-14,16.2441382354012,16.2441382354012,16.127393915434247,16.160749435424805,59200
1999-09-15,15.793848387738493,15.793848387738493,15.476970753771194,15.677103996276855,118500
1999-09-16,15.610401153564455,15.64375671158489,15.476978921482706,15.610401153564453,58400
1999-09-17,15.827202977360907,16.07736951546461,15.827202977360907,16.04401397705078,54200
1999-09-20,15.87723282419574,15.927266120910643,15.760488465194301,15.927266120910645,41100
1999-09-21,15.693777540052258,15.693777540052258,15.41025552285684,15.426933288574219,50900
1999-09-22,15.443617257849173,15.74381716134948,15.443617257849173,15.710461616516113,97000
1999-09-23,15.677099403936364,15.677099403936364,15.343544097469632,15.360221862792969,33700
1999-09-24,15.643749337771842,15.677104880069862,15.426938312834706,15.476971626281738,44700
1999-09-27,15.943943977355957,16.110721634022863,15.927266211689266,15.943943977355957,66700
1999-09-28,15.643746356490874,15.67710189243222,15.410257604901458,15.460290908813477,86900
1999-09-29,15.160095632206689,15.360228907879385,15.160095632206689,15.243484497070312,79600
1999-09-30,15.310193056695814,15.493648529052736,15.310193056695814,15.493648529052734,58400
1999-10-01,15.493644351443729,15.493644351443729,15.260155631400442,15.426933288574219,28500
1999-10-04,15.54367492015158,15.843874650369099,15.54367492015158,15.793841361999512,55300
1999-10-05,15.543681839695532,15.693781771623923,15.47697075883847,15.493648529052734,61400
1999-10-06,15.710461951209426,15.877239678929271,15.693784178437442,15.777173042297363,30400
1999-10-07,15.843890059707512,15.860567838717731,15.54369003752358,15.610401153564453,308700
1999-10-08,15.610389206792037,15.727133570518046,15.5103226093126,15.693778038024902,32500
1999-10-11,15.543676191760646,15.577031720069145,15.3935763143724,15.510320663452148,34200
1999-10-12,15.476973318688458,15.476973318688458,14.959962356533994,15.243484497070312,94700
1999-10-13,14.9599569124334,14.9599569124334,14.593046040556551,14.743145942687988,159300
1999-10-14,14.82653483860277,15.11005687713623,14.709790469794873,15.11005687713623,81900
1999-10-15,14.409588722061033,14.543010839857894,14.176100015916525,14.392910957336426,124700
1999-10-18,14.276169266296456,14.35955810546875,14.209458194958623,14.35955810546875,20900
1999-10-19,14.709790916573066,14.843213056405927,14.60972431169842,14.659757614135742,28800
1999-10-20,14.776498558246983,15.076698303222654,14.776498558246983,15.076698303222656,61900
1999-10-21,14.342874152475297,14.609718322753908,14.342874152475297,14.609718322753906,84100
1999-10-22,15.310191242687074,15.426935620354621,15.243480169734188,15.326869010925293,43300
1999-10-25,15.16008867891293,15.39357739343964,15.16008867891293,15.360221862792969,97400
1999-10-26,15.36022081686103,15.476965166174848,15.310187524297964,15.34354305267334,79700
1999-10-27,15.243479925194732,15.476968676784148,15.176768853312042,15.460290908813477,35000
1999-10-28,15.893917451701256,16.21079513436896,15.593717541805534,15.777173042297363,542500
1999-10-29,16.27749717441307,16.47763033639356,16.27749717441307,16.427597045898438,179400
1999-11-01,16.277503621921618,16.277503621921618,16.160759231190625,16.210792541503906,60100
1999-11-02,16.227468047260253,16.2441458150375,16.127401440596778,16.144079208374023,34800
1999-11-03,16.244144439697266,16.310855505158035,16.077366776045345,16.244144439697266,56400
1999-11-04,16.527675547744288,16.67777552749171,16.410931119051845,16.510997772216797,95000
1999-11-05,16.4943144532942,16.611058842751287,16.410925603681996,16.544347763061523,54200
1999-11-08,16.427597045898438,16.627730207878926,16.410919282400062,16.427597045898438,59300
1999-11-09,16.91126052012919,17.044682693858018,16.82787166154867,16.894582748413086,107100
1999-11-10,16.84454354758786,16.927932377031365,16.81118801581046,16.861221313476562,34700
1999-11-11,16.861229865042656,16.87790763938988,16.61106324983431,16.661096572875977,52300
1999-11-12,16.694446925875507,17.128068923950195,16.611058080091915,17.128068923950195,51600
1999-11-15,17.111392803490162,17.244814969599247,17.028003949671984,17.07803726196289,67100
1999-11-16,17.511650803801302,18.01198368390991,17.511650803801302,17.978628158569336,93500
1999-11-17,17.8452137159572,18.028669184065173,17.828535946129204,17.99531364440918,65400
1999-11-18,17.7117890671118,17.978633346842297,17.66175576466233,17.87856674194336,94900
1999-11-19,17.77850832722404,17.77850832722404,17.528341699730266,17.611730575561523,61800
1999-11-22,17.81185459640791,17.878565662312056,17.561688099267347,17.67843246459961,52600
1999-11-23,17.96195411682129,18.078698479697568,17.911920818445743,17.96195411682129,76500
1999-11-24,18.011986692138453,18.6790973103658,18.011986692138453,18.52899742126465,84400
1999-11-26,18.078699111938477,18.1454101787722,17.928599211562602,18.078699111938477,38700
1999-11-29,18.39557803035108,18.39557803035108,18.212122583085566,18.328866958618164,53300
1999-11-30,17.37823114001968,17.57836432013507,17.278164549961986,17.394908905029297,77300
1999-12-01,17.34487713507886,17.67843246459961,17.34487713507886,17.67843246459961,72600
1999-12-02,17.61171598246046,17.761815834583704,17.56168269841938,17.72846031188965,49200
1999-12-03,17.878566919536343,18.12873343426866,17.878566919536343,17.911922454833984,74100
1999-12-06,18.112058120303686,18.262158049477474,17.9452804212217,18.011991500854492,220200
1999-12-07,18.04534332707243,18.04534332707243,17.628399165171494,17.67843246459961,71800
1999-12-08,17.67843370775049,18.045344596024556,17.628400404804026,17.911922454833984,110600
1999-12-09,17.9119248814053,18.04534704067089,17.9119248814053,18.011991500854492,37400
1999-12-10,18.312190499297163,18.612390343547936,18.312190499297163,18.57903480529785,77300
1999-12-13,18.312188089969787,18.512321293138857,18.295510323039032,18.478965759277344,36100
1999-12-14,18.412257200506236,18.61239043094652,18.412257200506236,18.595712661743164,73900
1999-12-15,17.811855672010736,17.91192227690967,17.74514460207811,17.87856674194336,63900
1999-12-16,17.945274353027344,18.112051995713472,17.87856329595289,17.945274353027344,45100
1999-12-17,18.212125778198242,18.378903486789802,18.17877023647993,18.212125778198242,42700
1999-12-20,18.545679164085772,18.545679164085772,18.145412707306942,18.195446014404297,44900
1999-12-21,18.26215190244134,18.41225178109154,18.178763080969006,18.295507431030273,35500
1999-12-22,18.41225954483116,18.41225954483116,18.2621596028896,18.312192916870117,28300
1999-12-23,18.378897532163496,18.54567518672033,18.295508704885076,18.52899742126465,26500
1999-12-27,18.49563984322337,18.879228406247837,18.41225102517457,18.84587287902832,52400
1999-12-28,18.912583933467356,18.912583933467356,18.679095242930725,18.84587287902832,26600
1999-12-29,18.51232100125951,18.812520801279938,18.3288655679137,18.779165267944336,42300
1999-12-30,18.77917496701504,18.845886068141205,18.71246386588888,18.812530517578125,19500
1999-12-31,18.81252222011052,19.079366506920596,18.81252222011052,19.046010971069336,22200
2000-01-03,19.062693537704508,19.079371309828485,18.762493639472943,18.862560272216797,59500
2000-01-04,17.89524746479961,18.14541401836158,17.61172537076271,17.7117919921875,84500
2000-01-05,17.278175072236493,17.69511945139278,17.01133066957647,17.611730575561523,118200
2000-01-06,17.07803172210039,17.178098314222073,16.861220772503415,17.111387252807617,105400
2000-01-07,17.011313994348896,17.595035552978516,16.911247441440963,17.595035552978516,117700
2000-01-10,17.01133066957647,17.611730575561523,16.91126401857896,17.611730575561523,61400
2000-01-11,16.744478046775104,16.94461125052142,16.627733677923086,16.711122512817383,103200
2000-01-12,16.811190181935327,16.911256790161133,16.74447910978479,16.911256790161133,47300
2000-01-13,16.911259892385758,17.244815314326303,16.794515494706566,17.14474868774414,50000
2000-01-14,16.827870531324773,17.07803709026419,16.744481678344968,17.044681549072266,66700
2000-01-18,16.61105482514605,16.894576845253965,16.44427716625904,16.861221313476562,128200
2000-01-19,15.84388572825624,16.510996706288083,15.810530179354648,16.294185638427734,226700
2000-01-20,15.810524921952776,15.810524921952776,15.410258468232453,15.44361400604248,237900
2000-01-21,16.060695179421103,16.21079513436896,15.777173042297365,15.777173042297363,167100
2000-01-24,16.27750780199657,16.27750780199657,15.777174570377825,15.893918991088867,106800
2000-01-25,15.727124314186938,15.777157583479156,15.610380019171764,15.743802070617676,71700
2000-01-26,15.743814131326339,16.04401397705078,15.743814131326339,16.04401397705078,62400
2000-01-27,16.56101540571294,16.694437483503172,16.377560048751366,16.444271087646484,84400
2000-01-28,15.960626858472823,16.21079342365265,15.960626858472823,16.01066017150879,64200
2000-01-31,15.810530258833996,16.310863494873047,15.677108062556915,16.310863494873047,58200
2000-02-01,15.743810789355674,15.943943977355957,15.610388664022151,15.943943977355957,69900
2000-02-02,15.610380019171764,15.793835339909894,15.543668993448808,15.743802070617676,84600
2000-02-03,15.943944068039722,16.01065513108591,15.843877473470434,15.96062183380127,38600
2000-02-04,15.276831995922588,15.410254109424095,15.076698825670327,15.34354305267334,235100
2000-02-07,15.176773405179414,15.34355113490666,14.976640129506718,15.243484497070312,112700
2000-02-08,15.360221026431716,15.81052066564307,15.360221026431716,15.727131843566895,104000
2000-02-09,15.743823385646202,15.743823385646202,15.510334479503143,15.610401153564453,104100
2000-02-10,15.643749337771842,15.677104880069862,15.343549457089653,15.476971626281738,97000
2000-02-11,14.943279087143456,15.043345688173433,14.809856952436817,14.909923553466797,170700
2000-02-14,14.909923553466797,14.959956853981785,14.826534719275147,14.909923553466797,85300
2000-02-15,15.043351385791228,15.276840209960938,15.043351385791228,15.276840209960938,135500
2000-02-16,15.943953289763297,16.244153247101938,15.943953289763297,16.094053268432617,114500
2000-02-17,16.544345906785047,16.611056978989826,16.177435009658765,16.19411277770996,61200
2000-02-18,15.743815964665904,15.743815964665904,15.460293855132726,15.476971626281738,60300
2000-02-22,15.21012454562717,15.310191154479982,14.90992471906874,15.31019115447998,130100
2000-02-23,15.210127287897569,15.543682710877778,15.143416203301527,15.476971626281738,57900
2000-02-24,15.577036157282587,15.743813846332722,15.393580699327439,15.44361400604248,61700
2000-02-25,15.376905610551049,15.57703887229358,15.343550066927294,15.410261154174805,52100
2000-02-28,15.210122816874293,15.743811336764619,15.12673398564143,15.693778038024902,84800
2000-02-29,15.627068888239501,15.943946485759833,15.593713351658414,15.877235412597656,87000
2000-03-01,15.260159915551208,15.577037553141889,15.260159915551208,15.52700424194336,86200
2000-03-02,15.143415773706213,15.577037811279299,15.110060232354437,15.577037811279297,106800
2000-03-03,14.976633391882244,15.310188701278284,14.976633391882244,15.210122108459473,110200
2000-03-06,14.776501418760159,15.009990154496775,14.70979035140684,14.909923553466797,267200
2000-03-07,14.909930528421166,14.947455521361823,14.676441683457075,14.776508331298828,221100
2000-03-08,15.143413473058631,15.310191154479982,15.060024632347956,15.31019115447998,140500
2000-03-09,15.07670240049009,15.410257763332792,14.87656918278447,15.31019115447998,69200
2000-03-10,15.076702701720551,16.01065773634041,15.076702701720551,15.910591125488281,165800
2000-03-13,14.94328025535301,15.376902227048522,14.8432136465002,15.31019115447998,131000
2000-03-14,15.210121002197264,15.310187587738035,14.97663230260213,15.009987831115723,162200
2000-03-15,15.01679981480474,15.76593722053196,14.982748114544412,15.663782119750977,114000
2000-03-16,15.578655510314746,16.055379394783394,15.578655510314746,15.970250129699707,215700
2000-03-17,15.953219956001352,16.072400894840207,15.391366958618166,15.391366958618164,96300
2000-03-20,15.663781753111607,16.02132459747611,15.663781753111607,15.765936851501465,168400
2000-03-21,15.69783657427413,15.987276077270508,15.69783657427413,15.987276077270508,119400
2000-03-22,16.089434035836835,16.191589172572307,16.02133061134652,16.15753746032715,69900
2000-03-23,16.07240306594609,16.276713274411506,16.03835136453519,16.259687423706055,109000
2000-03-24,16.736412715911868,16.991800498962405,16.617231750488283,16.685335159301758,138500
2000-03-27,16.549124754616294,16.85559002784993,16.515073057590335,16.719383239746094,53800
2000-03-28,16.344815863937626,16.753436260536066,16.344815863937626,16.617229461669922,28100
2000-03-29,16.549128437140453,16.566154289442036,16.19158553880717,16.532102584838867,78600
2000-03-30,16.004298504438026,16.310763794948542,15.970246805492414,16.055376052856445,47800
2000-03-31,15.987273841271033,16.600204467773438,15.987273841271033,16.600204467773438,78500
2000-04-03,15.493525693318333,15.765939331882171,15.340293021626174,15.697835922241211,316200
2000-04-04,15.612709353520321,15.680812774909723,15.255166391225963,15.493528366088867,244400
2000-04-05,15.493523618449334,15.731885520271632,15.272187566757202,15.663782119750977,82400
2000-04-06,15.595683254044632,15.79999351501465,15.47650226847879,15.799993515014648,92300
2000-04-07,15.493523618449334,15.76593722053196,15.391368517668349,15.663782119750977,74800
2000-04-10,15.493528366088869,15.868097183730578,15.408399089352116,15.493528366088867,136200
2000-04-11,15.45946865184887,15.78295973597346,15.391365265717377,15.748908042907715,117000
2000-04-12,15.59567871923032,15.799988920792288,15.59567871923032,15.663782119750977,70800
2000-04-13,15.272189614019895,15.595680809857551,15.272189614019895,15.52757740020752,72800
2000-04-14,15.5275760341335,15.62973113962122,15.118955612182619,15.118955612182617,116100
2000-04-17,15.22111300407122,15.391371538792374,15.050854469350066,15.357319831848145,105800
2000-04-18,15.476500126572905,15.629732801093429,15.357319157501387,15.578655242919922,138800
2000-04-19,15.731892551284238,15.731892551284238,15.493530542931447,15.544608116149902,41200
2000-04-20,15.544606483659368,15.748916755076579,15.476503059853632,15.595684051513672,45300
2000-04-24,15.595683282756598,15.663786703205316,15.391373021410441,15.629734992980957,48700
2000-04-25,15.6127071308601,15.885120777636285,15.6127071308601,15.782965660095215,64700
2000-04-26,15.52757986230788,15.663786703205316,15.44245058674698,15.629734992980957,66600
2000-04-27,15.391366560194227,15.408392408159044,15.289211472405327,15.323263168334961,105700
2000-04-28,15.425422568399398,15.578655242919922,15.255164041154371,15.578655242919922,147300
2000-05-01,15.52757986230788,15.851071109439294,15.510554007195699,15.629734992980957,109400
2000-05-02,15.391371914356224,15.663785576557219,15.391371914356224,15.425423622131348,79800
2000-05-03,15.323268515723093,15.391371931348528,15.153009976659503,15.255165100097656,115500
2000-05-04,15.101932042382758,15.289216430732488,15.016802774951064,15.187061309814453,125500
2000-05-05,15.033829295326807,15.15301027501796,14.999777586843623,15.135984420776367,164000
2000-05-08,15.050855076122936,15.050855076122936,14.863570680379324,14.948699951171875,76200
2000-05-09,14.89761832070216,15.135980213833394,14.89761832070216,15.067876815795898,78600
2000-05-10,14.982751283274636,15.016802990736624,14.744389331040722,14.880596160888672,87100
2000-05-11,14.914649561148924,15.101933973446455,14.846546138495274,15.016804695129395,45900
2000-05-12,15.153009696610164,15.306242378935435,15.135983843018467,15.204087257385254,63100
2000-05-15,15.204082232581245,15.323263168334961,15.187056384616428,15.323263168334961,47600
2000-05-16,15.289216807910375,15.323268515723093,15.187061684472221,15.255165100097656,70000
2000-05-17,14.982750418526784,15.033827976771763,14.744388480050223,14.897621154785156,165500
2000-05-18,14.744385453843579,14.965721494143772,14.744385453843579,14.863566398620605,75600
2000-05-19,14.812494461689521,14.846546173095705,14.693313471767881,14.846546173095703,81000
2000-05-22,14.778436632812225,15.153005303229124,14.71033323819097,15.101927757263184,101300
2000-05-23,14.982747343397632,14.982747343397632,14.846540549366745,14.863566398620605,98800
2000-05-24,14.846541616172273,15.101929373331199,14.710334812354178,15.050851821899414,129700
2000-05-25,14.778441429138184,14.880596554224393,14.710338012414045,14.778441429138184,117700
2000-05-26,14.846543026729927,15.03382739977354,14.778439618350433,14.965723991394043,194400
2000-05-30,15.170031547546387,15.25516079304328,15.084902302049493,15.170031547546387,81100
2000-05-31,15.187061983501147,15.357320525917078,15.118958566534774,15.135984420776367,56100
2000-06-01,15.357319925842623,15.510552608029522,15.323268218689979,15.374345779418945,85400
2000-06-02,15.73189009469131,15.936200355661327,15.697838384529641,15.799993515014648,266600
2000-06-05,15.851069252331035,16.03835363662281,15.851069252331035,15.987276077270508,118400
2000-06-06,16.140514373779297,16.276721246131864,16.106462655691153,16.140514373779297,188400
2000-06-07,16.24267075114446,16.31077419244905,16.157541449513722,16.191593170166016,168200
2000-06-08,16.03835363662281,16.106457049092544,15.953224371035638,15.987276077270508,77900
2000-06-09,16.021334210012714,16.10646350974711,15.936204910278322,15.93620491027832,63700
2000-06-12,16.208615028694886,16.327796021552935,16.140511604204573,16.15753746032715,93100
2000-06-13,16.208616256713867,16.310771401188955,16.174564541888838,16.208616256713867,73300
2000-06-14,16.378865141774316,16.463994378477924,16.31076175241143,16.361839294433594,108200
2000-06-15,16.36184673886105,16.446976014297373,16.310769173599258,16.327795028686523,150200
2000-06-16,16.361842527938762,16.361842527938762,16.225635722295152,16.259687423706055,95900
2000-06-19,16.17456730983987,16.24267075114446,16.038360427230693,16.191593170166016,109700
2000-06-20,16.004299663124286,16.276713274411506,15.885118708186125,16.259687423706055,85700
2000-06-21,15.79999351501465,15.868096935337988,15.663786674367971,15.799993515014648,67900
2000-06-22,15.646760195199272,15.663786049601013,15.357320670369688,15.510553359985352,82900
2000-06-23,15.442449099208721,15.476500806152952,15.306242271431797,15.357319831848145,105100
2000-06-26,15.391373726017568,15.459477149584016,15.357322014234342,15.40839958190918,60300
2000-06-27,15.493529682868942,15.663788250812557,15.459477969280218,15.561633110046387,112900
2000-06-28,15.629726916196416,15.765933686707932,15.578649377254598,15.714856147766113,56500
2000-06-29,15.612706660190012,15.799991036702652,15.612706660190012,15.697835922241211,65500
2000-06-30,15.765939807171705,15.919172483483308,15.731888101324682,15.782965660095215,52700
2000-07-03,15.731894590915779,15.9532307702252,15.731894590915779,15.93620491027832,48800
2000-07-05,15.919170088010796,15.919170088010796,15.817014985841743,15.86809253692627,70600
2000-07-06,15.799995961485378,15.919176965505203,15.765944246051141,15.902151107788086,56100
2000-07-07,15.765936584717975,15.919169229709834,15.731884885830896,15.885117530822754,84700
2000-07-10,15.919171810150148,16.07240447998047,15.902145957946779,16.004301071166992,63900
2000-07-11,16.429949507852577,16.906673431396484,16.429949507852577,16.906673431396484,139400
2000-07-12,17.604734420776367,17.77499297416879,17.57068271009788,17.604734420776367,138400
2000-07-13,17.604726849067504,17.604726849067504,17.16205480063834,17.451494216918945,60000
2000-07-14,17.46852788581588,17.553657164011863,17.26421761814552,17.485553741455078,41100
2000-07-17,17.434472271776574,17.45149812360448,17.19611034618588,17.29826545715332,99000
2000-07-18,17.24719549150609,17.3323247881078,17.05991103898233,17.11098861694336,85200
2000-07-19,17.332316687244862,17.53662690359745,17.332316687244862,17.383394241333008,44200
2000-07-20,17.502579889560632,18.04740727911894,17.502579889560632,17.894174575805664,107100
2000-07-21,17.82607029418075,17.928225424806428,17.740941018659353,17.91119956970215,57000
2000-07-24,17.979302990119265,18.098483975849224,17.87714785949359,17.91119956970215,90100
2000-07-25,18.592230891919638,18.66033430178015,18.319817252477595,18.609256744384766,111400
2000-07-26,18.643307579296263,18.796540244331574,18.251712990872687,18.285764694213867,135900
2000-07-27,18.4900785278488,18.864647337805224,18.4900785278488,18.592233657836914,91400
2000-07-28,18.387922891756382,18.42197460081519,18.149560928344727,18.149560928344727,70600
2000-07-31,18.524132717397432,18.932753292045902,18.353874144627234,18.881675720214844,121900
2000-08-01,18.45601399271666,18.71140164021735,18.38791062004981,18.507091522216797,131500
2000-08-02,18.387916048876328,18.6943813163576,18.387916048876328,18.626277923583984,82400
2000-08-03,18.60926214391535,18.77952071796764,18.456029427268287,18.728443145751953,80800
2000-08-04,18.94977588225908,19.188137843042213,18.830594901867514,18.983827590942383,80700
2000-08-07,19.068949741599834,19.27325991740269,19.051923893616262,19.239208221435547,71600
2000-08-08,19.03490933783892,19.068961054006788,18.813573182747767,19.05193519592285,121500
2000-08-09,19.205165001435866,19.34137184541768,19.137061579444957,19.222190856933594,77100
2000-08-10,19.341368481829452,19.54567871227131,19.341368481829452,19.477575302124023,99500
2000-08-11,19.341362944103423,19.664854049682617,19.239207858131046,19.664854049682617,140200
2000-08-14,19.34137111239963,19.613784790039062,19.205164273579914,19.613784790039062,163700
2000-08-15,19.681885525942665,19.886195756315775,19.681885525942665,19.818092346191406,57800
2000-08-16,19.73762714988307,19.90985775328519,19.599842667161372,19.634288787841797,849600
2000-08-17,19.565398243495395,19.65151355266571,19.255383130482265,19.28982925415039,381300
2000-08-18,19.496499821856304,19.703176498413086,19.479276765476573,19.703176498413086,420300
2000-08-21,19.84096075671767,20.013191318841955,19.84096075671767,19.909852981567383,120900
2000-08-22,20.21987229812377,20.46099513643189,20.150980058607168,20.374879837036133,128000
2000-08-23,20.21987229812377,20.392102896915286,20.150980058607168,20.374879837036133,86900
2000-08-24,20.39209564675297,20.39209564675297,20.202642055440233,20.28875732421875,39300
2000-08-25,20.04763793945312,20.11653016604918,19.772069033068888,20.047637939453125,121600
2000-08-28,19.97875463121319,20.202654467597476,19.565401087119124,20.013200759887695,366000
2000-08-29,19.840961259664947,20.082084052751153,19.6687306931748,20.047637939453125,114700
2000-08-30,19.84095573425293,19.96151709722148,19.73761742313703,19.84095573425293,99400
2000-08-31,19.840969240387725,19.961530685424805,19.772076986080823,19.961530685424805,76700
2000-09-01,20.357664824132655,20.564341624377658,20.357664824132655,20.512672424316406,88400
2000-09-05,20.116539732348016,20.529893288492154,20.116539732348016,20.495447158813477,60500
2000-09-06,20.42655446200191,20.771015751411724,20.39210833306093,20.581562042236328,107900
2000-09-07,20.52989445978673,20.65045592054051,20.39210993321098,20.564340591430664,63500
2000-09-08,20.32320175492814,20.633216696952466,20.202640388585344,20.409317016601562,88600
2000-09-11,20.082076235672748,20.35764503479004,20.082076235672748,20.35764503479004,48200
2000-09-12,20.1854305267334,20.20265359032276,19.978753763661043,20.1854305267334,70800
2000-09-13,19.84097260873697,19.875418741738248,19.651518877229933,19.823749542236328,115700
2000-09-14,20.013191826155094,20.11653016604918,19.944299599559034,20.047637939453125,89200
2000-09-15,19.77207814588186,19.77207814588186,19.444839918728764,19.582624435424805,54900
2000-09-18,18.99703640234275,19.083151707883744,18.842028852368966,18.910921096801758,91400
2000-09-19,19.04870638847351,19.28982925415039,18.945368017469132,19.28982925415039,95900
2000-09-20,19.186490074532934,19.20371313564113,18.773136607936173,18.910921096801758,44300
2000-09-21,18.910927981949545,18.979820251464844,18.6009127691307,18.979820251464844,47200
2000-09-22,18.6009051739524,19.08315086364746,18.6009051739524,19.08315086364746,45300
2000-09-25,19.295342473515493,19.452416735850836,19.124491021193627,19.265031814575195,79700
2000-09-26,19.524066900150352,19.661851426054625,19.289833626598092,19.422107696533203,73700
2000-09-27,19.570912422392723,19.7307429712091,19.524066189871522,19.592958450317383,70800
2000-09-28,19.42761414626549,19.97875213623047,19.42761414626549,19.97875213623047,50300
2000-09-29,19.769311538606996,19.868516506993576,19.592947617569465,19.67561912536621,91700
2000-10-02,19.62051375604889,19.79963404293922,19.400059797312558,19.524065017700195,55600
2000-10-03,19.951193015324275,20.11102351583162,19.94017000469367,19.948436737060547,72900
2000-10-04,20.00629738039597,20.14408180051223,19.909848706799274,20.0751895904541,71900
2000-10-05,20.07519510318481,20.58499717712402,20.07519510318481,20.584997177124023,62300
2000-10-06,20.06141801470218,20.323207645093106,19.868518511192665,19.87403106689453,74600
2000-10-09,19.565387446074368,19.620500372558745,19.386267281365065,19.573654174804688,37300
2000-10-10,19.193376791801256,19.234712552640676,19.041813036198093,19.085905075073242,62000
2000-10-11,18.325337140988083,18.86269581016757,18.28400137356863,18.80758285522461,157300
2000-10-12,19.083155391607047,19.096934684123276,18.31156126404505,18.317073822021484,94600
2000-10-13,18.24817990573355,19.014261405690828,18.24817990573355,19.011505126953125,105700
2000-10-16,19.220932295624635,19.689398621716848,19.220932295624635,19.565393447875977,102400
2000-10-17,19.603975219657222,19.689400922622724,19.234713830455387,19.306360244750977,56500
2000-10-18,18.559570777453757,19.110708749181704,18.518235009089256,18.697355270385742,80000
2000-10-19,19.01425862226245,19.1795995811016,18.879230417826655,19.08315086364746,57900
2000-10-20,19.358724598827475,19.441396149828005,19.14102481012263,19.209917068481445,59000
2000-10-23,19.565402848186263,19.84097190238607,19.565402848186263,19.67011833190918,58000
2000-10-24,19.763814041438263,20.04764984721702,19.7086989659702,19.937421798706055,55200
2000-10-25,19.703186331705155,19.923642404358535,19.48273025905177,19.496509552001953,46900
2000-10-26,19.289838645906308,19.468958996674836,19.09694110041747,19.344951629638672,68000
2000-10-27,19.24849348526373,19.28982925415039,18.945368017469132,19.28982925415039,50100
2000-10-30,18.945370173752465,19.4799747467041,18.945370173752465,19.4799747467041,57300
2000-10-31,19.840966167073585,19.923637700406164,19.703181679802242,19.86852264404297,61200
2000-11-01,19.79962727964939,20.199203491210938,19.79962727964939,20.199203491210938,74400
2000-11-02,20.667673831799355,20.91568633826585,20.52988933958736,20.59878158569336,106900
2000-11-03,20.860564914704618,20.87434420069112,20.612554586338465,20.61530876159668,56900
2000-11-06,20.615321056768813,20.970805402511406,20.59878758566338,20.89089012145996,79200
2000-11-07,20.667666995958342,20.88812295155142,20.667666995958342,20.777894973754883,43300
2000-11-08,20.667673831799355,20.695230309756855,20.419661325332864,20.59878158569336,71300
2000-11-09,20.52988413969807,20.667668597011478,20.39761013561065,20.433435440063477,31600
2000-11-10,20.392108059694763,20.51611328125,20.268102838139527,20.51611328125,70400
2000-11-13,19.868521179405374,20.199205185934392,19.843720982688442,19.857498168945312,140200
2000-11-14,20.144086598736955,20.39209903450627,20.116530128634565,20.251558303833008,90800
2000-11-15,20.088983818066772,20.21298904745223,20.088983818066772,20.130319595336914,39300
2000-11-16,20.2267518124484,20.37004667381025,20.061410940900647,20.064165115356445,35100
2000-11-17,20.22676380424231,20.248809827498583,20.08071257941236,20.10275650024414,75100
2000-11-20,20.254308273969148,20.47476417098165,20.061410940900647,20.064165115356445,34400
2000-11-21,20.03385854541049,20.061417117839813,19.785848212937747,19.799625396728516,64800
2000-11-22,19.262269522399023,19.262269522399023,18.821359634399414,18.821359634399414,100700
2000-11-24,19.055589979719368,19.20715161425317,19.014254223965104,19.096925735473633,27500
2000-11-27,19.645302117497625,19.868512196732507,19.645302117497625,19.84095573425293,101400
2000-11-28,19.53784398803777,19.675628498387226,19.42761595927325,19.43037223815918,79600
2000-11-29,19.014254223965104,19.096925735473633,18.84615702567527,19.096925735473633,72000
2000-11-30,18.46311909450635,18.614682853416,18.380447571023964,18.573347091674805,98500
2000-12-01,19.014254919071774,19.055590676337157,18.879226740933884,18.931583404541016,57000
2000-12-04,19.220940525782712,19.344945752721017,19.13826897287389,19.248497009277344,69500
2000-12-05,19.317374486369427,19.99251937866211,19.317374486369427,19.99251937866211,114500
2000-12-06,20.350773431732154,20.562962772478173,19.703186600318563,19.785858154296875,167500
2000-12-07,20.064175592977907,20.353523846103137,20.064175592977907,20.290142059326172,93800
2000-12-08,20.667677377762796,20.79995143804742,20.408641815185547,20.408641815185547,97400
2000-12-11,20.777896281396398,21.09480094909668,20.777896281396398,21.09480094909668,118600
2000-12-12,20.80546439858426,20.80546439858426,20.695236352146473,20.791685104370117,101900
2000-12-13,20.722778934485817,21.03968356696223,20.57397358942259,20.805450439453125,145800
2000-12-14,20.309433194496403,20.309433194496403,20.00906401236222,20.050399780273438,107700
2000-12-15,19.496504687622895,19.496504687622895,19.234715006285352,19.325651168823242,131700
2000-12-18,19.840962850627697,20.144088251471914,19.813406378264418,20.006303787231445,99800
2000-12-19,20.405875598246407,20.640108716501526,20.405875598246407,20.422409057617188,105100
2000-12-20,19.840966009324596,19.96497120591311,19.15204357844527,19.220935821533203,96200
2000-12-21,19.496507701975744,20.113781703437116,19.43037172742535,20.044889450073242,61400
2000-12-22,20.047646018018494,20.30943574360691,20.047646018018494,20.1854305267334,45500
2000-12-26,20.199208744921,20.22676522471431,19.88230397123629,19.912616729736328,23000
2000-12-27,19.909852981567386,20.0614167172063,19.843717034390338,19.909852981567383,155200
2000-12-28,20.350766465612264,20.460994465710364,19.912612845813207,20.116533279418945,104300
2000-12-29,20.18542689210284,20.32321137600798,20.144091126446423,20.281875610351562,48800
2001-01-02,20.116537306836733,20.116537306836733,19.592955778365642,19.6094913482666,78300
2001-01-03,19.813411796616034,20.46099853515625,19.606735043735668,20.46099853515625,232700
2001-01-04,20.915683332761603,21.216052473458088,20.874347570552896,21.025911331176758,200000
2001-01-05,21.149915020992054,21.273920196432158,20.61255645751953,20.61255645751953,183500
2001-01-08,20.819237823465972,20.9432430267334,20.791679242806968,20.9432430267334,168300
2001-01-09,20.736559613545737,20.871587785141312,20.47477000092234,20.667667388916016,177600
2001-01-10,20.45549070824854,20.7007469849829,20.419665387594698,20.640121459960938,137700
2001-01-11,20.185417356867607,20.64010635945237,20.15786089358864,20.63735008239746,93800
2001-01-12,20.323213577270508,20.47202108829673,20.226764848575165,20.323213577270508,70600
2001-01-16,19.978753479541478,20.33699403807556,19.86852545365217,20.144094467163086,97500
2001-01-17,20.212979763258264,20.39209998087235,20.212979763258264,20.378320693969727,86200
2001-01-18,20.502326470289457,20.805451838175458,20.491303462057843,20.667667388916016,83300
2001-01-19,20.667668802096692,21.19125016556794,20.502327872164717,21.18573760986328,356600
2001-01-22,20.750345576667506,21.025914563861367,20.750345576667506,20.9432430267334,63700
2001-01-23,21.356601584262982,21.5605220945821,21.356601584262982,21.411714553833008,104400
2001-01-24,21.990397043820067,22.01795351080758,21.819543584619637,21.877412796020508,136100
2001-01-25,21.687267835201517,21.907723758012548,21.687267835201517,21.82505226135254,85400
2001-01-26,21.49437644415079,22.04551430169312,21.466819971758493,21.965599060058594,134800
2001-01-29,21.632165779500998,21.902224315573033,21.590830010392835,21.8829345703125,103400
2001-01-30,21.714832554495956,21.714832554495956,21.439263624121256,21.60736083984375,141300
2001-01-31,21.26015283630293,21.56327837378811,21.26015283630293,21.411714553833008,121500
2001-02-01,21.21880314027653,21.52192847893861,21.194002950964233,21.480592727661133,74900
2001-02-02,21.439266778781054,21.535715498119234,21.25187979445642,21.27667999267578,69400
2001-02-05,21.218808914751186,21.527446892202104,21.218808914751186,21.475088119506836,78200
2001-02-06,21.53570660253266,21.579796526407772,21.499881305559125,21.51090431213379,75100
2001-02-07,21.356606826669804,21.370386123657227,21.122373494862405,21.370386123657227,70800
2001-02-08,21.218816779134237,21.367624317928254,20.92946843663059,20.97080421447754,110500
2001-02-09,20.99835014843977,21.21880611790708,20.957016493785595,21.09480094909668,40400
2001-02-12,21.16369487596274,21.312500249513068,21.14991558835573,21.205028533935547,55000
2001-02-13,21.494374826907503,21.645938567297573,21.282187692785325,21.301477432250977,94500
2001-02-14,21.392420965591175,21.54949521334791,21.392420965591175,21.508161544799805,129500
2001-02-15,21.49988729082615,21.555002339042712,21.439263891424105,21.453041076660156,62600
2001-02-16,20.943249316010125,21.232597680425062,20.943249316010125,21.17748260498047,91700
2001-02-20,21.10858399174229,21.329040022395933,20.89088423963856,20.893640518188477,119400
2001-02-21,20.667667388916016,20.83025202987871,20.667667388916016,20.667667388916016,89500
2001-02-22,20.598783204869395,20.61256249614352,20.447219410552663,20.55744743347168,104900
2001-02-23,20.502327867134337,20.598776567702327,20.31769719712933,20.529884338378906,161400
2001-02-26,19.42761993408203,19.537847985398745,18.88199223639817,19.42761993408203,511200
2001-02-27,18.187548585451356,18.532009732903084,17.96433843467831,18.215105056762695,439000
2001-02-28,18.60090736159705,18.656020320217124,18.297781884337425,18.32533836364746,108300
2001-03-01,18.187551792515535,18.297779799621715,18.063546598536313,18.2288875579834,83600
2001-03-02,18.022205439738038,18.215102817629052,18.022205439738038,18.124164581298828,115200
2001-03-05,18.187548661367803,18.42178182212789,18.104877144664712,18.413515090942383,90000
2001-03-06,18.402496062171032,18.515480352607746,18.352893561905432,18.460365295410156,76700
2001-03-07,18.31154817777665,18.463111877441406,18.187543043449743,18.463111877441406,78200
2001-03-08,18.711130849746233,18.821358842715657,18.614682144307025,18.64223861694336,104500
2001-03-09,18.476898193359375,18.565080169706327,18.441072885752575,18.476898193359375,43000
2001-03-12,18.01670125227344,18.01670125227344,17.402183532714844,17.402183532714844,201700
2001-03-13,17.608852896193614,17.75490407486254,17.50138014360555,17.74663734436035,106600
2001-03-14,16.809547058741252,17.247442606915744,16.803896661497976,16.950803756713867,211600
2001-03-15,17.31807102697335,17.628836410410297,17.31807102697335,17.346323013305664,192500
2001-03-16,17.0073073974647,17.049683762093466,16.65416563704269,16.668291091918945,116700
2001-03-19,16.761511433344428,17.20505714416504,16.761511433344428,17.20505714416504,98100
2001-03-20,17.148562967373238,17.23331676872801,16.781295776367188,16.781295776367188,159700
2001-03-21,16.851926021350426,16.92255437671618,16.549636746601248,16.583538055419922,102700
2001-03-22,16.103269246419273,16.13152016489301,15.651248084618711,15.89138412475586,157200
2001-03-23,16.32926702270524,16.442272763393518,16.131507515352048,16.425321578979492,124900
2001-03-26,16.809540188351257,16.950796828589503,16.42814769078905,16.4394474029541,140900
2001-03-27,16.55528457130931,16.97905466522716,16.55528457130931,16.950803756713867,108100
2001-03-28,16.73892202484163,16.78129947370736,16.4987860218113,16.575063705444336,79300
2001-03-29,16.64003851152873,16.820846902279378,16.524208068847656,16.524208068847656,66300
2001-03-30,16.950800318989263,17.063806085530334,16.767166217785736,16.85192108154297,88000
2001-04-02,16.721954282714606,17.092046926450212,16.713479232409178,16.90841293334961,82400
2001-04-03,16.809544683912815,16.894298475181873,16.414025554386637,16.428152084350586,118100
2001-04-04,16.73891588711215,16.80389382789811,16.14563828675136,16.32927131652832,145600
2001-04-05,16.73044441044968,17.03555833148329,16.724794012950507,17.021432876586914,158000
2001-04-06,16.696532574002603,16.94231987641919,16.59765336799767,16.671106338500977,86700
2001-04-09,16.74174336952504,16.953628416483966,16.67394075801191,16.950803756713867,77300
2001-04-10,17.035549717630598,17.388691299993184,17.035549717630598,17.289812088012695,101200
2001-04-11,17.360443246570227,17.504524561572637,17.28981491853512,17.481924057006836,175500
2001-04-12,17.37456743674786,17.657080728402295,17.24461158123546,17.62035369873047,105500
2001-04-16,17.65708188234005,17.65708188234005,17.402819472153254,17.473447799682617,70800
2001-04-17,17.137260460147743,17.309593783041574,17.035555477606927,17.29264259338379,160000
2001-04-18,17.230490490598044,18.56395283166476,17.190937714491405,18.462247848510742,311100
2001-04-19,18.357715722570433,18.501795957918212,18.14300500473886,18.241884231567383,133600
2001-04-20,18.024350001945106,18.213634490966797,18.024350001945106,18.213634490966797,82400
2001-04-23,17.939591160984317,17.939591160984317,17.659902572631836,17.659902572631836,133000
2001-04-24,18.027175068922993,18.26448629729984,17.914169311523438,17.914169311523438,115200
2001-04-25,17.942425395611114,18.292742482594562,17.83224534305192,18.28426742553711,116500
2001-04-26,18.080847599081654,18.219278484998725,17.885913848876953,17.885913848876953,96200
2001-04-27,18.335115514139805,18.900142173093847,18.335115514139805,18.6458797454834,151800
2001-04-30,18.70238474245138,18.81539052461786,18.456599483300746,18.459423065185547,67700
2001-05-01,18.30686588455015,18.575252704043205,18.30686588455015,18.501798629760742,106300
2001-05-02,17.939596464285998,18.219284057617188,17.812465250179628,18.219284057617188,150500
2001-05-03,17.623185314760864,17.7898682555553,17.388698687158925,17.66556167602539,116500
2001-05-04,17.93959517850206,17.93959517850206,17.572328091175642,17.900043487548828,86000
2001-05-07,18.080853515625,18.109104418162026,17.65708351135254,17.65708351135254,63200
2001-05-08,17.868980341872216,18.024362564086914,17.854854881253345,18.024362564086914,49300
2001-05-09,17.854838170754277,18.07802390384306,17.79833530345676,17.883089065551758,45800
2001-05-10,18.140183908270767,18.34924320638487,18.080856356998094,18.123233795166016,85700
2001-05-11,18.17973913739835,18.26166829231533,18.010231507235076,18.032833099365234,62300
2001-05-14,17.789868601570127,17.798343658447266,17.57515782058943,17.798343658447266,138200
2001-05-15,17.727713029621203,17.90004634863644,17.61188259715729,17.897220611572266,101000
2001-05-16,17.736195624251437,18.010234039999652,17.623190880818566,17.860502243041992,139900
2001-05-17,18.092148790585583,18.289907203444738,18.080848001935767,18.278606414794922,138800
2001-05-18,17.93959949055218,18.205162755417838,17.89722205280038,18.191036224365234,226500
2001-05-21,18.18820884617014,18.49049804693223,18.137356356536994,18.470722198486328,76400
2001-05-22,18.4707192940256,18.51309672129048,18.33228837667211,18.436819076538086,80000
2001-05-23,18.349251438509782,18.349251438509782,18.137366308017025,18.18256950378418,61000
2001-05-24,18.30686999910932,18.405749262440587,18.25036602334411,18.323820114135742,38900
2001-05-25,18.39444868503638,18.39444868503638,18.222115328873446,18.292743682861328,36800
2001-05-29,18.16560463980149,18.23340722301638,18.094976320292783,18.205156326293945,105100
2001-05-30,18.046952125869424,18.046952125869424,17.911345854511644,17.922645568847656,73700
2001-05-31,17.85484576700022,18.01587830680189,17.823769122880073,18.001752853393555,50700
2001-06-01,17.89722176055179,18.02152833448563,17.71358871459961,17.71358871459961,54600
2001-06-04,17.996099884682753,18.151482005374962,17.928296209228282,18.052602767944336,107900
2001-06-05,17.962196280305214,18.143004621372704,17.911343799667144,18.109102249145508,134600
2001-06-06,18.18538756212755,18.18538756212755,17.82942008972168,17.82942008972168,118800
2001-06-07,17.843538889475727,18.278608525712706,17.840714230838326,18.253183364868164,181200
2001-06-08,18.236235779910665,18.236235779910665,18.038475161455477,18.046951293945312,52800
2001-06-11,17.676855414776718,17.685330468106383,17.45932006512694,17.654254913330078,111000
2001-06-12,17.24179228043073,17.41130096531536,17.09488518461195,17.346323013305664,88900
2001-06-13,17.346318489848983,17.346318489848983,17.03837892419923,17.123132705688477,85700
2001-06-14,16.95361981003686,17.176805538182858,16.95361981003686,17.024248123168945,62000
2001-06-15,17.007304352796368,17.11748438989097,16.866047673915507,17.049680709838867,194100
2001-06-18,17.23331591222923,17.23331591222923,17.05533218383789,17.05533218383789,46100
2001-06-19,17.388694088924147,17.431071516685506,17.162683655503336,17.2078857421875,47900
2001-06-20,16.922549036483755,17.247438722019197,16.922549036483755,17.18246078491211,78800
2001-06-21,17.31806606045149,17.374568939208984,17.03555274436679,17.374568939208984,78200
2001-06-22,17.120309953017852,17.230491073631576,17.0383818939964,17.128786087036133,48500
2001-06-25,17.318063556966063,17.586451383989154,17.26156068637658,17.467796325683594,78500
2001-06-26,16.83779455244819,16.911248624010746,16.69371322392604,16.85192108154297,160300
2001-06-27,16.916906356811523,17.14574157063173,16.916906356811523,16.916906356811523,106500
2001-06-28,16.90560416920251,17.015784237565057,16.880177916680132,16.976232528686523,84700
2001-06-29,17.035558735668566,17.035558735668566,16.826499411754558,16.92255401611328,59500
2001-07-02,17.02708491951195,17.247445054758852,16.97905707497931,17.165515899658203,135400
2001-07-03,16.936676802532265,17.077933487995082,16.936676802532265,17.007305145263672,69900
2001-07-05,16.710664086742252,16.803892926275374,16.569407420168616,16.642860412597656,130700
2001-07-06,16.32927214645557,16.39142543110666,16.19084120226372,16.32362174987793,141600
2001-07-09,16.18518460372999,16.340566678114335,16.18518460372999,16.18800926208496,71000
2001-07-10,16.315145889916657,16.371648775205866,15.962004203987727,15.98460578918457,85200
2001-07-11,15.758602436981683,16.041115932532897,15.682323663858439,15.89138412475586,208100
2001-07-12,16.089137799003147,16.408378231915624,16.072186607605854,16.388601303100586,65400
2001-07-13,16.125870674037007,16.349055514124366,16.06936775997936,16.320804595947266,97900
2001-07-16,16.202139276116085,16.24451670730323,16.080658456262633,16.103260040283203,154600
2001-07-17,15.854651670221939,16.173892113253505,15.82075036405583,16.137165069580078,255600
2001-07-18,15.961999065358683,16.10325569425566,15.961999065358683,15.967649459838867,91200
2001-07-19,16.103256721001166,16.430972077829225,16.091955931320257,16.315141677856445,58200
2001-07-20,16.07783457880441,16.371648719139788,16.004381582572016,16.17388916015625,66000
2001-07-23,16.26147165502764,16.323623870048326,16.10608842321819,16.137165069580078,45600
2001-07-24,16.210616493775106,16.315146132608163,16.077834873025743,16.108911514282227,79300
2001-07-25,16.060882732921606,16.1060848236084,15.962003496326387,16.1060848236084,74300
2001-07-26,15.933759052390968,16.0637149810791,15.863130689707859,16.0637149810791,79700
2001-07-27,16.216264805731562,16.272766606895647,16.148461135550768,16.176712036132812,48000
2001-07-30,16.349047288816354,16.394249381780323,16.244517650906463,16.33774757385254,85100
2001-07-31,16.39142310544973,16.668286032254365,16.39142310544973,16.617433547973633,86800
2001-08-01,16.81519276418751,16.950799027079817,16.73891403924132,16.87734603881836,94200
2001-08-02,17.032730274476865,17.052506122928204,16.795419015357872,16.95927619934082,91300
2001-08-03,16.738915769335673,16.83214569091797,16.640036529205563,16.83214569091797,68400
2001-08-06,17.046859126481642,17.230493273243916,16.98188117179581,17.021432876586914,401300
2001-08-07,16.945149830964148,17.190936132499296,16.902773477018282,17.117483139038086,186700
2001-08-08,16.942329868978035,17.114663224830732,16.92255401611328,16.92255401611328,76200
2001-08-09,16.668302536505973,16.719155071138744,16.527045735349144,16.71068000793457,146200
2001-08-10,16.866048459800858,17.007305145263672,16.837796476086503,17.007305145263672,56700
2001-08-13,16.914063326120637,16.92253945412829,16.80953375411219,16.90841293334961,69800
2001-08-14,17.289810902580616,17.40281555456722,17.17680517289151,17.20505714416504,127600
2001-08-15,17.3463148329259,17.47627067565918,17.27003612235569,17.47627067565918,73000
2001-08-16,17.388692365971174,17.388692365971174,16.987524021111717,17.176807403564453,200400
2001-08-17,17.10901152168724,17.111836181436743,16.947978973388672,16.947978973388672,237900
2001-08-20,16.950792372533623,17.09769936908653,16.94796771466057,16.9931697845459,140600
2001-08-21,17.24461633074245,17.371747562541927,17.038381700357952,17.04120635986328,165800
2001-08-22,17.497256883907838,17.528887269856433,17.353483200073242,17.353483200073242,114700
2001-08-23,17.117692549538887,17.209707609244422,17.086062167095232,17.143571853637695,84800
2001-08-24,17.23846141899026,17.5001294266844,17.23846141899026,17.43686866760254,162800
2001-08-27,17.436862852831457,17.609391839091582,17.410983559737716,17.526002883911133,46900
2001-08-28,17.425368502807046,17.488629269116416,17.284470919362082,17.30747413635254,108200
2001-08-29,17.664035920960888,17.669787000280735,17.324729919433594,17.324729919433594,136300
2001-08-30,17.364985539875946,17.364985539875946,17.022804563652656,17.12632179260254,170100
2001-08-31,16.96528981591967,17.094686313557855,16.82151617341188,17.09181022644043,134300
2001-09-04,17.109058709587273,17.353473395247736,17.109058709587273,17.192447662353516,102900
2001-09-05,17.120561562788463,17.17232014959895,16.950908660888672,16.950908660888672,61500
2001-09-06,16.743880882682134,16.769760186240465,16.608733286665753,16.620235443115234,113200
2001-09-07,16.321182062565804,16.4246992520995,16.030759811401367,16.030759811401367,166100
2001-09-10,16.056648536429417,16.206173331670787,16.004889911272542,16.160165786743164,130500
2001-09-17,14.449254454534458,14.866198334792792,14.305480778369937,14.564273834228516,298600
2001-09-18,14.23359162297655,14.578648608975348,14.0725647370022,14.429123878479004,141000
2001-09-19,14.380238146042357,14.411868520490588,13.690125372695427,14.017929077148438,373200
2001-09-20,13.020144721507837,13.227179181444775,12.69521697921436,13.083405494689941,380400
2001-09-21,12.652083924362778,13.333570864973147,12.53706454083339,12.867744445800781,290500
2001-09-24,13.517598195950269,13.856904100353132,13.457213525736007,13.658496856689453,206800
2001-09-25,14.0955720783709,14.308356515931058,13.744763939212715,13.911541938781738,315300
2001-09-26,14.627533574425364,14.679292185839747,13.543479919433594,13.543479919433594,200800
2001-09-27,14.555650956004454,14.808693007736467,14.509643409953762,14.618911743164062,200000
2001-09-28,15.182496898462352,15.455667047047152,15.110610074987715,15.441289901733398,176600
2001-10-01,14.88057748186855,15.392411486756638,14.785686316338737,15.314773559570312,295500
2001-10-02,15.024345703920542,15.208375791583245,14.915077428031118,15.107734680175781,172000
2001-10-03,15.078983969746561,15.700086256678986,15.024350363311655,15.697211265563965,266400
2001-10-04,16.105529978530633,16.140036457561177,15.556314468383789,15.556314468383789,288900
2001-10-05,16.09977393539739,16.09977393539739,15.564935777714709,15.815101623535156,293900
2001-10-08,15.493054783973761,15.757597875103361,15.426919011191362,15.556314468383789,148500
2001-10-09,15.685709679153465,15.685709679153465,15.513181686401367,15.513181686401367,222800
2001-10-10,15.610945833769964,15.786349892089685,15.49880254321305,15.642576217651367,220800
2001-10-11,16.390200679887645,16.476464674611076,16.16016299498976,16.361446380615234,223500
2001-10-12,15.993380134682203,16.073894122644152,15.665576396061468,15.760467529296875,117100
2001-10-15,15.815101623535156,15.915742740558926,15.636822603276233,15.815101623535156,83800
2001-10-16,15.884119658005652,16.0480215965015,15.725967702521645,15.990511894226074,157600
2001-10-17,16.289557360828805,16.36144419631895,15.98763177424536,16.088274002075195,152100
2001-10-18,15.633952795223019,15.815107975531062,15.608073483750442,15.671334266662598,235400
2001-10-19,15.26876050995739,15.3866548538208,15.127862953511434,15.3866548538208,207500
2001-10-22,15.495923899245488,15.81222658897607,15.426913161166533,15.674202919006348,124800
2001-10-23,16.03651534492949,16.22342045850265,15.95887743120302,16.048017501831055,129400
2001-10-24,16.306814139094865,16.44196177927975,16.217675139744298,16.246429443359375,115400
2001-10-25,16.0307628431695,16.46208381652832,15.950249945819094,16.46208381652832,126800
2001-10-26,16.39020524531823,16.574235444497464,16.36145093803642,16.519601821899414,90800
2001-10-29,16.289552785235617,16.289552785235617,16.030759811401367,16.030759811401367,127900
2001-10-30,15.67133736103313,15.786356789601504,15.527563623775945,15.53331470489502,101700
2001-10-31,16.071017921180896,16.10264829870114,15.815101007652904,15.817975997924805,107500
2001-11-01,16.09115282673447,16.36144809459784,15.81510757593923,16.358572006225586,105300
2001-11-02,16.217672690440782,16.387325688722886,16.05664576255916,16.361446380615234,180800
2001-11-05,16.516725239439808,16.775518384868374,16.49947309434889,16.735261917114258,169900
2001-11-06,16.648996095089522,16.864656660585986,16.476466984548537,16.835901260375977,124300
2001-11-07,16.764018055992754,16.965301513671875,16.726636576032174,16.965301513671875,120900
2001-11-08,16.933671115005737,17.140705653979303,16.82152777203059,16.965301513671875,195200
2001-11-09,16.591483261844715,16.879030628265227,16.591483261844715,16.853151321411133,170600
2001-11-12,16.67774571129172,16.78701400756836,16.418952666664428,16.78701400756836,226600
2001-11-13,16.84164907423055,16.96241953787824,16.508094174826955,16.77263832092285,768100
2001-11-14,16.996917919420092,17.180947981710915,16.96528754679404,16.968162536621094,436900
2001-11-15,17.03717856070075,17.195329365933656,16.893404901960658,16.92215919494629,80300
2001-11-16,17.27872172338114,17.39374111158282,17.172329502283603,17.2873477935791,162400
2001-11-19,17.43686670328833,17.497251368206175,17.359228806862895,17.396610260009766,72500
2001-11-20,17.48863353271773,17.48863353271773,17.252844742325127,17.281599044799805,131000
2001-11-21,17.54038651995354,17.583519056715815,17.390861781925217,17.45412254333496,223100
2001-11-23,17.528881634090972,17.65540313720703,17.511629499597547,17.65540313720703,50100
2001-11-26,17.71291104718868,17.79917610402799,17.612269943417175,17.787673950195312,103700
2001-11-27,17.540385979496815,17.638152109160412,17.454122005536217,17.51738166809082,72700
2001-11-28,17.295975767010937,17.390865834330786,17.005552291870117,17.005552291870117,163900
2001-11-29,17.425366406690316,17.442619640037293,17.295970995758726,17.356355667114258,153700
2001-11-30,17.39661248550399,17.480001469766314,17.310348510742188,17.310348510742188,135300
2001-12-03,17.252834782145086,17.252834782145086,17.109061158960547,17.117687225341797,232200
2001-12-04,17.3764899868719,17.54039192199707,17.359236747472185,17.54039192199707,137900
2001-12-05,17.842309574070576,18.230499083481796,17.784799895242337,18.05797004699707,223400
2001-12-06,18.331149613802328,18.428914692045748,18.244885599706905,18.3167724609375,203700
2001-12-07,18.03784182394307,18.172989404653553,17.98608322268824,18.05797004699707,101100
2001-12-10,17.712909689560046,18.086721982130353,17.684155404088028,17.86243438720703,180000
2001-12-11,17.649643333284413,17.822171174347833,17.569129390136926,17.75316047668457,171300
2001-12-12,17.684167084111298,17.787684335230633,17.543268359664115,17.776182174682617,75000
2001-12-13,17.408124601496777,17.454132154153687,17.186712911552096,17.22409439086914,132400
2001-12-14,17.618025682542935,17.67265928234704,17.341980498944217,17.4167423248291,129000
2001-12-17,17.583521890552053,17.72154449476729,17.51451003999136,17.71291732788086,151600
2001-12-18,17.71291574673691,17.753173295832315,17.56339209486392,17.626651763916016,85600
2001-12-19,17.39374345570459,17.612279006451985,17.304603362989738,17.583524703979492,189600
2001-12-20,17.022796762602834,17.16081930564892,16.953784942626953,16.953784942626953,247000
2001-12-21,16.764018055992754,16.965301513671875,16.732387657326615,16.965301513671875,160100
2001-12-24,16.936540320930558,16.936540320930558,16.781264479806005,16.853151321411133,31800
2001-12-26,16.838774260873677,17.008427251828692,16.821521023911654,16.933664321899414,98900
2001-12-27,16.96529299141039,17.083187356457508,16.936538696289062,16.936538696289062,78100
2001-12-28,17.19533898489196,17.272976935670478,17.126328204359886,17.22409439086914,132200
2001-12-31,17.15219481129475,17.201077319873537,17.109062282744013,17.16944694519043,38500
2002-01-02,17.097565009069967,17.22408654391569,16.994047788525677,17.201082229614258,111000
2002-01-03,17.31035100177459,17.51163436978829,17.270094547553068,17.445497512817383,148800
2002-01-04,17.756049447874872,17.825061296788707,17.658283301775512,17.71866798400879,122300
2002-01-07,17.540389906707542,17.61227675058749,17.439748764038086,17.439748764038086,150900
2002-01-08,17.267218412085274,17.3851127835113,17.195331573486328,17.195331573486328,133700
2002-01-09,16.85890479029191,17.002678493883568,16.810021160679465,16.907787322998047,269500
2002-01-10,16.902022450149335,16.902022450149335,16.663358867342428,16.763999938964844,201200
2002-01-11,16.65762447128384,16.68925486743774,16.456341029591613,16.519601821899414,381700
2002-01-14,16.462090048004303,16.462090048004303,16.286685943603516,16.286685943603516,156800
2002-01-15,16.43332952373345,16.490838109323192,16.364317685357417,16.46208381652832,96600
2002-01-16,16.326945097123584,16.44483951668048,16.174545288085938,16.174545288085938,151400
2002-01-17,16.683502144391277,16.686377136073858,16.53397734804971,16.623117446899414,465500
2002-01-18,16.229169723269322,16.358566231686122,16.174536129451536,16.318309783935547,175700
2002-01-22,16.39019657539335,16.447706256442583,16.108400344848633,16.108400344848633,146500
2002-01-23,16.19178923185125,16.390196478547534,16.088272025955476,16.217668533325195,206600
2002-01-24,16.364319692691637,16.53397267356621,16.312561081787116,16.35281753540039,193000
2002-01-25,16.226293701473445,16.347063037049057,16.206165478877512,16.326934814453125,185800
2002-01-28,16.36144167435555,16.418950256358404,16.301055908203125,16.301055908203125,111400
2002-01-29,16.436207249567282,16.50521909942828,16.010637283325195,16.010637283325195,362600
2002-01-30,16.033638370481345,16.21479349249066,15.901366864147047,16.177412033081055,171300
2002-01-31,16.329815377797267,16.424705439344752,16.18891668409808,16.364320755004883,175200
2002-02-01,16.283804282223954,16.289555359985492,16.21191745556366,16.217668533325195,95400
2002-02-04,16.32981596044005,16.32981596044005,16.04514357182825,16.059520721435547,173600
2002-02-05,16.013506712791433,16.045137087287998,15.89273738861084,15.89273738861084,186600
2002-02-06,15.866865327215022,16.02789226313243,15.746094851050403,15.797853469848633,103100
2002-02-07,15.872606376361723,16.09689285148319,15.77196419367231,15.932991027832031,208300
2002-02-08,16.246422563625543,16.37294298162429,16.131403204058753,16.344188690185547,111300
2002-02-11,16.562720218575997,16.70074385599745,16.50233556277014,16.602977752685547,125700
2002-02-12,16.372941157999964,16.53396802407706,16.272300052267898,16.404571533203125,145500
2002-02-13,16.393078556161214,16.559856592630748,16.37582641232395,16.4908447265625,172600
2002-02-14,16.764006731360553,16.821516408548728,16.60585594177246,16.60585594177246,140100
2002-02-15,16.594355318434264,16.62886178607526,16.459208826011217,16.46208381652832,111200
2002-02-19,16.33268476296369,16.347061907123333,16.102647165692105,16.10552215576172,113600
2002-02-20,16.10265060686083,16.180288518201206,15.993382313466304,16.151533126831055,175100
2002-02-21,16.05951409875817,16.252171334147167,15.987627283460407,16.030759811401367,190500
2002-02-22,15.840980964229287,16.0365132179981,15.794973439631091,16.02501106262207,196300
2002-02-25,16.14578828380023,16.246429443359375,16.122783963383068,16.246429443359375,179600
2002-02-26,16.203298899120306,16.211926068799098,16.045148015824843,16.076778411865234,130100
2002-02-27,16.332684570573342,16.47358321425198,16.217666321745295,16.303930282592773,221700
2002-02-28,16.05089172325765,16.249298984222385,15.973253813252493,16.119903564453125,275500
2002-03-01,15.987633908636694,16.381574609487163,15.886992764277059,16.361446380615234,194400
2002-03-04,16.80139488549345,17.36211254207469,16.78414164638565,17.186708450317383,368600
2002-03-05,16.90777986001571,17.02279921088278,16.82151589531832,16.890527725219727,214700
2002-03-06,17.094692231170907,17.324729919433594,17.071687913891527,17.324729919433594,155700
2002-03-07,17.307474866195705,17.373610626078,17.19245658258106,17.195331573486328,149000
2002-03-08,17.410995153305137,17.433999472220076,17.224089998199602,17.267221450805664,157600
2002-03-11,17.373607541569978,17.49725296976066,17.229833889897645,17.48287582397461,149300
2002-03-12,16.999803019197845,17.22984073386707,16.942293316303953,17.155078887939453,212000
2002-03-13,17.27298133122193,17.275857421004833,16.96818053173894,17.008438110351562,136800
2002-03-14,17.169449844336675,17.35060495917063,17.169449844336675,17.310348510742188,101400
2002-03-15,17.293103224760532,17.684167926776393,17.26722391074753,17.474258422851562,208100
2002-03-18,17.49437682690718,17.661153681469433,17.47999968206824,17.58064079284668,201500
2002-03-19,17.65541182610122,17.67841504904847,17.514513109263795,17.615154266357422,129100
2002-03-20,17.420550713726207,17.45303426521833,17.231549053088496,17.27289390563965,241600
2002-03-21,17.246300929767067,17.355566559154923,17.05729943028474,17.305362701416016,180300
2002-03-22,17.349660814383867,17.370332660550858,17.116362977320854,17.311269760131836,193000
2002-03-25,17.246310557952597,17.26993505449493,17.057308952955385,17.09865379333496,294700
2002-03-26,16.877156640886223,17.125219874045975,16.877156640886223,17.095687866210938,254200
2002-03-27,17.075026261071255,17.361480712890625,17.05435440645868,17.361480712890625,282800
2002-03-28,17.429399369442837,17.52980598413554,17.210866928100586,17.210866928100586,197500
2002-04-01,17.187243737707618,17.334900468913816,17.098649924290193,17.24335289001465,71700
2002-04-02,16.98051964331591,17.228582931862118,16.912597699926383,17.07501983642578,107100
2002-04-03,17.134091719656315,17.172482795271026,16.862402677160134,16.965763092041016,147000
2002-04-04,16.950995135052114,17.054354408125086,16.950995135052114,16.97757339477539,70900
2002-04-05,16.97461511811675,17.187241139399667,16.97461511811675,17.1577091217041,162300
2002-04-08,16.847628406389035,16.974613252193016,16.773800060062587,16.971660614013672,160400
2002-04-09,16.927370040035985,17.01891763226478,16.85058902430304,16.86830711364746,143800
2002-04-10,17.045494634235027,17.077979297676745,16.756087555484818,16.995290756225586,195300
2002-04-11,17.069117834162924,17.098649856205444,16.708836177495794,16.7590389251709,137200
2002-04-12,16.871264734271,16.936232954263723,16.56709098815918,16.56709098815918,121500
2002-04-15,16.998233582034224,17.018905422459948,16.823998693781103,16.862388610839844,108100
2002-04-16,17.045495253306996,17.272886779126075,17.039588848236576,17.20496368408203,154200
2002-04-17,17.485500920108006,17.509126525785206,17.27582873911184,17.411672592163086,145600
2002-04-18,17.52389832588358,17.56819578933943,17.261069563258147,17.399866104125977,145200
2002-04-19,17.656793478107712,17.656793478107712,17.47960471179501,17.500276565551758,129700
2002-04-22,17.334893587532445,17.429393767868437,17.334893587532445,17.408721923828125,93800
2002-04-23,17.417584124441973,17.615444687416048,17.38509947033196,17.40281867980957,230100
2002-04-24,17.683363491021186,17.77490990738993,17.51208120944055,17.571144104003906,151500
2002-04-25,17.74834256337059,17.766061780583218,17.600685799527135,17.6656551361084,290800
2002-04-26,17.745386060380728,17.777870721599054,17.706994994710755,17.74833869934082,278500
2002-04-29,17.671564179264486,17.72176694572863,17.453031640487012,17.568204879760742,155100
2002-04-30,17.56819211966363,17.82216066062971,17.56819211966363,17.72175407409668,243800
2002-05-01,17.64497829198481,17.83397871603887,17.53571263305319,17.831026077270508,267500
2002-05-02,18.014118864860038,18.126338281414164,17.955055954750957,17.958009719848633,172800
2002-05-03,18.33895999298746,18.38916385213971,18.279898219675797,18.312381744384766,275700
2002-05-06,18.324199057312995,18.324199057312995,18.011167526245117,18.011167526245117,162400
2002-05-07,18.279898219675797,18.36553824159015,18.191303306646073,18.312381744384766,231400
2002-05-08,18.767172556463716,18.826235481319273,18.575219458847652,18.81147003173828,209600
2002-05-09,18.309434351953886,18.575216914127083,18.23560598763149,18.501388549804688,164100
2002-05-10,18.368493978532022,18.383259423445413,18.321243878890442,18.330102920532227,84300
2002-05-13,18.637232415083925,18.8675765506036,18.622466967569075,18.829185485839844,253100
2002-05-14,18.823274076921066,18.9413987450956,18.71400732253251,18.93549346923828,241000
2002-05-15,18.876432516451928,19.062481405627633,18.81146433267182,19.015230178833008,258200
2002-05-16,18.77898594455284,18.841001510620117,18.61360997517514,18.841001510620117,345100
2002-05-17,18.840992750907255,19.021135213098542,18.83508634833286,18.90300941467285,126000
2002-05-20,18.719914734005595,18.76125842642184,18.57225804592979,18.714008331298828,139900
2002-05-21,18.545679692498787,18.61064899537596,18.46003854352999,18.471851348876953,121500
2002-05-22,18.427552588756555,18.545677247056844,18.39802057928325,18.542724609375,120700
2002-05-23,18.398020452547247,18.51614623656479,18.30942667779957,18.486614227294922,97900
2002-05-24,18.44232357421352,18.45118261645316,18.300573265722733,18.386213302612305,72300
2002-05-28,18.350774768717216,18.465946816185372,18.164727008521073,18.330102920532227,259600
2002-05-29,18.235612223225253,18.30944061279297,18.191314738871895,18.30944061279297,109400
2002-05-30,18.18835450387118,18.191307142546925,18.05841699804276,18.147010803222656,174800
2002-05-31,18.43050891162057,18.49252445411806,18.398024257970114,18.424602508544922,248700
2002-06-03,18.383260664042865,18.50433912295362,18.37144785670247,18.386213302612305,103000
2002-06-04,18.389166416719586,18.44527555980317,18.238555944789596,18.359634399414062,127600
2002-06-05,18.338951937243614,18.477749521924917,18.32418650040171,18.462984085083008,126100
2002-06-06,18.32420153174913,18.368499005142702,18.147013891237926,18.164731979370117,193700
2002-06-07,17.813306290193403,17.99935406947495,17.754243377949745,17.984588623046875,305900
2002-06-10,18.00821042581472,18.1351952739108,17.940288481152123,17.943241119384766,90000
2002-06-11,17.984587224876638,18.031837325691942,17.718804703708503,17.792633056640625,167200
2002-06-12,17.85464805636532,17.869413501193655,17.683366868600444,17.863508224487305,150900
2002-06-13,17.453021472915946,17.55047543555896,17.370334081483975,17.44120979309082,223500
2002-06-14,16.738368955114723,17.063213348388672,16.5080247899398,17.063213348388672,453900
2002-06-17,17.30831917183339,17.547522313388555,17.30831917183339,17.529804229736328,188900
2002-06-18,17.27583704112093,17.621353241208265,17.216774125075773,17.53571319580078,205400
2002-06-19,17.151804532204135,17.275835631903274,16.980522202298086,17.03958511352539,319000
2002-06-20,17.060254955824483,17.157707790329653,16.85648911892735,16.85944175720215,327600
2002-06-21,16.915549645765072,17.083878178260694,16.80333137512207,16.80333137512207,199600
2002-06-24,16.90669059753418,17.036628076051365,16.68520556787216,16.90669059753418,321800
2002-06-25,17.110457692214467,17.213818056331636,16.83286350660416,16.85944175720215,177900
2002-06-26,16.65567409297826,17.013002991179288,16.65567409297826,16.980518341064453,479300
2002-06-27,17.107510203414297,17.128182057153854,16.853540427149383,17.116369247436523,269600
2002-06-28,17.08388781520169,17.450077099978685,17.08388781520169,17.18724822998047,148100
2002-07-01,17.172476990953054,17.33785179641478,16.98052280429199,17.00710105895996,144500
2002-07-02,17.042542126901218,17.098652413909544,16.86830711364746,16.86830711364746,142500
2002-07-03,16.877164762075363,16.92146110534668,16.7265542659711,16.92146110534668,191200
2002-07-05,17.391003847450513,17.517988684251705,17.27583181559154,17.305362701416016,190800
2002-07-08,17.379187947622377,17.54161117032591,17.328985225354653,17.411672592163086,163900
2002-07-09,17.352610944238187,17.497314973022036,17.231532522819442,17.30240821838379,148800
2002-07-10,17.328994071194565,17.399868671343377,16.95099319965034,17.060258865356445,151900
2002-07-11,16.756086358360744,16.921461176384923,16.64386692717901,16.897836685180664,167400
2002-07-12,16.79742804226615,16.826958934352,16.522786465048732,16.65863037109375,130300
2002-07-15,16.567074526270904,16.567074526270904,16.097526366891593,16.508012771606445,279200
2002-07-16,16.245192897876276,16.407616201691006,16.050286059830043,16.215662002563477,210200
2002-07-17,16.705883661533086,16.78561843721443,16.584805178431385,16.75313377380371,296200
2002-07-18,17.001199068709845,17.157714872092928,16.66454183986912,16.773807525634766,265200
2002-07-19,16.699964987391798,16.7088251514235,16.389886283019198,16.463714599609375,274500
2002-07-22,16.360358321925993,16.404654643853963,15.97645010603145,16.11524772644043,284700
2002-07-23,16.18612334706353,16.375123690127612,15.710668725369304,16.035512924194336,557700
2002-07-24,15.29427048789821,16.271756432684857,15.025535528171762,16.203834533691406,972900
2002-07-25,16.03257178181829,16.22747866616497,15.858336754407494,16.153650283813477,426700
2002-07-26,16.248147981850597,16.44600747487167,16.248147981850597,16.348554611206055,184800
2002-07-29,16.83286549832398,17.01005310558854,16.77380258705868,16.998241424560547,254300
2002-07-30,16.847627101136307,17.083877565771445,16.702924184404633,17.021862030029297,178500
2002-07-31,16.877160409142974,17.116363530094958,16.76494100737581,17.07501983642578,242200
2002-08-01,16.714743296564496,16.788571670006093,16.357414239474753,16.499164581298828,203500
2002-08-02,16.46963233547747,16.493256827250104,16.047333983808958,16.124114990234375,109800
2002-08-05,16.419430489040803,16.570041008014037,16.03552315640559,16.07982063293457,285200
2002-08-06,16.351503404464673,16.673395070524368,16.262909605642918,16.493253707885742,184300
2002-08-07,16.522785241954054,16.561176300048828,16.307206591397804,16.561176300048828,254500
2002-08-08,16.8033382610692,17.033682425924546,16.726556121763032,16.983478546142578,198600
2002-08-09,16.83581812611776,17.157709809448665,16.79447442621805,17.03958511352539,152800
2002-08-12,16.84763525839122,16.877167284851296,16.69997850568572,16.86830711364746,155100
2002-08-13,16.86830711364746,17.086839603325515,16.803338908498546,16.86830711364746,266800
2002-08-14,16.88306891596036,17.128179613229573,16.776757023268054,17.125226974487305,182100
2002-08-15,17.2315356089049,17.355567816723337,17.13703541558188,17.278785705566406,160700
2002-08-16,17.151807071275403,17.47074503666676,17.069118532703833,17.290603637695312,140500
2002-08-19,17.29060252949666,17.609541600977895,17.29060252949666,17.594776153564453,124000
2002-08-20,17.538659455667506,17.630206998567264,17.426440068650226,17.571144104003906,265800
2002-08-21,17.52053316122219,17.532373630612906,17.313330592731212,17.493892669677734,162400
2002-08-22,17.44949347681614,17.55013521333718,17.28669096663576,17.523494720458984,136500
2002-08-23,17.183091703795984,17.183091703795984,16.990689112490504,17.043970108032227,110000
2002-08-26,17.06171962692491,17.16828155517578,16.937398130078158,17.16828155517578,101700
2002-08-27,17.236365268594156,17.319246279630757,17.052842545940642,17.079483032226562,164800
2002-08-28,17.06764717805485,17.088367436414078,16.80124224319425,16.872283935546875,188200
2002-08-29,16.774605470049114,17.091331909148007,16.74204586338441,17.01436996459961,105700
2002-08-30,16.839720029373527,17.076523743916425,16.813079540914377,16.919641494750977,115600
2002-09-03,16.434192219547093,16.434192219547093,16.19146829134823,16.206268310546875,170700
2002-09-04,16.30099306478421,16.434195522682767,16.206271567871745,16.33059310913086,125500
2002-09-05,15.948741247784172,16.14706395047843,15.7770578969424,15.984261512756348,192500
2002-09-06,16.56442835017943,16.567389030516257,16.27434378144886,16.354265213012695,169000
2002-09-09,16.167788523159583,16.428273170681905,16.126348014747453,16.36907196044922,152100
2002-09-10,16.644354057994498,16.70355525908526,16.520032551955996,16.605873107910156,212600
2002-09-11,16.671001195910236,16.69764169057563,16.588120158804326,16.591079711914062,78100
2002-09-12,16.522991174984114,16.56147212290511,16.33650779724121,16.33650779724121,183400
2002-09-13,16.114510149787495,16.36907460448854,16.067149399785162,16.250673294067383,303600
2002-09-16,16.206266865215326,16.283227635686107,16.170746596472583,16.24770736694336,117000
2002-09-17,16.555551013166006,16.558510564771332,16.224025904095093,16.22994613647461,148800
2002-09-18,16.111554326741484,16.26547708217445,15.925070836424867,16.17667579650879,191300
2002-09-19,15.889538779149223,16.07306145081851,15.762256616606505,15.806657791137695,313800
2002-09-20,16.1944354009325,16.235875925695275,15.936911333356948,16.013872146606445,181600
2002-09-23,15.851064555570026,15.856984789961617,15.58466078296395,15.762263298034668,196300
2002-09-24,15.096251969364294,15.466258145084007,15.087372182481177,15.294574737548828,364100
2002-09-25,15.472176127323356,15.732660753282246,15.214652182674051,15.63201904296875,230900
2002-09-26,15.794815363247926,15.79777491423655,15.620172496534652,15.747454643249512,195300
2002-09-27,15.58465363846559,15.599453653075145,15.392250061035154,15.392250061035156,139600
2002-09-30,15.09328908453901,15.350813009817134,14.88608544604796,15.238330841064453,259200
2002-10-01,15.196891327513326,15.723779678344728,15.01928884249595,15.723779678344727,246600
2002-10-02,15.321218409999434,15.649784142957618,15.321218409999434,15.35081958770752,255000
2002-10-03,15.214651936213755,15.495855680939188,15.016328070939894,15.081449508666992,197800
2002-10-04,15.190972276328464,15.202812744029497,14.912728060369064,14.930487632751465,189500
2002-10-07,15.128818011132351,15.1317775647439,14.850572546522143,14.894973754882812,183200
2002-10-08,15.093289298373817,15.303452491760252,15.007447612341945,15.303452491760254,320800
2002-10-09,15.182094172640893,15.303456157103144,15.102172700555615,15.1554536819458,253300
2002-10-10,15.170249315309352,15.475133964604922,15.034087348552976,15.451454162597656,240800
2002-10-11,15.839218994514784,16.221065521240234,15.803698728754174,16.221065521240234,180900
2002-10-14,15.922102422706999,16.007944107055664,15.836260738358332,16.007944107055664,98500
2002-10-15,16.33947672381658,16.76868421273155,16.33947672381658,16.76276397705078,283500
2002-10-16,16.28026598603926,16.383867227010157,16.22698502520599,16.28618621826172,140100
2002-10-17,16.78939499730168,16.804195013565906,16.57627114975649,16.694673538208008,140700
2002-10-18,16.39867714303685,16.620680888858633,16.286194928986365,16.591079711914062,156800
2002-10-21,16.594037141920715,16.869321823120117,16.531875247104974,16.869321823120117,168600
2002-10-22,16.641398756779726,16.813081041709857,16.51707608981648,16.594038009643555,105100
2002-10-23,16.546673128428896,16.750916087705612,16.446031424763053,16.679874420166016,152700
2002-10-24,16.68876128865705,16.68876128865705,16.443076610310115,16.44603729248047,131300
2002-10-25,16.32172280634225,16.58516719329273,16.286202506651282,16.567407608032227,147200
2002-10-28,16.59107306628548,16.706514787205002,16.481551578383502,16.50819206237793,152800
2002-10-29,16.546676124952096,16.546676124952096,16.13818900325462,16.38683319091797,215400
2002-10-30,16.28026412414001,16.428266525268555,16.22106293785485,16.428266525268555,139900
2002-10-31,16.54667565197865,16.57627569261923,16.404592295230188,16.48747444152832,155000
2002-11-01,16.3601895555447,16.602913462396568,16.292108569883222,16.531871795654297,147200
2002-11-04,16.95811817253728,17.064680099487305,16.892996744030288,17.064680099487305,249300
2002-11-05,17.144606264766196,17.26892893167943,17.052845452384503,17.09428596496582,165800
2002-11-06,17.026205252583924,17.390291213989258,16.958124248012453,17.390291213989258,251600
2002-11-07,17.21860311574752,17.221563796845736,16.931479153515113,16.934438705444336,426400
2002-11-08,16.789398388086063,16.887079418492682,16.69467690986246,16.750917434692383,225400
2002-11-11,16.50227501312267,16.62659654296919,16.448994034854387,16.460834503173828,156700
2002-11-12,16.709488910564172,16.798290218927164,16.62068760220118,16.724288940429688,179500
2002-11-13,16.561479664138933,16.739082209128583,16.493398650920586,16.591079711914062,144200
2002-11-14,16.028660831356554,16.188502569772474,15.71193577660663,16.043460845947266,12940400
2002-11-15,16.74203779433518,17.268926162674777,16.709477074193902,17.22748565673828,7026700
2002-11-18,17.538291713753715,17.57973222236809,16.90188067669245,17.032123565673828,6837100
2002-11-19,17.171241086973325,17.212682715043094,16.813075484565704,17.026199340820312,4726200
2002-11-20,17.043967362439993,17.200849641168872,17.035086445167273,17.132768630981445,5484200
2002-11-21,17.41396741716358,17.449487686157227,17.227484028901205,17.449487686157227,3289400
2002-11-22,17.464288924492436,17.499809195968133,16.94923990683403,17.09724235534668,9179900
2002-11-25,16.996604757959318,17.153488159179688,16.872283213127037,17.153488159179688,4118000
2002-11-26,16.94627720220641,17.014358180356933,16.694673538208008,16.694673538208008,2352400
2002-11-27,17.038047223587434,17.200849738361573,17.02620675326983,17.162368774414062,2070400
2002-11-29,17.597490588865288,17.60045014087247,17.440607232428054,17.490928649902344,1326000
2002-12-02,17.635975870162625,17.704056874734096,17.242288735572327,17.390291213989258,2597100
2002-12-03,17.301484897793387,17.325164700253527,17.21268366252217,17.251163482666016,3011300
2002-12-04,17.162366139973148,17.20676733226383,16.981802947439242,17.183086395263672,1345700
2002-12-05,17.257088847378437,17.271888869463286,16.946283866919455,16.96404457092285,1568800
2002-12-06,16.93147637465137,17.197880042148967,16.92259546198329,17.135719299316406,1618100
2002-12-09,16.78346883161329,16.81306885367744,16.644346243741175,16.68874740600586,1248600
2002-12-10,16.818996348056448,16.88707733154297,16.653233217066038,16.88707733154297,1067000
2002-12-11,16.78940574068879,16.86932723465927,16.730204508580705,16.813085556030273,1020500
2002-12-12,16.665077561422372,16.77459907085508,16.599957243765495,16.676918029785156,835300
2002-12-13,16.502269529631313,16.54371002581001,16.39866828918457,16.39866828918457,2125500
2002-12-16,16.6561908439206,16.884114683801226,16.64731106092809,16.86635398864746,2917300
2002-12-17,16.88115690517864,16.919637853375516,16.697634207051046,16.73907470703125,1408100
2002-12-18,16.611800115475123,16.611800115475123,16.4045963917412,16.47859764099121,975000
2002-12-19,16.44899149222234,16.561473665531494,16.386830736907687,16.413471221923828,1009000
2002-12-20,16.487486220873798,16.570367297216446,16.309882462635297,16.5526065826416,2801000
2002-12-23,16.552595252780364,16.552595252780364,16.336511787955374,16.342432022094727,1050900
2002-12-24,16.339467714059328,16.457868974878476,16.2950665355216,16.30394744873047,463800
2002-12-26,16.324665184656624,16.448986658754567,16.324665184656624,16.354265213012695,487700
2002-12-27,16.35426966671418,16.39867085050861,16.03458385339991,16.07306480407715,817800
2002-12-30,16.342441301083824,16.369081805252385,16.2181197010771,16.306921005249023,987900
2002-12-31,16.36907452689944,16.36907452689944,16.206272020111186,16.27435302734375,773300
2003-01-02,16.463790902793725,16.61179334093613,16.413470615826427,16.605873107910156,1081700
2003-01-03,16.774594241667568,16.842676350569008,16.739073975974254,16.804195404052734,1114900
2003-01-06,16.77755376158526,16.97587645458315,16.77163352951787,16.96995735168457,2100600
2003-01-07,16.750914051679608,16.795315229641144,16.644352127907013,16.694673538208008,1609100
2003-01-08,16.668045432892754,16.694685933615844,16.605883511759085,16.63548469543457,889000
2003-01-09,16.694681235250318,16.783482502946136,16.668040742024633,16.7686824798584,1674900
2003-01-10,16.77755302330148,16.84267444400833,16.69467203634277,16.75979232788086,1471400
2003-01-13,16.907802609457587,16.943324016841036,16.71540006739235,16.76572036743164,1202700
2003-01-14,16.807151857531416,16.845632796954238,16.70947086258878,16.783472061157227,1484100
2003-01-15,16.78644669494571,16.789407377883094,16.62068458388252,16.659164428710938,1687700
2003-01-16,16.659155439826677,16.694676840890594,16.53483392361022,16.63251495361328,1348500
2003-01-17,16.537798387369882,16.594040057839855,16.472678057750674,16.481557846069336,1246400
2003-01-21,16.437156546047735,16.437156546047735,16.25659332353833,16.289154052734375,2855000
2003-01-22,16.11450658297721,16.18850780904939,15.945783877866166,16.025705337524414,2200300
2003-01-23,16.235867976985087,16.235867976985087,15.999064287724604,16.09674644470215,2849200
2003-01-24,15.999061267656232,15.999061267656232,15.809618352008101,15.82145881652832,1137700
2003-01-27,15.658662949156916,15.717863038250531,15.513620020871192,15.605381965637207,1545900
2003-01-28,15.602412696336032,15.664573433173539,15.451450745563701,15.643853187561035,1534800
2003-01-29,15.43961546132241,15.507696452480335,15.235372487848633,15.50473690032959,2406000
2003-01-30,15.528417826788305,15.608339290660755,15.383376048373576,15.407055854797363,1900900
2003-01-31,15.362657173032773,15.907306319689171,15.30345595790657,15.895465850830078,3919600
2003-02-03,15.762259537190614,15.827380970791015,15.658658282979959,15.777059555053711,1964200
2003-02-04,15.643851038353334,15.670491511790688,15.460328404211863,15.540249824523926,1887700
2003-02-05,15.57874049588234,15.706022711947922,15.49289879124848,15.54617977142334,2262600
2003-02-06,15.546177797051296,15.584658750994762,15.407055129911225,15.427775382995605,1536500
2003-02-07,15.64089826011345,15.703059015326714,15.54025655345763,15.55505657196045,1332200
2003-02-10,15.626102426003563,15.629061978829029,15.495859518296331,15.566901206970215,1404600
2003-02-11,15.575784196365436,15.620185402059867,15.472182888637851,15.519543647766113,1380700
2003-02-12,15.673465985335675,15.723786296575378,15.620184991570376,15.649785041809082,1995100
2003-02-13,15.818501596661589,15.845142083076194,15.688259845950796,15.809621810913086,1941900
2003-02-14,15.747467574444356,15.851068881648969,15.629065112636603,15.81850814819336,1217400
2003-02-18,15.954656193183968,16.12633835796588,15.954656193183968,16.0552978515625,827800
2003-02-19,16.144111311050683,16.191472061014238,16.04938981112358,16.08786964416504,1239200
2003-02-20,16.046422314322534,16.10266395732286,15.930980605886509,15.999061584472656,1346700
2003-02-21,15.978347225740864,16.05530914584748,15.898425752939048,16.004987716674805,1176100
2003-02-24,16.004982216521142,16.004982216521142,15.827379757441285,15.839219093322754,1046000
2003-02-25,15.658658147209524,15.830340385437013,15.578736696438995,15.830340385437012,1695200
2003-02-26,15.664574083259495,15.729695503126322,15.6290538220452,15.691214561462402,1328600
2003-02-27,15.714906146838537,15.815547896178765,15.626104868989984,15.800747871398926,1019100
2003-02-28,15.895471225426084,15.969472487062918,15.85699025320743,15.883630752563477,911300
2003-03-03,16.117465786966566,16.132265804990556,15.954663330364681,15.969463348388672,1166900
2003-03-04,15.919143060153273,15.919143060153273,15.788901311476483,15.83330249786377,774800
2003-03-05,15.862897391364266,15.907298563351391,15.7770557277458,15.904337882995605,878600
2003-03-06,15.67050090373484,15.777062861351007,15.575779414558076,15.617219924926758,1289100
2003-03-07,15.617215610406925,15.765218037503601,15.59353580923929,15.703057289123535,3174800
2003-03-10,15.584662940154296,15.626103457462273,15.377459224444998,15.38041877746582,2120300
2003-03-11,15.442578512667358,15.626102404333157,15.442578512667358,15.507699966430664,3327800
2003-03-12,15.350821127589429,15.495862960815431,15.250179371625237,15.49586296081543,2448800
2003-03-13,15.61425650753095,15.85994108557471,15.569855326458073,15.788899421691895,1835500
2003-03-14,15.833300147636711,15.85994062968087,15.637936989035856,15.703057289123535,1984500
2003-03-17,15.72674459612418,16.238833066012997,15.706024338262791,16.070110321044922,2602300
2003-03-18,16.141145529041555,16.17666692716784,16.02866448914863,16.135225296020508,3163500
2003-03-19,16.531997466755804,16.6115954592178,16.225849365519586,16.378923416137695,5081500
2003-03-20,16.375862448984755,16.40341582481051,16.241156537008933,16.378923416137695,4191300
2003-03-21,16.46770222932019,16.620776238885473,16.37891902348544,16.571792602539062,6583500
2003-03-24,16.259520021586145,16.342180119465905,16.10950699183504,16.164613723754883,6032800
2003-03-25,16.10644824822207,16.219722693748817,16.01154193729519,16.130939483642578,3544900
2003-03-26,16.238100734367467,16.27789915932515,16.094210707306424,16.170747756958008,4668600
2003-03-27,16.075835821244965,16.078897956172455,15.867656192805088,15.910516738891602,6794000
2003-03-28,16.075835819168205,16.085021056087193,15.552322861415215,15.720704078674316,14814700
2003-03-31,15.76968613901311,15.821731916772967,15.521706956551158,15.650288581848145,5352900
2003-04-01,15.818672572982605,15.977869733243168,15.797242298318912,15.962562561035156,3025600
2003-04-02,16.204417300714997,16.268708114581294,16.152371521969286,16.22890853881836,3300600
2003-04-03,16.24421967775277,16.26258781753228,16.112575892641747,16.167682647705078,2802800
2003-04-04,16.189109617898136,16.27176973361917,16.15543314469377,16.198293685913086,1401200
2003-04-07,16.568736133405352,16.59322854388383,16.378924623646807,16.39423179626465,2383900
2003-04-08,16.470765837929072,16.479951074122674,16.287077464127837,16.354429244995117,3487400
2003-04-09,16.339126405991962,16.42178654647101,16.149314880371094,16.149314880371094,3280300
2003-04-10,16.2687077859745,16.29626115819811,16.13400305947138,16.225847244262695,3962100
2003-04-11,16.32993449083673,16.34830379140665,16.124814721989427,16.21053695678711,914800
2003-04-14,16.231975908785277,16.29014363992099,16.179930113253263,16.28708267211914,1454800
2003-04-15,16.326872721813196,16.3819782850893,16.28707315646645,16.36054801940918,2468800
2003-04-16,16.4340301677892,16.48607478442544,16.357493142480145,16.378923416137695,1721400
2003-04-17,16.415656334967913,16.49831643965316,16.182984356042848,16.35748863220215,1613300
2003-04-21,16.336060779339338,16.378921321172307,16.262584730581263,16.31463050842285,993000
2003-04-22,16.317692073249933,16.528934991257877,16.311568971640494,16.522811889648438,2076100
2003-04-23,16.415653530980208,16.424838764062066,16.24727238406227,16.345239639282227,2259200
2003-04-24,16.146254775421333,16.20136037082245,15.965627310915373,16.072778701782227,1652700
2003-04-25,15.809485248583282,15.864591991477385,15.742132303298902,15.78193187713623,2190500
2003-04-28,16.15849499164612,16.280954688539868,16.146249956246525,16.247278213500977,2026800
2003-04-29,16.76161245296188,16.822842321065767,16.65446105967703,16.755489349365234,3793900
2003-04-30,16.75241986905837,16.828956873331684,16.71262029983489,16.743234634399414,2130800
2003-05-01,16.7309932302132,16.743238265977734,16.5656729848383,16.67894744873047,2083100
2003-05-02,16.87794979734051,17.080007553100586,16.85651951777979,17.080007553100586,1753500
2003-05-05,16.957550050490898,17.00041061527085,16.86876678466797,16.86876678466797,1068500
2003-05-06,17.177972598242395,17.327984535249527,17.16572639215865,17.223894119262695,2763400
2003-05-07,17.34940928074966,17.413701258260957,17.23613483024462,17.26675033569336,1304200
2003-05-08,17.312678444057113,17.389215485072274,17.14429718739627,17.19021987915039,1567400
2003-05-09,17.560654568250325,17.597392011921254,17.481055411123982,17.572900772094727,1767900
2003-05-12,17.410631647387873,17.545337477793307,17.364710160727345,17.517784118652344,965200
2003-05-13,17.386145523118557,17.474928725053978,17.334099754863946,17.398391723632812,721500
2003-05-14,17.628007997666742,17.640253033979608,17.487178985376858,17.514732360839844,694700
2003-05-15,17.72597588100195,17.75046712229917,17.621885477798486,17.686176300048828,1020600
2003-05-16,17.70148589530354,17.774961964979298,17.628010993490292,17.680055618286133,1102200
2003-05-19,17.5392287838793,17.557596926484177,17.331047936698457,17.343294143676758,1481900
2003-05-20,17.542285408287363,17.603515260156016,17.444318112442435,17.51167106628418,1517500
2003-05-21,17.459618172611833,17.523910133213793,17.38614331458361,17.46880340576172,729400
2003-05-22,17.557591594103066,17.649436950683594,17.53616132233087,17.649436950683594,1093500
2003-05-23,17.747404056229286,17.799448667744908,17.670867038450638,17.73209571838379,837300
2003-05-27,17.894347613337715,18.12701953760724,17.882101415254652,18.087221145629883,1603600
2003-05-28,18.25254305278838,18.3596955512735,18.22192872057087,18.261728286743164,3653700
2003-05-29,18.368885333008386,18.45460642417983,18.11478185866121,18.209688186645508,7165800
2003-05-30,18.166823639654684,18.261729946735016,18.08110256736407,18.14539337158203,3400900
2003-06-02,18.36888224006786,18.414804912812865,18.255607793255493,18.283161163330078,1673100
2003-06-03,18.313785394902144,18.375015269024107,18.13928101276532,18.249494552612305,864600
2003-06-04,18.307657236651618,18.460731295767204,18.292350064312537,18.34439468383789,1761100
2003-06-05,18.454610339180054,18.552577654976776,18.4117497845018,18.512779235839844,920100
2003-06-06,18.70258849161884,18.809739865294258,18.537268228351863,18.61992835998535,632200
2003-06-09,18.423997339577202,18.485227208397806,18.292353530364814,18.378074645996094,1533400
2003-06-10,18.430109469330997,18.460723801581178,18.231112806119068,18.335203170776367,874600
2003-06-11,18.43011201295708,18.59237009842849,18.387251474746673,18.543386459350586,1402300
2003-06-12,18.552575065892615,18.699527186942483,18.497468312464505,18.69034194946289,591600
2003-06-13,18.776074049084826,18.779135017939694,18.51278634877299,18.518909454345703,565300
2003-06-16,18.83728422066142,18.978113174438477,18.83728422066142,18.978113174438477,676000
2003-06-17,19.149559900759634,19.192420440021703,19.079145990848787,19.12506866455078,724700
2003-06-18,18.999549495526274,19.04547100494857,18.92301247862692,18.98118019104004,662200
2003-06-19,18.78830995503348,18.846478845753452,18.65972830412862,18.67503547668457,546800
2003-06-20,18.861779722488865,18.877086889935477,18.65053684099476,18.68115234375,601000
2003-06-23,18.592366591519056,18.656657386708073,18.41480137130246,18.509706497192383,830700
2003-06-24,18.414811231007786,18.521962613694082,18.390318819043788,18.491348266601562,530000
2003-06-25,18.319899113787788,18.402559226326122,18.215808731464932,18.27703857421875,865900
2003-06-26,18.215806139064135,18.3382658071438,18.148453204834123,18.292343139648438,448100
2003-06-27,18.298474715725344,18.298474715725344,18.090293884277344,18.090293884277344,407800
2003-06-30,18.185192046131284,18.255605947455305,18.01680970833258,18.09640884399414,1068700
2003-07-01,17.866804990149976,17.9678332654024,17.725977131137537,17.952526092529297,1296100
2003-07-02,18.053555945697717,18.221937186851186,18.047432842836912,18.185199737548828,517300
2003-07-03,18.02293660730515,18.145396302812912,18.01069157204414,18.059675216674805,271800
2003-07-07,18.319898523794812,18.55257051733157,18.21580814482419,18.469911575317383,750500
2003-07-08,18.476033517670192,18.543386459350586,18.368882172144183,18.543386459350586,607900
2003-07-09,18.552572576235157,18.57094188086692,18.39949854122377,18.44542121887207,432000
2003-07-10,18.26173210354531,18.350514152676794,18.246423766375113,18.29846954345703,475400
2003-07-11,18.423986826759474,18.51889312767054,18.393372493749165,18.515830993652344,384200
2003-07-14,18.73626206490406,18.874028929589233,18.69952462360875,18.72095489501953,571300
2003-07-15,18.889329675005413,18.889329675005413,18.58624267578125,18.58624267578125,566300
2003-07-16,18.619921936042736,18.66584460483864,18.40561809476514,18.598491668701172,614400
2003-07-17,18.36888503922279,18.442361093239075,18.33827069796899,18.405622482299805,724800
2003-07-18,18.58319007086859,18.681157370321557,18.469915599850278,18.659727096557617,511200
2003-07-21,18.518892606828427,18.52807667290083,18.399493908577636,18.48521614074707,466200
2003-07-22,18.451556460908822,18.589323416637455,18.390326573044657,18.518909454345703,598500
2003-07-23,18.476035558729464,18.47909769343253,18.384191371295074,18.44542121887207,523900
2003-07-24,18.53420528486274,18.604619204036286,18.405622482299805,18.405622482299805,539100
2003-07-25,18.497464673647343,18.67197013708259,18.485219639187328,18.629108428955078,467800
2003-07-28,18.849535634322372,18.89239617512214,18.684215404498577,18.708707809448242,569600
2003-07-29,18.877084641622645,18.907698972869618,18.708703484040537,18.714826583862305,492400
2003-07-30,18.714833512092614,18.78218529934196,18.650541524094077,18.766878128051758,342100
2003-07-31,18.938314882094577,19.024035945731924,18.843408584594727,18.843408584594727,585200
2003-08-01,18.877090083465163,18.901582489812856,18.739323217414928,18.785245895385742,434100
2003-08-04,19.287331140740463,19.31182355038201,19.10364273987836,19.281208038330078,1316500
2003-08-05,19.10363603755637,19.12200417048088,18.944438934326172,18.944438934326172,726900
2003-08-06,18.880146016459033,18.971991347912653,18.79748708672982,18.843408584594727,566800
2003-08-07,18.733198091504995,18.968932221747973,18.705644721272385,18.95668601989746,642600
2003-08-08,19.039343701668592,19.082205402677346,18.93525333494264,18.962806701660156,425900
2003-08-11,19.10976065573826,19.180175734718574,19.02710171023674,19.128129959106445,543700
2003-08-12,19.3026419580645,19.382241136569146,19.24141209025998,19.379179000854492,866100
2003-08-13,19.722057853789163,19.7618585972381,19.62409056608501,19.679197311401367,1247700
2003-08-14,19.899624979641317,20.092497427044727,19.899624979641317,19.991470336914062,1501900
2003-08-15,19.93942506530505,19.985347747802734,19.859828240415364,19.985347747802734,257500
2003-08-18,19.92105557879567,19.99147066529133,19.838396624472026,19.957794189453125,821000
2003-08-19,19.89043664614977,19.911866913488403,19.75879290800561,19.905742645263672,445500
2003-08-20,19.846476930107777,19.946286241035995,19.746667619179558,19.918214797973633,575800
2003-08-21,20.114729776999635,20.12720624828693,19.946302173908297,20.055469512939453,563000
2003-08-22,20.067939406406886,20.09601205584145,19.883916847614504,19.887035369873047,418300
2003-08-25,19.88703969647705,19.890159409235853,19.790350017746572,19.871444702148438,492600
2003-08-26,19.849613385590942,19.883923090314365,19.721732516053954,19.868328094482422,371900
2003-08-27,19.812174640426864,19.95565042963232,19.734198512838514,19.899507522583008,529500
2003-08-28,19.977481940347438,20.092885069456692,19.91821933049638,20.061695098876953,281100
2003-08-29,20.021148375087517,20.080408605296352,19.977481940347438,20.061695098876953,292300
2003-09-02,20.077302842455882,20.223896026611328,20.030516669807145,20.223896026611328,438500
2003-09-03,20.342412536935154,20.386078977993783,20.28314991850877,20.304983139038086,433100
2003-09-04,20.270672666294836,20.29562559725835,20.117840128517617,20.21141242980957,371400
2003-09-05,20.139681556804973,20.289396823965102,20.096015099642322,20.149038314819336,437200
2003-09-08,20.382966995239258,20.454706106832784,20.354896720904925,20.382966995239258,776500
2003-09-09,20.23012593821097,20.31745881694081,20.16774599044465,20.21141242980957,242700
2003-09-10,20.064815899802213,20.096005872076276,19.968123892217573,19.980600357055664,365200
2003-09-11,20.133432872425995,20.24883599408111,20.07417026640284,20.127193450927734,184300
2003-09-12,20.223896752161764,20.239492936818735,20.09913679348071,20.220779418945312,255900
2003-09-15,20.17086833821283,20.17086833821283,20.05858250059602,20.080415725708008,222300
2003-09-16,20.155280037676082,20.3985652923584,20.155280037676082,20.3985652923584,498400
2003-09-17,20.53580172495341,20.570111428013092,20.379849394552572,20.3985652923584,383000
2003-09-18,20.807150495452234,20.878889582963186,20.51084214972335,20.866413116455078,679400
2003-09-19,20.7135677920426,20.738518330029144,20.595042623131416,20.66366195678711,329900
2003-09-22,20.641844686672385,20.732297298181972,20.520202093866438,20.67303466796875,555200
2003-09-23,20.772832179988164,20.822738025293447,20.66366611793496,20.757238388061523,704800
2003-09-24,21.209503850770638,21.209503850770638,20.928789353287872,20.944385528564453,1000500
2003-09-25,21.12217260405332,21.172076085418492,20.95998093542105,20.978696823120117,452800
2003-09-26,20.919435301720455,20.956864699432906,20.83522213142063,20.897602081298828,331100
2003-09-29,20.86641822015821,20.93503761291504,20.819632054220076,20.93503761291504,697800
2003-09-30,20.76348841685346,20.76348841685346,20.48589352271665,20.585702896118164,496300
2003-10-01,20.832113355230046,21.206398010253906,20.832113355230046,21.206398010253906,925500
2003-10-02,21.275006829586662,21.621221034000143,21.2406971423282,21.505815505981445,882600
2003-10-03,21.677366555009353,21.945604662464355,21.658653043210183,21.770938873291016,565900
2003-10-06,21.917539689786498,22.067254975533007,21.880112653082676,21.983041763305664,404800
2003-10-07,21.948722529412002,22.148341237300556,21.901936374203782,22.117151260375977,477500
2003-10-08,22.054772975992698,22.06101240030875,21.81460749197369,21.87698745727539,565700
2003-10-09,22.13898909698353,22.279345212222236,22.01110707140067,22.07660675048828,708800
2003-10-10,22.029816266979957,22.142102089016596,21.995506578044164,22.09531593322754,235300
2003-10-13,22.185771149757503,22.316772877345667,22.138987368093535,22.226320266723633,346000
2003-10-14,21.979922341816234,22.17642142604807,21.970565582516212,22.167064666748047,490200
2003-10-15,22.41345957981369,22.48207895673906,22.323006981106854,22.391626358032227,402300
2003-10-16,22.245023761691773,22.41657214934892,22.245023761691773,22.37914276123047,537500
2003-10-17,22.19513133433993,22.285581569592264,22.048535799152226,22.061012268066406,323400
2003-10-20,22.622430415399553,22.722239748791907,22.600597198083793,22.71288299560547,739100
2003-10-21,22.974895446642307,23.04975188912656,22.91251309486926,22.987369537353516,725500
2003-10-22,22.781518374753823,22.86261425878674,22.700422490720907,22.716018676757812,504300
2003-10-23,22.220082104953867,22.354201172509597,22.14210595822712,22.307415008544922,578100
2003-10-24,22.19513496286158,22.351087280319653,22.18577582491354,22.263751983642578,358500
2003-10-27,22.425940808917954,22.53510694100804,22.260631754661084,22.2824649810791,418300
2003-10-28,22.81581140572585,23.10588264465332,22.80957198401352,23.10588264465332,641500
2003-10-29,23.19946129045625,23.38972327041828,23.19946129045625,23.28679656982422,549800
2003-10-30,23.648610768897147,23.682920471205453,23.43339579617117,23.464588165283203,701100
2003-10-31,23.330455874960823,23.486408113751622,23.311739988149153,23.414669036865234,368600
2003-11-03,23.9854522442115,24.041595139374962,23.838856774637915,23.94178581237793,510900
2003-11-04,23.760889663414815,23.792079643732258,23.62677060637115,23.692270278930664,470700
2003-11-05,23.39284413573333,23.461463525941056,23.302391519517982,23.424034118652344,551500
2003-11-06,23.355406009438042,23.405311867192207,23.24000287775551,23.377239227294922,540900
2003-11-07,23.489526059852277,23.745287642976198,23.489526059852277,23.614288330078125,335500
2003-11-10,23.657967320729945,23.657967320729945,23.44587206270006,23.448991775512695,317100
2003-11-11,23.40844934124715,23.51449579998258,23.36478287239796,23.436519622802734,304600
2003-11-12,23.452103224507777,23.6735551632989,23.452103224507777,23.657958984375,619400
2003-11-13,23.84198637040421,23.985462188720703,23.735937577952775,23.985462188720703,613600
2003-11-14,23.8918894280844,23.9948185066181,23.601818084716797,23.601818084716797,280500
2003-11-17,23.448985161672617,23.530081014422326,23.252486143485257,23.417795181274414,381900
2003-11-18,23.67979294097116,23.76400850234176,23.399078369140625,23.399078369140625,512600
2003-11-19,23.162038163699002,23.26496488161951,23.049752308109866,23.236894607543945,501000
2003-11-20,22.831412484540657,23.024794165400174,22.706652566198166,22.74407958984375,582900
2003-11-21,23.283677232287744,23.386606314180362,23.255604582842903,23.336700439453125,430400
2003-11-24,23.576871808475126,23.742183275081505,23.576871808475126,23.71099090576172,400900
2003-11-25,23.770717805772488,23.88389692030091,23.61352485765791,23.80844497680664,551500
2003-11-26,23.783289527714427,23.78957618920865,23.65753471066725,23.770713806152344,380500
2003-11-28,23.855608224870135,23.94992498196092,23.855608224870135,23.915342330932617,248300
2003-12-01,24.207713692251044,24.346044252321875,24.022227167223342,24.25801658630371,583300
2003-12-02,24.019090218661166,24.04738380656655,23.786445256664976,23.893335342407227,429700
2003-12-03,23.993936605749585,24.078819760406358,23.956209426694052,24.01594352722168,285800
2003-12-04,23.93734190533039,23.93734190533039,23.78329348804701,23.81473159790039,348400
2003-12-05,23.6418173207611,23.824161707622437,23.591516826997857,23.67325782775879,293800
2003-12-08,23.74241199207681,23.88703155517578,23.698398176724268,23.88703155517578,292800
2003-12-09,24.11653693992636,24.13854385227364,23.899609947807786,23.912185668945312,210500
2003-12-10,23.78644527070347,23.78644527070347,23.578949364975795,23.71099090576172,325100
2003-12-11,23.79901273476492,24.107111985914447,23.78015034746517,24.037946701049805,313400
2003-12-12,23.91532838314163,24.125966299412333,23.846163121423285,24.094528198242188,247500
2003-12-15,24.09139597506599,24.09139597506599,23.909053935704716,23.953067779541016,421500
2003-12-16,24.019085000275204,24.05366764369598,23.830453926163663,24.041091918945312,391700
2003-12-17,24.037936846281013,24.053657094968795,23.82415441642238,23.949909210205078,262100
2003-12-18,23.981347767779145,24.25486426959599,23.94362300792388,24.24857521057129,334500
2003-12-19,24.292588894697086,24.471788698735256,24.24228841564468,24.364898681640625,360800
2003-12-22,24.320894844640268,24.490663528442383,24.30517458928714,24.490663528442383,227000
2003-12-23,24.52525335962382,24.610136527116726,24.49695737140958,24.547260284423828,196600
2003-12-24,24.594406237054013,24.6792893616516,24.456075694744484,24.64470672607422,64600
2003-12-26,24.584972266301726,24.742165189739907,24.5378163081292,24.695009231567383,112500
2003-12-29,24.56297331164707,24.632138604141996,24.421500594143396,24.61642074584961,418500
2003-12-30,24.676152445079783,24.713879622415497,24.556686648045,24.61642074584961,248000
2003-12-31,24.663577834734788,24.867929190373303,24.647859975731546,24.7799015045166,177800
2004-01-02,24.96538212049861,25.103710266907584,24.908792570148744,24.93079948425293,445700
2004-01-05,25.20118398118655,25.292353814311152,25.084860292761302,25.238908767700195,519300
2004-01-06,25.355214896389363,25.521838984295723,25.308056547331855,25.477825164794922,452100
2004-01-07,25.4715441337163,25.613019225478464,25.370940743353305,25.581581115722656,654100
2004-01-08,25.74505939361066,25.776497501739932,25.685325309163307,25.75763511657715,302300
2004-01-09,25.28606879071217,25.600454824465363,25.182320823915596,25.361520767211914,923700
2004-01-12,25.32692116228627,25.411806677794445,25.157152529843398,25.39923095703125,434000
2004-01-13,25.163449145828984,25.163449145828984,24.75789102408179,24.839632034301758,902400
2004-01-14,24.918224588583342,25.0691284621389,24.880497420907542,25.01253890991211,462400
2004-01-15,24.81132524369843,24.867914780182208,24.547242339156234,24.6887149810791,453500
2004-01-16,24.386918470037145,24.556687173821082,24.36491154909707,24.42778778076172,508900
2004-01-20,25.040845163470575,25.088003542778296,24.858500709387283,25.00940704345703,858200
2004-01-21,25.01254459518921,25.355226516723636,24.993682206350854,25.355226516723633,558600
2004-01-22,25.308071008740235,25.308071008740235,24.993685033476382,25.08171272277832,261800
2004-01-23,24.905650690775428,24.9245130767084,24.76103346861666,24.801902770996094,394000
2004-01-26,24.779904162893253,25.088003495019016,24.597559709157085,24.805055618286133,350400
2004-01-27,24.57867764532178,24.66041861063974,24.522088115266712,24.61326026916504,392700
2004-01-28,24.70444473800696,24.7893278761166,24.317749023437504,24.3177490234375,327700
2004-01-29,24.39635216810297,24.41835909130105,24.207721055180148,24.380634307861328,1068400
2004-01-30,24.39948394633853,24.4497844308251,24.286304858026895,24.396339416503906,442500
2004-02-02,23.94677262503561,24.034800290314504,23.73927918524593,23.877607345581055,626400
2004-02-03,24.113392185628825,24.286305351443925,24.094529803384827,24.166839599609375,327300
2004-02-04,24.08195977731128,24.13540480535708,23.971925190577547,24.012794494628906,318900
2004-02-05,24.20771826827953,24.2171494630537,24.10711485973096,24.129121780395508,259800
2004-02-06,24.6635803084887,24.842780229406305,24.625855524237494,24.7673282623291,426800
2004-02-09,25.207457236123204,25.304916080870182,25.147723157820913,25.216888427734375,743100
2004-02-10,25.282917811879646,25.31435592752354,25.07227979863364,25.11943817138672,342000
2004-02-11,25.119431521627263,25.569003412187673,25.03454599342821,25.559572219848633,925700
2004-02-12,25.207464079605927,25.317498675898573,25.12886759674342,25.163450241088867,280500
2004-02-13,25.584715183990223,25.619297813394176,25.41180443554372,25.477825164794922,454600
2004-02-17,25.911689825927233,26.040589218745655,25.820517611181774,25.933696746826172,378700
2004-02-18,25.70732949424103,25.710474024292136,25.480973700607993,25.51555633544922,504000
2004-02-19,25.82679920390475,26.062588601873617,25.732482485287683,25.789072036743164,435700
2004-02-20,25.767058126682972,25.767058126682972,25.364644713839557,25.436954498291016,449000
2004-02-23,25.85508419602844,25.873948972632707,25.49668462199627,25.553274154663086,377200
2004-02-24,25.65073620870733,25.82993841690471,25.65073620870733,25.73247718811035,326500
2004-02-25,25.71363738332136,25.74507551113225,25.569020076530936,25.622465133666992,330200
2004-02-26,25.556427795467858,25.67589356321393,25.44324868978259,25.609872817993164,225100
2004-02-27,25.719912192963676,25.814228931493165,25.606733066158007,25.7010498046875,242900
2004-03-01,25.39923475436341,25.638168687439098,25.386659031720075,25.559572219848633,628300
2004-03-02,24.770472793874962,24.814486641217897,24.61642432817469,24.7673282623291,972700
2004-03-03,24.380630793280886,24.54725495898598,24.242300211076934,24.496952056884766,781900
2004-03-04,24.41521867218432,24.56297808198619,24.342908834557953,24.525253295898438,497300
2004-03-05,24.43721902673845,24.732740165463312,24.43721902673845,24.638425827026367,636300
2004-03-08,24.647848777429754,24.908789583790234,24.62898399719237,24.65727996826172,547100
2004-03-09,24.512677567677553,24.673015104275215,24.500101839456665,24.525253295898438,373600
2004-03-10,24.210858106431026,24.258016469735285,24.053665161132816,24.053665161132812,610100
2004-03-11,23.830451019036747,23.993930623703733,23.604092798287116,23.7675724029541,530100
2004-03-12,23.943631293090235,24.103966375102008,23.843025502468482,24.08510398864746,296700
2004-03-15,23.899615787573705,23.943632021596986,23.739280700683594,23.739280700683594,441700
2004-03-16,24.11654967364029,24.15113232538498,23.953070009681127,24.0631046295166,557000
2004-03-17,24.194045517785888,24.369712829589844,24.162106671124572,24.369712829589844,425700
2004-03-18,24.257922508666667,24.257922508666667,24.024766741690563,24.146135330200195,509500
2004-03-19,23.954499494977746,24.05351064645479,23.890621804368884,24.002408981323242,365800
2004-03-22,23.794808594754084,23.794808594754084,23.475415190797655,23.481801986694336,468200
2004-03-23,24.024765188056712,24.03115198207989,23.759668155709715,23.82993507385254,499100
2004-03-24,23.667045977836963,23.708568671524215,23.47541046142578,23.47541046142578,357600
2004-03-25,23.529708451416425,23.919368743896484,23.47860678049565,23.919368743896484,361000
2004-03-26,23.52970674433302,23.631912515537504,23.41472494713075,23.47541046142578,381100
2004-03-29,23.714959182789602,23.93853358084537,23.68621494737308,23.88423728942871,251600
2004-03-30,23.836331378568236,24.01199874401655,23.80119790547857,23.95450782775879,245800
2004-03-31,23.871448305920367,23.890613555908203,23.727722333284337,23.890613555908203,697600
2004-04-01,24.040738447982122,24.19404834133731,23.954503308254765,24.178077697753906,457700
2004-04-02,24.075876456845823,24.075876456845823,23.900211528176055,23.95450782775879,548600
2004-04-05,23.83312702042881,24.008791859337425,23.734113448325253,23.96407699584961,684400
2004-04-06,24.06628449524436,24.194042301684657,24.027958859056504,24.15890884399414,226600
2004-04-07,24.337773763736234,24.337773763736234,24.040737832843117,24.139751434326172,256000
2004-04-08,24.14933357377802,24.14933357377802,23.954503417705105,24.018381118774414,130000
2004-04-12,24.0982342258742,24.210023880004883,24.05351933893336,24.210023880004883,163300
2004-04-13,24.126986653623256,24.126986653623256,23.90021754814876,23.922574996948242,318900
2004-04-14,23.660660693204548,23.801192114593032,23.635108639578295,23.740509033203125,507400
2004-04-15,23.52650532723743,23.545668140320526,23.322091428318103,23.494564056396484,381000
2004-04-16,23.513735542270638,23.651074758268813,23.48179426295863,23.590389251708984,372200
2004-04-19,23.584010023416482,23.68621826171875,23.5392951375485,23.68621826171875,376400
2004-04-20,23.657461232034706,23.750085579876067,23.421110876343544,23.42430305480957,359100
2004-04-21,23.42111557958442,23.475411865739694,23.31252057049592,23.453054428100586,446900
2004-04-22,23.293354099582828,23.667043685913082,23.251833846694208,23.667043685913086,406300
2004-04-23,23.695791867976624,23.788416225837857,23.57442084336921,23.73411750793457,507000
2004-04-26,23.66705302820798,23.76606664999234,23.587204669518492,23.612756729125977,276700
2004-04-27,23.69261218535029,23.842727534540753,23.689417567747718,23.714969635009766,316800
2004-04-28,23.63510075255326,23.63510075255326,23.37639299705751,23.414718627929688,249900
2004-04-29,23.341272601846278,23.37640607431828,23.07298085176721,23.146442413330078,460000
2004-04-30,23.09214514519246,23.111307970544104,22.884538935695527,23.02826499938965,483600
2004-05-03,23.127272082395937,23.162403106689453,23.018677083600036,23.162403106689453,641500
2004-05-04,23.507346118679614,23.683013406343306,23.48179407015081,23.587194442749023,481000
2004-05-05,23.417931118428207,23.651089443578872,23.417931118428207,23.603179931640625,362600
2004-05-06,23.363628087130433,23.443476438462543,23.21989959266566,23.395566940307617,406200
2004-05-07,23.0761747753934,23.210319428015232,23.012297065605413,23.069787979125977,365700
2004-05-10,22.68970551661376,22.750391037269534,22.45654728207688,22.60346794128418,498100
2004-05-11,22.72483725544795,22.846205850757112,22.70567199751018,22.804685592651367,322700
2004-05-12,22.87494741777994,22.973958554062122,22.590687595672687,22.916467666625977,419100
2004-05-13,22.772745955437248,22.897309162212885,22.66415095348185,22.74080467224121,398200
2004-05-14,22.724844509165692,22.756783366886296,22.54917713653441,22.622638702392578,375500
2004-05-17,22.41184025292418,22.459749763019914,22.30963443521676,22.3575439453125,784900
2004-05-18,22.373511739887533,22.530013845240294,22.367122506407814,22.475717544555664,460100
2004-05-19,22.939927843475036,23.049532833031968,22.807754516601562,22.807754516601562,467100
2004-05-20,22.646569298227384,22.682030315240535,22.54341064677901,22.60466194152832,312800
2004-05-21,22.914134202696268,22.952817153569537,22.749724282997292,22.836763381958008,633000
2004-05-24,22.97539336893965,23.0398690819077,22.839998060952194,22.91414451599121,507400
2004-05-25,23.01084037883013,23.34933090209961,23.001169642650225,23.34933090209961,582400
2004-05-26,23.165585351745307,23.313875749220493,23.088216983387838,23.25907325744629,957700
2004-05-27,23.832892031015827,23.881248180833254,23.671706504621696,23.794206619262695,702500
2004-05-28,23.839346816579702,23.948954292301398,23.79099310912568,23.865137100219727,698100
2004-06-01,24.042419833719595,24.190710137292815,24.00373444428959,24.16169548034668,694200
2004-06-02,24.306766626009175,24.322883695494063,24.094000649052294,24.193937301635742,474500
2004-06-03,23.98439884097426,24.123018445941465,23.897357308357925,24.003740310668945,384400
2004-06-04,24.17782922793675,24.31967327977936,24.16170969131974,24.210065841674805,439000
2004-06-07,24.448624681873895,24.667837142944336,24.429283201616535,24.667837142944336,634800
2004-06-08,24.448625145203636,24.642049789428714,24.406717784019676,24.64204978942871,478100
2004-06-09,24.422833504612175,24.477635997473442,24.335791936424393,24.397043228149414,776600
2004-06-10,24.448630602705215,24.53889660459143,24.422842775949082,24.51633071899414,245200
2004-06-14,23.839340209960938,23.884471964075168,23.76519623941448,23.839340209960938,506200
2004-06-15,24.006976471240314,24.14237174443162,23.99085693226673,24.068227767944336,357700
2004-06-16,24.087564137922314,24.10045927446674,23.89414200874758,24.023088455200195,236600
2004-06-17,23.96506962362239,24.11013811387353,23.8877012378531,24.035991668701172,226700
2004-06-18,23.803883042652476,23.907044165299858,23.79099036181809,23.8167781829834,276700
2004-06-21,23.687829080912334,23.807104811673206,23.658814403500052,23.662038803100586,235000
2004-06-22,23.571772035265024,23.616903785455275,23.44282312350891,23.60723304748535,349200
2004-06-23,23.61367870935041,23.75874469373238,23.565322561391138,23.75229835510254,307100
2004-06-24,23.89091432833845,24.016638818008655,23.85867772115297,23.952165603637695,222600
2004-06-25,24.055322730810968,24.142361810764573,23.958610455755565,23.987625122070312,181700
2004-06-28,24.30677966266447,24.38092363294977,24.12947458677158,24.135923385620117,246400
2004-06-29,23.97473804116354,24.042435672643695,23.91993308849243,24.03921127319336,232300
2004-06-30,24.251973786749996,24.29065673646039,23.974734502845156,24.148815155029297,265000
2004-07-01,24.09402350367918,24.116589389958964,23.803888923298288,23.948957443237305,310400
2004-07-02,23.765189082093432,23.868347697500155,23.726503679005138,23.85222816467285,225900
2004-07-06,23.91027130764636,23.91672010896308,23.726519822072923,23.832902908325195,240200
2004-07-07,23.945725912338094,24.084345589494458,23.855462394096076,23.95539665222168,341000
2004-07-08,23.881250560917355,23.936053055074126,23.7651967735876,23.768421173095703,384900
2004-07-09,23.88446505411181,23.984401731734682,23.845782110060117,23.961835861206055,225200
2004-07-12,23.923158519262635,23.99730495283989,23.868356023725156,23.97473907470703,247800
2004-07-13,23.88446853839559,23.894141735315074,23.794205043113365,23.858680725097656,417800
2004-07-14,23.616902792587073,23.832890796488147,23.616902792587073,23.649139404296875,579500
2004-07-15,23.636250369400912,23.668486989432584,23.423486709594727,23.423486709594727,553100
2004-07-16,23.894146685091382,23.907041824159524,23.74263187541107,23.76519775390625,452700
2004-07-19,23.852235454714105,23.88125013077203,23.71361579231682,23.771642684936523,240600
2004-07-20,23.790995537754785,23.900600565168347,23.739414965209296,23.832902908325195,180900
2004-07-21,24.03276482416036,24.03276482416036,23.839340209960938,23.839340209960938,297900
2004-07-22,23.803881119887574,23.858686076741243,23.700722465069397,23.8006591796875,529500
2004-07-23,23.82322517061648,23.82967151054329,23.72006651531312,23.732961654663086,414100
2004-07-26,23.69426864969369,23.73295405535649,23.607229561321844,23.71038818359375,426500
2004-07-27,23.752291573010314,23.887686781039633,23.694264703927015,23.861896514892578,293200
2004-07-28,23.687823664856406,23.8328896402607,23.581440637828884,23.803874969482422,388900
2004-07-29,23.768426248783037,23.907045943279005,23.73296522510988,23.86836051940918,299400
2004-07-30,23.768416419968947,23.868350649269875,23.742626148053965,23.803874969482422,230800
2004-08-02,24.564667534146075,24.703287153033973,24.503418720797033,24.680721282958984,1748800
2004-08-03,24.4969793158269,24.59369163008135,24.409940200594946,24.442176818847656,805100
2004-08-04,24.332579233559937,24.558238089532797,24.316459689777417,24.51633071899414,1013800
2004-08-05,24.61947411154659,24.64526192228402,24.493749618530273,24.493749618530273,546400
2004-08-06,24.667835606112956,24.6807307453133,24.409940200594946,24.442176818847656,818500
2004-08-09,24.506637999994272,24.587230735728852,24.458284326149606,24.503416061401367,265500
2004-08-10,24.567904968821704,24.574353769119497,24.461521899378255,24.53889274597168,355100
2004-08-11,24.37124821426966,24.42927509528322,24.274538385577493,24.393814086914062,551100
2004-08-12,24.348683863337296,24.38414487392265,24.310000913241137,24.33578872680664,340700
2004-08-13,24.487309150897836,24.5034286901506,24.342243135608488,24.403491973876953,243200
2004-08-16,24.24552687562317,24.52921252005798,24.242302476397782,24.47763442993164,452200
2004-08-17,24.442172690025426,24.496975177747316,24.339014053344727,24.339014053344727,350600
2004-08-18,24.29674704387456,24.514610745223283,24.273985201656856,24.47884178161621,406200
2004-08-19,24.625166378347703,24.66418525586451,24.46908342571737,24.530866622924805,516300
2004-08-20,24.592650712834047,24.69670520191007,24.56338655068206,24.683700561523438,357500
2004-08-23,24.69995067134074,24.703203070952092,24.56012725830078,24.56012725830078,236400
2004-08-24,24.797500515120948,24.826764666349465,24.71295549903781,24.771486282348633,332800
2004-08-25,24.97309231139092,25.181201207248034,24.91456152937775,25.138927459716797,645100
2004-08-26,25.04463459078474,25.181208106805258,25.02512515171941,25.14543914794922,389800
2004-08-27,25.21372496621959,25.330786563716398,25.203970246570595,25.233234405517578,266500
2004-08-30,25.25600878754941,25.347056190628305,25.21373748779297,25.21373748779297,332100
2004-08-31,25.265745185099483,25.34053548672424,25.23648103284667,25.324275970458984,294100
2004-09-01,25.412072694164557,25.49336531156057,25.395813178343836,25.44784164428711,464100
2004-09-02,25.447856869230225,25.672222940496365,25.412087897707817,25.623449325561523,534600
2004-09-03,25.54215834340229,25.564920192157558,25.428346618770494,25.48687744140625,272600
2004-09-07,25.649450469647824,25.68847182628896,25.54864839939271,25.642948150634766,365400
2004-09-08,25.529146479073663,25.67221986718017,25.529146479073663,25.55841064453125,491500
2004-09-09,25.545386429486058,25.558393543493633,25.438082080416915,25.525876998901367,433100
2004-09-10,25.685222707167444,25.730746388636447,25.623441985662122,25.652706146240234,612500
2004-09-13,25.86406306459886,25.899832019722442,25.747001480713347,25.753503799438477,353200
2004-09-14,25.77951577701472,25.844551362837755,25.75675394219014,25.815284729003906,524700
2004-09-15,25.623443434793533,25.734000244369483,25.581169670428256,25.629945755004883,526400
2004-09-16,25.79252832049988,25.89008047933082,25.75350696079661,25.786026000976562,251000
2004-09-17,25.95511834854547,26.013649158386034,25.92260178326847,25.94861602783203,533700
2004-09-20,25.69172933556245,25.786029105557994,25.66896749320868,25.743755340576172,298700
2004-09-21,25.831546186809614,25.990879042554887,25.76651059609942,25.932348251342773,309400
2004-09-22,25.88357322447503,25.93234929926518,25.782771155868478,25.795778274536133,628600
2004-09-23,25.909591670394267,25.98112959425941,25.8478084669008,25.85106086730957,350200
2004-09-24,25.844547136378903,25.93234206181514,25.808778190239153,25.90958023071289,401000
2004-09-27,25.71123877733575,25.79903374617036,25.652707971161096,25.743755340576172,576600
2004-09-28,25.685222187428398,25.870569309903022,25.58767250662069,25.83805274963379,499000
2004-09-29,25.737253020269986,25.95836912350149,25.655960371741564,25.743755340576172,440300
2004-09-30,25.825049606582557,25.99738963532008,25.821799686653293,25.94861602783203,620600
2004-10-01,26.072168931542606,26.254263604694724,26.049407097398593,26.179475784301758,358100
2004-10-04,26.22174065856582,26.32904748515638,26.179469399993746,26.254257202148438,378900
2004-10-05,26.28028541530842,26.29004013548919,26.159971411084953,26.211999893188477,343100
2004-10-06,26.046161057233217,26.26402473449707,26.023399217531836,26.26402473449707,248800
2004-10-07,26.20875138700258,26.371336696451547,26.12420633144973,26.29654884338379,515600
2004-10-08,26.332301055913067,26.413593658914852,26.26076316833496,26.26076316833496,246500
2004-10-11,26.37131925111259,26.410340592674448,26.286774251488538,26.33555030822754,231800
2004-10-12,26.068924498725508,26.225007466878598,26.029905617328197,26.176231384277344,362500
2004-10-13,26.107944926907944,26.133959167478512,25.92259780433808,25.955114364624023,311500
2004-10-14,26.172974216096918,26.179479015714605,25.977872402087087,26.013641357421875,459300
2004-10-15,26.176225143614772,26.309546238882866,26.111192036220693,26.244510650634766,325900
2004-10-18,26.176231930568072,26.306300659934376,26.140462967970972,26.283538818359375,309400
2004-10-19,26.43962627903854,26.50140949996738,26.202253080158304,26.24127197265625,575900
2004-10-20,26.280290597651646,26.46889016118596,26.234766907261303,26.338821411132812,447900
2004-10-21,26.338820870137024,26.384344559592318,26.251025892146107,26.348575592041016,206700
2004-10-22,26.345314611694604,26.364826530003484,26.182729350627767,26.18598175048828,242600
2004-10-25,26.078674882779158,26.215248387524497,26.062417845184996,26.18598175048828,297800
2004-10-26,26.179483712215642,26.325809478759766,26.146967150856348,26.325809478759766,310200
2004-10-27,26.195744264544068,26.329065409102594,26.111201689846165,26.29654884338379,312300
2004-10-28,26.30304084776071,26.46237369388872,26.24125766052876,26.345312118530273,268500
2004-10-29,26.264030534114752,26.416861126223953,26.23801876932245,26.348575592041016,400200
2004-11-01,26.475391549491338,26.634726941098705,26.420113138944277,26.58595085144043,440200
2004-11-02,26.729016439508815,26.950132498033234,26.729016439508815,26.768037796020508,428800
2004-11-03,27.151748939971384,27.223286879025498,27.037939710046725,27.181013107299805,847600
2004-11-04,27.05418424113136,27.44439032435731,27.028172486932828,27.398866653442383,470600
2004-11-05,27.545197020107448,27.756558373987886,27.525687580961517,27.74355125427246,1175800
2004-11-08,27.74355544018396,27.808588567718786,27.678522312649136,27.74030303955078,643600
2004-11-09,27.66550238230593,27.737040277986264,27.63948815099424,27.67200469970703,345500
2004-11-10,27.867110279473877,27.964662419791487,27.772813019581896,27.82158660888672,622400
2004-11-11,28.065470832592588,28.211799076196378,28.052463712215282,28.163022994995117,490300
2004-11-12,28.37112948529908,28.582490831503694,28.31585108915683,28.556476593017578,614100
2004-11-15,28.585740859740334,28.735318997343356,28.533712387084957,28.53371238708496,799700
2004-11-16,27.9256351163922,28.023187235920933,27.84434251040274,27.96790885925293,651400
2004-11-17,28.267071869001715,28.309343141200475,27.746799561403652,27.77281379699707,956200
2004-11-18,27.668764573698887,27.860616513655923,27.665514653983582,27.8085880279541,283300
2004-11-19,27.691525237816027,27.740298835648357,27.541944601615494,27.626489639282227,588400
2004-11-22,27.39887873898864,27.577721101940003,27.37611689349101,27.54195213317871,609000
2004-11-23,27.886013575663753,27.935166861939095,27.761494083800887,27.869630813598633,840600
2004-11-24,27.738549779327855,27.771317795893296,27.584537351426917,27.751657485961914,673900
2004-11-26,27.64681339876488,27.81720867778392,27.627150578079043,27.754947662353516,306100
2004-11-29,28.089181920155504,28.108842236465648,27.915509125975294,27.967937469482422,445600
2004-11-30,27.961379461876835,28.07279123282969,27.882733211750388,27.97776222229004,519200
2004-12-01,28.08261911411627,28.47584283277428,28.08261911411627,28.41358184814453,589600
2004-12-02,28.21697307816972,28.3447701075532,28.194035213922422,28.213695526123047,557000
2004-12-03,28.233353216777513,28.364425274391234,28.230075665325394,28.275951385498047,274700
2004-12-06,28.27596174377372,28.31200732283377,28.141609585451683,28.249746322631836,209700
2004-12-07,28.246462357045495,28.357876621583497,28.141603196324812,28.15143585205078,404900
2004-12-08,27.85324247020508,28.062960801742268,27.80408918936736,27.987594604492188,441100
2004-12-09,27.6271323645199,27.84668330049124,27.499335364497316,27.77131462097168,490800
2004-12-10,27.37482919191227,27.54850199411686,27.309290634449933,27.427257537841797,552800
2004-12-13,27.286350036716794,27.656635974253078,27.217536433290427,27.57471466064453,564300
2004-12-14,27.56161028395005,27.781158830965015,27.519012095735924,27.689407348632812,416700
2004-12-15,27.846701280388324,27.93845277553953,27.751672231827218,27.787717819213867,377200
2004-12-16,27.597658512346158,27.60093606561238,27.378109944281015,27.486244201660156,422200
2004-12-17,27.49935157762074,27.5157368437104,27.29946333152175,27.397769927978516,245500
2004-12-20,27.85325040727622,28.180935706185352,27.820482377393393,27.876188278198242,611800
2004-12-21,27.79425970656865,27.820475123655836,27.656632516920574,27.7844295501709,328600
2004-12-22,27.669736398006098,27.908945170728394,27.663181294621157,27.88600730895996,449000
2004-12-23,27.87946401840925,27.997430918349284,27.840140885082487,27.853248596191406,321900
2004-12-27,27.85324917356438,27.99415394585579,27.84669656789422,27.915510177612305,189200
2004-12-28,27.918785386113417,28.066245264937596,27.918785386113417,28.04986000061035,148300
2004-12-29,27.79425971146814,28.023638360922035,27.79425971146814,27.96465492248535,253700
2004-12-30,27.967937921164005,28.062966951598128,27.93189234065312,27.9744930267334,179800
2004-12-31,27.859802917108475,28.000707695154837,27.856527864159794,27.899126052856445,257500
2005-01-03,27.87945450059473,27.977758550291057,27.748379934293546,27.751657485961914,348600
2005-01-04,27.954831094689336,27.95810864757775,27.62387075412936,27.646808624267578,528900
2005-01-05,27.604198719272432,27.712335428118138,27.53538513183594,27.535385131835938,340300
2005-01-06,27.414145013507152,27.50589646943885,27.342053869549485,27.37809944152832,415600
2005-01-07,27.404312389595113,27.433805357630387,27.13888817747599,27.1552734375,441000
2005-01-10,27.093014717523907,27.21098159946116,27.050416537950966,27.12250518798828,258900
2005-01-11,26.99798802693498,27.1028472087955,26.90295900274262,26.929174423217773,268100
2005-01-12,26.889861280779648,27.10285727618775,26.807939936395073,27.093027114868164,540400
2005-01-13,26.984890280879405,27.053703910006075,26.821047592470862,26.837432861328125,514700
2005-01-14,26.942284714342687,27.034036194754794,26.88002370976004,26.9685001373291,451000
2005-01-18,26.880010873464528,27.070068849295122,26.830857603847768,27.03402328491211,422900
2005-01-19,27.079911354399258,27.115956935222716,26.906238555908203,26.906238555908203,393400
2005-01-20,26.886568242306893,26.9684895318934,26.807922004275515,26.8406925201416,307800
2005-01-21,26.745681202525923,26.824324992499772,26.680142627513543,26.683420181274414,384900
2005-01-24,26.64736557006836,26.75877985985589,26.604767385760272,26.64736557006836,373800
2005-01-25,26.827586544497656,26.98159647882268,26.827586544497656,26.88656997680664,401700
2005-01-26,27.056969233613664,27.148720697642794,27.03075381530823,27.099567413330078,369400
2005-01-27,26.99798344140443,27.15854848947306,26.932447401387755,27.1552734375,358200
2005-01-28,26.965215364107536,26.991430780074378,26.850526044302175,26.955385208129883,485600
2005-01-31,27.210982096414355,27.26996553846019,27.18148912537147,27.207704544067383,415300
2005-02-01,27.210971377136094,27.286337551147763,27.08645193744262,27.204416275024414,403700
2005-02-02,27.119230545240296,27.119230545240296,27.00126366152175,27.050416946411133,332200
2005-02-03,26.945559314074977,27.056971099496334,26.906236183905055,27.020925521850586,216800
2005-02-04,27.35845229859106,27.499357115198276,27.32896181373986,27.44365119934082,563800
2005-02-07,27.528836615690974,27.600927765625332,27.427252495310793,27.466575622558594,264600
2005-02-08,27.466571963590454,27.69595059187951,27.466571963590454,27.643522262573242,359000
2005-02-09,27.72545789503165,27.846702375558824,27.640259003308746,27.67302703857422,350600
2005-02-10,27.892567915047696,27.908950676663213,27.69267972304297,27.73200035095215,327400
2005-02-11,27.722171770945838,27.9286150793722,27.68940374581088,27.843416213989258,277200
2005-02-14,28.04329294928399,28.06295325631703,27.948263965225912,28.023630142211914,218000
2005-02-15,28.069526888508765,28.177661148613275,28.040033908450667,28.102294921875,425300
2005-02-16,27.96466204367249,28.046583367915787,27.81720466005072,28.000707626342773,315900
2005-02-17,27.964655012846656,28.05640897296447,27.902396522102155,27.94171714782715,315900
2005-02-18,27.918784178666836,28.000705496679405,27.869633387891476,27.967937469482422,244000
2005-02-22,27.908948485919897,27.96137931906975,27.73527572618054,27.800811767578125,310000
2005-02-23,27.623867749753515,27.77132511317025,27.55832919931491,27.74183464050293,446800
2005-02-24,27.863091171049202,27.935182364253897,27.771339652440094,27.902414321899414,468700
2005-02-25,28.11538476907554,28.12848997406167,27.994140372621462,28.06295394897461,466400
2005-02-28,27.420697572340803,27.525556736095773,27.230639556772527,27.358436584472656,916400
2005-03-01,27.034031454339083,27.20770422609997,27.007816035949542,27.197874069213867,1048300
2005-03-02,26.788257186058075,27.034021013453106,26.748934073660855,26.90294647216797,1474100
2005-03-03,26.975042489667857,27.060241331968903,26.902951353877697,27.03074836730957,637100
2005-03-04,27.086460522059387,27.158549167862553,27.0012616678778,27.073352813720703,899700
2005-03-07,26.902954918448362,26.958660803470956,26.837418877249984,26.876739501953125,642200
2005-03-08,27.129052272827405,27.184758145041467,27.007807874444616,27.03402328491211,357600
2005-03-09,26.958660803470956,26.975046063790412,26.876739501953125,26.876739501953125,435100
2005-03-10,26.866907295780972,26.919338124770878,26.755495534236715,26.82103157043457,342100
2005-03-11,26.794805580658533,26.938987803435904,26.771867727038362,26.814468383789062,360900
2005-03-14,26.8243087713537,26.912782669067383,26.745665028937147,26.912782669067383,384300
2005-03-15,26.85380945313055,26.9226255664689,26.82104142299447,26.83087158203125,416700
2005-03-16,26.88750493212796,26.90083237765712,26.71425322414952,26.80754280090332,702000
2005-03-17,26.810882422881402,26.930826922569295,26.75424267079295,26.847532272338867,490300
2005-03-18,26.810874715170623,26.81420721196808,26.67094035308071,26.777557373046875,327200
2005-03-21,26.787552238608434,26.830864529040277,26.660942780199534,26.78421974182129,403300
2005-03-22,26.737573974327407,26.810873649255658,26.44770777127937,26.451040267944336,552300
2005-03-23,26.337761814559357,26.517675970189625,26.324434369336696,26.39440155029297,568200
2005-03-24,26.36441420914245,26.48769117120487,26.287784576416016,26.287784576416016,273200
2005-03-28,26.37108641996221,26.48103596686959,26.37108641996221,26.397741317749023,300100
2005-03-29,26.284454763688444,26.387739297453827,26.07788315420715,26.097875595092773,638100
2005-03-30,26.267807769615064,26.48104447849788,26.247817860825208,26.454389572143555,585900
2005-03-31,26.544346703649676,26.580996564398927,26.394417303822216,26.454389572143555,391700
2005-04-01,26.427722026311617,26.44438197030313,26.16117817415076,26.19449806213379,653900
2005-04-04,26.101205190380735,26.244472061991384,26.031238003122112,26.177837371826172,485100
2005-04-05,26.13785679653714,26.251138827803718,26.091212001883445,26.214488983154297,332400
2005-04-06,26.247804586056393,26.401066407154264,26.247804586056393,26.354421615600586,342600
2005-04-07,26.311109846584255,26.421059375421006,26.28778745034166,26.337764739990234,374600
2005-04-08,26.444378840463663,26.53100342150546,26.411058956424228,26.471031188964844,432500
2005-04-11,26.487688374041653,26.557655547731535,26.437711095134592,26.51434326171875,319400
2005-04-12,26.421065819343852,26.670949786581208,26.34776611557537,26.60764503479004,420000
2005-04-13,26.56765719532717,26.724251522484774,26.54766729550301,26.564327239990234,380700
2005-04-14,26.567659146866674,26.594314043223925,26.407734852624824,26.43438720703125,373600
2005-04-15,26.47769967530047,26.560994312486166,26.201160869775823,26.26779556274414,492900
2005-04-18,26.247801493079812,26.351086013356376,26.221146603347087,26.2711238861084,375200
2005-04-19,26.4743709564209,26.551003152026748,26.444386102890974,26.4743709564209,351400
2005-04-20,26.354423812819295,26.45437839845372,26.154517183501145,26.20449447631836,622000
2005-04-21,26.40106502557407,26.451042311609246,26.227813314862537,26.414392471313477,636500
2005-04-22,26.46437136368396,26.51434865275266,26.28778714533167,26.387739181518555,471400
2005-04-25,26.487697470604253,26.637626816865062,26.46104257377317,26.62430191040039,419800
2005-04-26,26.657613224526248,26.6909305670458,26.5876460426501,26.597640991210938,319600
2005-04-27,26.557661221371898,26.68093819675223,26.537671322318538,26.6209659576416,597000
2005-04-28,26.50435497645329,26.584317117633844,26.43438524322584,26.464372634887695,473100
2005-04-29,26.670930862426758,26.727570578077337,26.524331558908212,26.670930862426758,484200
2005-05-02,26.687595581719464,26.734240365287494,26.590973518057094,26.644283294677734,431500
2005-05-03,26.810874632217924,26.844191974238594,26.714252560992808,26.78421974182129,544900
2005-05-04,27.00411907795506,27.124063544136785,26.99079163260706,27.09407615661621,648500
2005-05-05,27.18070203536531,27.234009272365242,27.020775240465184,27.11739730834961,330100
2005-05-06,27.154045449727256,27.184030292051073,27.034100996531972,27.07408332824707,273500
2005-05-09,26.97745168413797,27.127380926402935,26.927474422733283,27.08073616027832,254300
2005-05-10,26.884171903563153,26.927484190118328,26.814204728997094,26.824199676513672,415300
2005-05-11,27.010781352716556,27.044098694893165,26.840859603080492,26.95414161682129,286500
2005-05-12,26.8608424410988,26.880832330869744,26.650938430706454,26.670930862426758,608900
2005-05-13,26.554330607990362,26.654285194249084,26.454378563682358,26.521013259887695,548800
2005-05-16,26.461020501070866,26.66759196627196,26.45435805339607,26.647602081298828,550500
2005-05-17,26.604305736895682,26.734245163291195,26.587648335174766,26.694265365600586,445300
2005-05-18,26.70099231868114,26.86232617870303,26.687547402953406,26.818632125854492,585900
2005-05-19,26.758120379853622,26.79173137329439,26.687536524321686,26.748037338256836,350700
2005-05-20,26.717792458342196,26.798461940384566,26.596790799633716,26.77157211303711,435400
2005-05-23,26.690905169133394,26.852239004349514,26.690905169133394,26.7984619140625,306500
2005-05-24,26.778302862779913,26.781664733489215,26.6438562423238,26.744691848754883,213200
2005-05-25,26.684183106734945,26.71443480546065,26.637127188144056,26.697628021240234,246900
2005-05-26,26.684184198660933,26.737963858882768,26.603517272683526,26.72115707397461,222200
2005-05-27,26.640484929468,26.717789970449644,26.569901062519822,26.690902709960938,202700
2005-05-31,26.734605534146304,26.75140975692743,26.640493680633828,26.674104690551758,226800
2005-06-01,26.67409143633681,26.92281586336646,26.650563484649602,26.81189727783203,366300
2005-06-02,26.73460174473697,26.889214419928923,26.700990739583123,26.82535171508789,219300
2005-06-03,26.71779115522053,26.748042850599706,26.556457327714767,26.620317459106445,481100
2005-06-06,26.67745330496481,26.815259146460036,26.613590622804793,26.81189727783203,255500
2005-06-07,26.805182598643285,26.959795256379937,26.774933466726452,26.828710556030273,366700
2005-06-08,26.936264304539236,26.93962617360794,26.707705930607577,26.778289794921875,326700
2005-06-09,26.865687523337908,26.902660399777268,26.75476889401982,26.875770568847656,243200
2005-06-10,26.97995667436878,26.99004228095037,26.82198473888805,26.87912368774414,239400
2005-06-13,26.85560097446752,26.939629761894295,26.80518318914044,26.895933151245117,297700
2005-06-14,26.87241087832321,26.97996764640941,26.87241087832321,26.922828674316406,220700
2005-06-15,26.936265123517373,26.973237991333008,26.848874475557256,26.973237991333008,218800
2005-06-16,26.87577244441552,26.926190239838174,26.828716519182535,26.90266227722168,324300
2005-06-17,27.013577321670063,27.05390950115982,26.949714618337605,26.990049362182617,505700
2005-06-20,26.94299074158912,27.047185613963542,26.869045000798888,27.00012969970703,354100
2005-06-21,27.00684819099678,27.084155793511865,26.93626432662461,26.983320236206055,235800
2005-06-22,27.289189545381603,27.316076808172497,27.20852006394374,27.245492935180664,346200
2005-06-23,27.38666627550186,27.46397133165546,27.252219689252364,27.255578994750977,619000
2005-06-24,27.322804021004895,27.34969385156967,27.24885826912946,27.26566505432129,277700
2005-06-27,27.238771760571705,27.24885480466267,27.141298060433915,27.245492935180664,300900
2005-06-28,27.21188948632311,27.30936321351558,27.208527615907986,27.299280166625977,336000
2005-06-29,27.225329859131396,27.326165439907353,27.151384108476407,27.255578994750977,453100
2005-06-30,26.976602558940083,27.010213560946866,26.72787550250872,26.77157211303711,620900
2005-07-01,26.761480970241966,26.795091962077304,26.687535249591644,26.788368225097656,302600
2005-07-05,26.76482881699941,26.899275291141766,26.754745780200548,26.882471084594727,224200
2005-07-06,26.86904529627441,26.922822385578236,26.788375815786136,26.828710556030273,277100
2005-07-07,26.287559830979852,26.55309104919434,26.20689293062182,26.553091049194336,1382200
2005-07-08,26.637129046480133,26.818631558431164,26.59679430015032,26.737964630126953,492300
2005-07-11,26.825359253491577,26.990057584432638,26.825359253491577,26.8925838470459,509400
2005-07-12,26.87576181888361,26.94634567882723,26.761483921171433,26.87912368774414,396500
2005-07-13,26.969872571112045,27.07070811812427,26.838787898608842,27.060625076293945,640300
2005-07-14,27.269023366777436,27.322803025948406,27.11105138776212,27.148021697998047,664900
2005-07-15,27.067358016967777,27.14130377501083,27.006857175328513,27.067358016967773,325500
2005-07-18,26.94972118514675,27.050556787152157,26.926193219926272,26.939638137817383,424100
2005-07-19,26.973236373952513,27.06398632128714,26.879124557648552,27.020292282104492,546400
2005-07-20,26.993406000492943,27.22532626706525,26.892572997376075,27.164825439453125,507800
2005-07-21,27.356412356004785,27.551359762032018,27.215244605856157,27.4269962310791,515200
2005-07-22,27.339606383531706,27.42027586974281,27.29591233510043,27.40346908569336,571400
2005-07-25,27.406837714609917,27.53120127992357,27.38330974975121,27.46733856201172,285600
2005-07-26,27.413557787985454,27.500948467238885,27.38667051805464,27.45725440979004,224400
2005-07-27,27.332888457326696,27.5076672361813,27.269025747574283,27.48750114440918,278200
2005-07-28,27.25557427150685,27.423631834106413,27.24885309731902,27.386661529541016,667000
2005-07-29,27.27237402170308,27.339596003668685,27.20851134378779,27.221956253051758,512200
2005-08-01,27.74630004713927,27.79671525614278,27.67907549454379,27.779911041259766,634600
2005-08-02,27.77992307902878,27.860590012743973,27.72614341364826,27.83370018005371,325400
2005-08-03,27.699261313654084,27.830346067033418,27.675730782392908,27.739593505859375,437400
2005-08-04,27.665639829853617,27.763113540426822,27.517750893428186,27.527833938598633,434800
2005-08-05,27.67235267953084,27.71268484434055,27.514378195747927,27.59504508972168,317600
2005-08-08,27.833692802696874,27.86058262825995,27.67571828295743,27.702608108520508,366100
2005-08-09,27.5479989734749,27.69252859887628,27.524471014193523,27.655555725097656,290000
2005-08-10,27.867305827667547,27.971500694264936,27.71941435428685,27.786636352539062,357200
2005-08-11,27.961421952475686,28.062254965365895,27.850503330376725,27.97486686706543,319000
2005-08-12,27.94125336888346,27.981588112754423,27.843779661128412,27.907642364501953,158700
2005-08-15,27.87402100314525,27.99838449393864,27.840410011252366,27.971494674682617,184100
2005-08-16,27.833688432854014,27.87738503362245,27.773187617013072,27.800077438354492,279400
2005-08-17,27.84075791529152,27.97974261129667,27.84075791529152,27.864486694335938,256300
2005-08-18,27.464490468030057,27.633982516943767,27.46110248914705,27.55940818786621,426100
2005-08-19,27.55262900871196,27.630596494680525,27.50517143855496,27.617036819458008,175600
2005-08-22,27.749235178115693,27.793302174581708,27.566183476556443,27.61025047302246,221300
2005-08-23,27.48143517011075,27.49499484164088,27.389910620085978,27.40007972717285,285500
2005-08-24,27.322116380562065,27.342457184044584,27.179743687400897,27.189912796020508,379300
2005-08-25,27.267873764038086,27.325500423290052,27.210244518543444,27.267873764038086,228900
2005-08-26,27.28143561240542,27.288214154993955,27.18651791246577,27.19668960571289,221300
2005-08-29,27.118729256129775,27.43737515248724,27.118729256129775,27.230594635009766,160700
2005-08-30,27.13906822591518,27.15262790126742,26.949237943471083,27.095001220703125,277600
2005-08-31,27.193306310158494,27.420425048105773,27.193306310158494,27.403474807739258,541200
2005-09-01,27.474666634392257,27.610258226593455,27.454325826567004,27.53229331970215,572400
2005-09-02,27.559411375409322,27.711953202577398,27.559411375409322,27.64415740966797,258900
2005-09-06,27.667870696139417,27.77973343314957,27.65769900528188,27.74244499206543,360100
2005-09-07,27.922100713031142,27.932269814753433,27.820404523325163,27.894981384277344,468000
2005-09-08,27.779738221083704,27.779738221083704,27.63397499524352,27.674654006958008,196500
2005-09-09,27.671269095066073,27.854320805808516,27.63737120483449,27.78313446044922,253300
2005-09-12,27.66788081628216,27.749236269204097,27.617032688364745,27.6577091217041,259900
2005-09-13,27.54244702805719,27.78651589551999,27.515327690285236,27.691600799560547,393400
2005-09-14,27.73229142320148,27.759410774862744,27.610256926969534,27.64415740966797,262000
2005-09-15,27.444159122955803,27.525514602661133,27.393310978298445,27.525514602661133,305500
2005-09-16,27.562791319670108,27.61363944265096,27.430587751665666,27.56957244873047,237700
2005-09-19,27.501771752080185,27.562788977223015,27.450926219663447,27.494993209838867,263100
2005-09-20,27.518734747852722,27.637378688913135,27.35941177575276,27.383140563964844,347400
2005-09-21,27.454315393768876,27.50177295025392,27.291604510460974,27.325502395629883,320000
2005-09-22,27.288215404426822,27.396690194510228,27.220419630465816,27.389911651611328,371200
2005-09-23,27.356025552692365,27.440771607795185,27.288229743107852,27.40687370300293,167500
2005-09-26,27.471269570212122,27.532286806766187,27.38991411688778,27.440759658813477,196100
2005-09-27,27.33907254971849,27.49161438458997,27.301784085862113,27.423818588256836,289200
2005-09-28,27.454312840629786,27.57973784895788,27.433974628668384,27.518720626831055,306400
2005-09-29,27.491598765765758,27.756005841988568,27.437362676761214,27.711938858032227,525100
2005-09-30,27.569572936000156,27.59330171564488,27.488214903295667,27.535675048828125,593700
2005-10-03,27.53228448423802,27.589911151054775,27.488214903295667,27.535675048828125,234200
2005-10-04,27.53568499068019,27.613649900701052,27.369580886951663,27.383140563964844,309400
2005-10-05,27.25770470301988,27.31871934027531,27.149227340140854,27.159399032592773,344400
2005-10-06,27.139063823609135,27.169573734763482,26.94923357195795,27.04075813293457,393300
2005-10-07,27.0136372326873,27.098383237220773,26.949229441644164,27.05431365966797,385800
2005-10-10,27.00685964621438,27.064486316157108,26.908553957712765,26.959402084350586,277700
2005-10-11,26.983136712752,27.013646629843706,26.8339854515334,26.88144302368164,428900
2005-10-12,26.759400833775082,26.793298720385337,26.55262036333665,26.627197265625,580600
2005-10-13,26.56618575626583,26.688220243337298,26.41703191956881,26.654319763183594,432000
2005-10-14,26.705172883957452,26.850936182609487,26.62381740613241,26.8204288482666,368300
2005-10-17,26.576355359004598,26.644151148083075,26.539066899138362,26.62042236328125,446100
2005-10-18,26.52888810978883,26.603465002310383,26.461089759204405,26.47464942932129,412300
2005-10-19,26.22041789743604,26.603471560499784,26.189910571834467,26.593299865722656,604300
2005-10-20,26.4407741688485,26.522129672911785,26.179757407949907,26.264503479003906,486500
2005-10-21,26.417041223847555,26.518737527639814,26.28144701420602,26.362802505493164,316800
2005-10-24,26.522115628783588,26.65431922272311,26.47465806102291,26.630590438842773,370100
2005-10-25,26.610250928757765,26.70516605967287,26.44075888462555,26.54584312438965,457700
2005-10-26,26.691605558622058,26.7797421429876,26.586521322114507,26.593299865722656,430100
2005-10-27,26.494997429641607,26.525504756015305,26.349234169066168,26.372962951660156,410200
2005-10-28,26.55601446330972,26.647541623123487,26.322117181410952,26.505168914794922,336600
2005-10-31,26.589914242303063,26.76279427517842,26.552625783547164,26.698389053344727,613400
2005-11-01,26.830595278878302,26.85432406529986,26.681441429232077,26.728899002075195,237700
2005-11-02,26.769576447601644,26.92550883290328,26.68822098271461,26.911949157714844,512100
2005-11-03,27.04753794446862,27.091604940384833,26.90177469798504,26.92889404296875,438700
2005-11-04,26.97634855490074,26.993296203917946,26.705160308197517,26.850923538208008,586300
2005-11-07,26.88482413045639,27.00008005209938,26.83736657043959,26.942453384399414,288500
2005-11-08,26.911943766710444,26.976351564392445,26.813638080969575,26.89838409423828,280400
2005-11-09,26.94245485550462,27.101775194978455,26.91194494454618,27.033979415893555,399000
2005-11-10,27.115329586395717,27.288212151503508,27.044143256349614,27.2746524810791,390600
2005-11-11,27.322119171545246,27.430593984974088,27.322119171545246,27.396696090698242,324500
2005-11-14,27.27465596505056,27.308553852320227,27.118723614615682,27.28821563720703,348900
2005-11-15,27.322112588378527,27.427199397429977,27.17634935049432,27.22041893005371,398200
2005-11-16,27.183146560733896,27.21026333391676,27.05094291633126,27.172977447509766,509700
2005-11-17,27.311950803845388,27.457714080810547,27.311950803845388,27.457714080810547,409900
2005-11-18,27.647543654054523,27.66788445964594,27.525509165480262,27.65093421936035,391800
2005-11-21,27.62381884399859,27.66110730899721,27.545853934451603,27.630599975585938,559200
2005-11-22,27.620333290691004,27.804970645104607,27.466470133002662,27.784456253051758,417300
2005-11-23,27.808390205404397,27.969093230709607,27.7605215521619,27.869935989379883,401300
2005-11-25,27.698973616143533,27.740002396508867,27.610073577609057,27.675039291381836,216200
2005-11-28,27.777618731768914,27.794715799022445,27.613498364178355,27.695558547973633,390900
2005-11-29,27.616916062519795,27.654527524066957,27.490407154266837,27.55879020690918,538400
2005-11-30,27.44253669565667,27.483565481092388,27.326282383414636,27.33312225341797,400900
2005-12-01,27.647694802889674,27.83575214151046,27.647694802889674,27.763946533203125,436900
2005-12-02,27.627173160472612,27.794713449078184,27.541693048724426,27.784456253051758,272100
2005-12-05,27.709239900114632,27.763945828094364,27.55879403303881,27.71265983581543,260700
2005-12-06,27.589566375566843,27.695560897320597,27.52802058033805,27.55537223815918,286600
2005-12-07,27.54511255080096,27.60324101395234,27.422020971468697,27.548532485961914,248000
2005-12-08,27.45279265503632,27.541692700551465,27.319443891086575,27.439115524291992,510400
2005-12-09,27.51092418765031,27.572469984391446,27.449378390909175,27.49382972717285,204900
2005-12-12,27.654529452801448,27.712657921112413,27.53827773347237,27.66136932373047,281200
2005-12-13,27.616909622083995,27.866512662447416,27.616909622083995,27.78103256225586,603100
2005-12-14,27.794722184796168,27.897296785944995,27.757110715114223,27.852848052978516,277500
2005-12-15,27.84599353843081,27.880185050964624,27.709224879650375,27.804962158203125,260400
2005-12-16,27.88019560547892,27.951998591575702,27.818649816160796,27.828907012939453,297100
2005-12-19,27.93831900089568,27.95883339264759,27.72291006156277,27.767358779907227,389700
2005-12-20,27.818656459476035,27.96568240192217,27.79130218910308,27.85626792907715,268500
2005-12-21,27.801559849958036,27.86652559101082,27.76394837973241,27.81865692138672,332300
2005-12-22,27.832338272695377,27.88020694957037,27.770792458335066,27.835758209228516,371000
2005-12-23,27.743416803573076,27.900699850477007,27.70238542273696,27.822059631347656,182300
2005-12-27,27.781039648338833,27.907551168003938,27.65794806397449,27.66820526123047,172400
2005-12-28,27.668208366522073,27.698982570390196,27.538279505620178,27.56563377380371,392600
2005-12-29,27.586143946793783,27.685301197291786,27.538275289125256,27.548532485961914,211200
2005-12-30,27.54852715137418,27.647684382671052,27.363889818129564,27.51433563232422,339700
2006-01-03,27.726318549267514,27.999855859110244,27.644258399772745,27.92805290222168,643200
2006-01-04,28.037484540891107,28.102450278862563,28.016970143067162,28.03064727783203,478700
2006-01-05,28.187913134580228,28.33835630747396,28.184493200823855,28.256296157836914,558900
2006-01-06,28.56061668311071,28.78286551221839,28.56061668311071,28.731576919555664,882200
2006-01-09,29.199999058655212,29.31967066207749,29.199999058655212,29.24102783203125,768100
2006-01-10,28.99485541482863,29.09401005044297,28.964081217608367,28.981178283691406,459600
2006-01-11,29.018788883814636,29.05298040632334,28.9367260994186,29.001691818237305,459500
2006-01-12,28.89569853287312,28.974338777090654,28.799961222358174,28.844409942626953,385500
2006-01-13,28.943568206512882,29.03246825882446,28.888859679353093,28.970922470092773,244800
2006-01-17,28.70423212319107,28.810229278627478,28.64268631342533,28.73500633239746,695800
2006-01-18,28.516161409343987,28.59822157356384,28.386229989963166,28.47854995727539,448800
2006-01-19,28.745252550380325,28.83073266413888,28.67344956786067,28.748672485351562,286900
2006-01-20,28.69054994772655,28.693967274446422,28.31101799011231,28.311017990112305,427700
2006-01-23,28.198173194945863,28.4170020219962,28.198173194945863,28.334941864013672,577100
2006-01-24,28.293923405611547,28.331534872002578,28.136640277361145,28.266569137573242,349900
2006-01-25,28.33493951825941,28.413579735627405,28.22210517997124,28.37255096435547,278100
2006-01-26,28.488804333113563,28.594798810104287,28.430678497902218,28.50248146057129,360300
2006-01-27,28.646092217896232,28.687123607190536,28.492229073172684,28.52642059326172,390500
2006-01-30,28.32128484867523,28.375990789964685,28.215287685334694,28.304187774658203,339700
2006-01-31,28.434115037626185,28.5435295125414,28.35889209700069,28.44095230102539,372800
2006-02-01,28.48880861328928,28.601642975283834,28.440939964318083,28.516162872314453,456100
2006-02-02,28.523014366343183,28.598237311877416,28.273413801958167,28.341796875,427600
2006-02-03,28.12295640559749,28.328108149441043,28.057990686732744,28.246047973632812,276600
2006-02-06,28.29050763548805,28.30418477152105,28.136644420249,28.184513092041016,264000
2006-02-07,28.228949371299244,28.331526541959846,28.112697679286658,28.160566329956055,287000
2006-02-08,28.184497063806244,28.290491546975307,28.112694096951834,28.252880096435547,370400
2006-02-09,28.297330771165303,28.406745186068378,28.187916356262228,28.249462127685547,308800
2006-02-10,28.348630820298958,28.35204814718363,28.122962030879584,28.146896362304688,544800
2006-02-13,28.181093155871025,28.26315597206902,28.136644420249,28.184513092041016,241000
2006-02-14,28.187918143818983,28.495644411804832,28.181078275090737,28.47854995727539,459500
2006-02-15,28.447789624370603,28.553786772133005,28.32811794978098,28.437532424926758,308800
2006-02-16,28.495640364626627,28.67344040527025,28.4682887195351,28.663183212280273,299000
2006-02-17,28.52300869105293,28.6016515571856,28.478559963284507,28.54352569580078,239600
2006-02-21,28.615337791300814,28.663206469858572,28.51960043418529,28.529857635498047,275400
2006-02-22,28.54009567530773,28.74182745541106,28.516161352098088,28.70421600341797,319600
2006-02-23,29.005107633051214,29.02562202191328,28.840984696217937,28.861501693725586,441800
2006-02-24,29.258137729205895,29.329940722759954,29.206849131339727,29.230783462524414,475200
2006-02-27,29.4256734628002,29.524830707586442,29.4256734628002,29.453027725219727,436300
2006-02-28,29.432514499481798,29.473543286091488,29.220522870295856,29.299165725708008,394000
2006-03-01,29.347042605161146,29.425682873961094,29.28549679935616,29.3572998046875,327900
2006-03-02,29.234200713344862,29.37780668726515,29.148720594299995,29.350452423095703,294700
2006-03-03,29.13504844052324,29.388068905708735,29.13504844052324,29.247882843017578,380400
2006-03-06,29.72998162590888,29.78469014921592,29.463284096401992,29.57611846923828,598400
2006-03-07,29.261555775729605,29.449610477570467,29.230781575537947,29.333358764648438,425700
2006-03-08,29.11453266495614,29.323104389882374,29.080341134843724,29.25813865661621,375200
2006-03-09,29.35386309040588,29.38463728004175,29.186322840396233,29.21709442138672,350000
2006-03-10,29.234202503427728,29.463288610420395,29.152142314540843,29.40858268737793,443400
2006-03-13,29.40173758587833,29.446188912128992,29.312840150668823,29.31625747680664,332500
2006-03-14,29.292320842332384,29.483798045443493,29.268386518024208,29.456443786621094,327900
2006-03-15,29.51800577748689,29.55219731547183,29.391494217430772,29.483814239501953,505300
2006-03-16,29.27523139730364,29.46670602453859,29.254714395352647,29.299165725708008,466700
2006-03-17,29.589803295634233,29.637671961654352,29.541934629614115,29.623994827270508,411800
2006-03-20,29.535093587137222,29.57270505303996,29.41884186245352,29.507741928100586,283900
2006-03-21,29.514580295293047,29.685540561741373,29.41542302771542,29.524837493896484,511200
2006-03-22,29.44474246925649,29.510895632032003,29.368144629479957,29.47955894470215,579400
2006-03-23,29.38556600598894,29.413420260071348,29.253259627261436,29.36815643310547,438500
2006-03-24,29.263698130203377,29.389039579406294,29.218434316902446,29.281105041503906,327000
2006-03-27,29.232366875535764,29.242811555523698,29.072208917623136,29.141841888427734,306200
2006-03-28,29.14881621295407,29.22889388966274,28.936432130038764,28.971248626708984,465500
2006-03-29,28.971228629017713,29.100052499736787,28.953821720862113,29.023454666137695,376000
2006-03-30,29.246292114257812,29.32637241621186,29.134877774361357,29.246292114257812,331000
2006-03-31,29.329858605086926,29.350750624601385,29.169700622558594,29.169700622558594,282400
2006-04-03,29.413431123659233,29.671076428260818,29.368167279975555,29.42387580871582,511600
2006-04-04,29.542243586286567,29.684994656117155,29.50394464834802,29.643213272094727,335300
2006-04-05,29.632755773542918,29.747652537663917,29.5770472856078,29.712833404541016,281900
2006-04-06,29.660631790868184,29.698930740356445,29.563144521744913,29.698930740356445,276500
2006-04-07,29.639720052247753,29.684983865901092,29.37163024045415,29.44126319885254,306000
2006-04-10,29.472612670170697,29.584027045718507,29.423869046889045,29.496984481811523,182300
2006-04-11,29.50045883815648,29.5596471278631,29.246293452464055,29.302001953125,302700
2006-04-12,29.364666470996653,29.40644784142578,29.26717926298921,29.336814880371094,232400
2006-04-13,29.455194202212954,29.61535215269007,29.44823196798675,29.535274505615234,316700
2006-04-17,29.538759067805945,29.716326617033314,29.538759067805945,29.587505340576172,287900
2006-04-18,29.785955904152985,29.98789256223659,29.65713199882314,29.98093032836914,377200
2006-04-19,30.022705185663174,30.238568920966788,30.015740296979793,30.224641799926758,834500
2006-04-20,30.061008892614872,30.175905677403833,30.047084424453228,30.158498764038086,285900
2006-04-21,29.94610715132689,30.02618477637244,29.886916223214037,29.92869758605957,301100
2006-04-24,29.653645283007418,29.799876080109374,29.611866573165102,29.785951614379883,306100
2006-04-25,29.705889051344748,29.712851288363673,29.524841669239105,29.625808715820312,424300
2006-04-26,29.73373471848932,29.792923013193473,29.657136851776773,29.78247833251953,413600
2006-04-27,29.587502645074625,29.845147830844603,29.483050530026663,29.810331344604492,482500
2006-04-28,29.87300116524795,30.266432494705114,29.87300116524795,30.17938995361328,1855200
2006-05-01,30.31168572990772,30.398728248228224,30.088857095513376,30.14456558227539,508300
2006-05-02,31.00803326105152,31.11248537044219,30.872247112640135,31.0428524017334,1522400
2006-05-03,30.736456479732276,30.80260964978302,30.645931508556593,30.795644760131836,489800
2006-05-04,30.934928180775195,31.084641504205344,30.921001051115603,31.021970748901367,663100
2006-05-05,31.251741946125808,31.450198752588236,31.175144116205843,31.44671630859375,575600
2006-05-08,31.767045070508313,31.930685472863022,31.71481901455909,31.808826446533203,689900
2006-05-09,31.968990244488953,32.080404611250835,31.927208860830238,31.989879608154297,388600
2006-05-10,32.01424926537207,32.15351787854261,31.979432776161406,32.059513092041016,573600
2006-05-11,32.05253332197793,32.11172424812095,31.683473926267904,31.69740104675293,790400
2006-05-12,31.568599371115003,31.693940887284107,31.20650195288521,31.25872802734375,587900
2006-05-15,31.056778561844677,31.24479077519102,30.973218463577734,31.20997428894043,837200
2006-05-16,31.739183943345328,31.75310840817722,31.61036006487294,31.693920135498047,1301100
2006-05-17,31.75361631353499,31.858936182189694,31.18489652230705,31.212982177734375,1164300
2006-05-18,31.46574691166919,31.490321192029874,31.18489837588931,31.20947265625,675900
2006-05-19,31.209466828698783,31.328826831478846,31.06552987175146,31.202444076538086,574200
2006-05-22,30.50031666710476,30.633722164655822,30.27563682516032,30.4792537689209,812600
2006-05-23,30.689889928645083,31.030421057878225,30.57052993774414,30.57052993774414,721500
2006-05-24,30.531913692775532,30.598616441551062,30.13872263017527,30.4792537689209,735400
2006-05-25,30.700423322432073,30.763614697616845,30.510851875272845,30.71797752380371,312700
2006-05-26,30.72149083082711,31.005850697835132,30.62319372511546,30.889999389648438,421900
2006-05-30,30.80574885317986,30.858408788608003,30.268623404283094,30.27213478088379,630100
2006-05-31,30.64425658840999,30.819787899367736,30.53893673047725,30.61968231201172,472100
2006-06-01,30.26160360731682,30.69692328287966,30.240540702446175,30.686391830444336,641800
2006-06-02,30.893502034316413,30.91456492861721,30.665310858611313,30.724990844726562,293900
2006-06-05,30.74956390420243,30.77062947606878,30.324778589353375,30.338821411132812,349000
2006-06-06,30.51787073814548,30.54595638786791,30.14925395112477,30.373933792114258,413200
2006-06-07,30.567020279984426,30.770637229501087,30.38797760517529,30.412551879882812,362100
2006-06-08,30.054462475194544,30.261588075839523,29.840314124266484,30.152759552001953,716200
2006-06-09,30.338820272947462,30.398500254475344,30.061480579595553,30.124671936035156,354200
2006-06-12,30.524889889812787,30.528401265520824,30.198401587232613,30.219467163085938,691900
2006-06-13,29.843829832780422,30.033403942033093,29.489255887045154,29.60861587524414,923900
2006-06-14,30.205423241085782,30.384465898161338,29.980743415043626,30.173826217651367,1134400
2006-06-15,30.45117573918262,30.665324185623643,30.40202717885802,30.626707077026367,602900
2006-06-16,30.640741381992353,30.675847104116457,30.430104370852806,30.57052993774414,335500
2006-06-19,30.486261365875624,30.55998683613742,30.244030100707903,30.321264266967773,326300
2006-06-20,30.247562301128447,30.40202806160694,30.093093862254214,30.31426239013672,385700
2006-06-21,30.324778783900598,30.542438505286697,30.212438887338767,30.423078536987305,316600
2006-06-22,30.42307936170499,30.5599935306514,30.27563106727506,30.42658805847168,236200
2006-06-23,30.173828248605165,30.377445191659383,30.08957397776703,30.254573822021484,367900
2006-06-26,30.16680438956657,30.321272765380535,30.06148455543984,30.30371856689453,246900
2006-06-27,30.149258575756125,30.173832853433986,29.994792835379027,30.012344360351562,352700
2006-06-28,30.208951880240864,30.244057620922877,29.952674884309126,30.079057693481445,587500
2006-06-29,30.31074840496794,30.879470871376657,30.265111223953145,30.735536575317383,1192700
2006-06-30,31.051503220100308,31.135760219545844,30.847888834098367,31.01639747619629,557000
2006-07-03,30.770628037556722,30.95669073024576,30.67233096809038,30.89349937438965,300000
2006-07-05,30.535420487118436,30.679354733770776,30.444143478025133,30.64776039123535,383200
2006-07-06,31.076059347005202,31.230527743983373,31.016379349407273,31.10063362121582,432900
2006-07-07,31.35338291810535,31.399022745487155,31.040937588093776,31.12168312072754,344200
2006-07-10,31.209468796412562,31.40255163868248,31.198937345902703,31.279680252075195,207200
2006-07-11,31.230543091085543,31.44469159089705,31.093628827717048,31.402563095092773,242600
2006-07-12,31.174350490026875,31.23754184598427,30.932116512457807,30.991796493530273,271000
2006-07-13,30.76361165870757,30.798720057982745,30.54244320660601,30.574037551879883,392000
2006-07-14,30.57404528372177,30.58457941320518,30.377451054359405,30.531919479370117,266600
2006-07-17,30.27914715137826,30.419572717324503,30.13170151241241,30.387975692749023,340800
2006-07-18,30.637229946515713,30.658295522465025,30.303721569394714,30.542444229125977,275400
2006-07-19,30.524893126370465,31.293721105860897,30.524893126370465,31.202444076538086,469500
2006-07-20,31.15680691377634,31.22701836504086,30.95670133143775,30.96021270751953,292200
2006-07-21,30.981271594245484,30.981271594245484,30.788186110685455,30.82680320739746,279300
2006-07-24,31.209463181470884,31.504354456274026,31.181377532900623,31.430631637573242,874900
2006-07-25,31.420114560058824,31.550008735311827,31.255114647233576,31.472774505615234,270400
2006-07-26,31.602663152463784,31.66234584718996,31.377983238188317,31.511388778686523,332600
2006-07-27,31.915094091019718,31.943177056258715,31.54647738391606,31.63424301147461,309900
2006-07-28,31.75712499605716,32.06255044652968,31.700956368362903,31.897550582885742,401300
2006-07-31,32.0414743194574,32.1187085007073,31.897540082178015,31.932645797729492,332800
2006-08-01,31.63425625738035,31.65883053625072,31.402553617977873,31.602659225463867,523000
2006-08-02,31.876493493859254,32.150321964980584,31.876493493859254,32.07659912109375,382700
2006-08-03,31.827337221085948,32.00988859814511,31.686911642673824,31.872974395751953,293400
2006-08-04,32.10466567725487,32.19945405547313,31.74658309321605,31.81328582763672,396000
2006-08-07,31.94319152824925,31.981808636142198,31.830851581214024,31.918617248535156,239000
2006-08-08,31.94669424387226,32.076588360514556,31.736057235086143,31.75712013244629,426300
2006-08-09,32.29776172932726,32.42063311327065,32.02393330842621,32.04148483276367,401100
2006-08-10,31.91160203864039,31.957239228382452,31.746602130378744,31.78873062133789,679000
2006-08-11,31.64830672046861,31.73607240595056,31.521923919102917,31.627241134643555,1190300
2006-08-14,31.802742058505117,31.943167556515814,31.700936317800803,31.736042022705078,250400
2006-08-15,31.94668306521076,32.073065761938054,31.89402316184206,32.037960052490234,312100
2006-08-16,32.33176808360473,32.33884902868706,32.20787855055683,32.29637145996094,423200
2006-08-17,32.00258392800375,32.11585476835037,31.8397545632025,31.98488426208496,702400
2006-08-18,32.030887645855515,32.098143110512325,31.797267806429442,31.99549102783203,383200
2006-08-21,31.857450489912733,31.88222839893686,31.712320808064597,31.765417098999023,362500
2006-08-22,31.722935155934923,31.857443389143736,31.70523549603871,31.71939468383789,504200
2006-08-23,31.772489072292093,31.78664825924872,31.517629108250343,31.591962814331055,305800
2006-08-24,31.687543951399782,31.687543951399782,31.503479864049044,31.58843231201172,246800
2006-08-25,31.691075802997005,31.850364637756588,31.669838371931288,31.730012893676758,287200
2006-08-28,31.73354907194822,31.970709355388976,31.680452800879323,31.89637565612793,201200
2006-08-29,32.027348389747175,32.0910633794713,31.822044233904034,32.0556640625,311500
2006-08-30,32.20079952880088,32.25389581327957,32.06982905383202,32.140625,287800
2006-08-31,32.264523099349404,32.29991973153995,32.1123151503991,32.190189361572266,262000
2006-09-01,32.27866976010114,32.33884428152122,32.154777544650656,32.24681091308594,287900
2006-09-05,32.26806442328902,32.33531721604678,32.168950069717056,32.275142669677734,232700
2006-09-06,31.825602387077343,31.914095327492188,31.765425135146682,31.853918075561523,402600
2006-09-07,31.570739179585665,31.75126281584093,31.485784020723234,31.61675453186035,474300
2006-09-08,31.53180450176688,31.66985326981165,31.52118578123885,31.634456634521484,318200
2006-09-11,31.44331057165944,31.602596775737073,31.376055076315954,31.56365966796875,353200
2006-09-12,31.822056672114773,31.956564947178972,31.712323607672356,31.90700912475586,447200
2006-09-13,31.836209216708873,31.963639219357162,31.73709759255781,31.921161651611328,411500
2006-09-14,31.8503598995784,31.86805685597087,31.751245601308902,31.836200714111328,396600
2006-09-15,31.87161774388058,31.91055485371033,31.772506082710393,31.853918075561523,456100
2006-09-18,31.853920025939345,31.974271836579447,31.82560433572143,31.938875198364258,477900
2006-09-19,31.928241391188248,31.938862809064034,31.60966907023753,31.76895523071289,329200
2006-09-20,32.08398771008923,32.211417710485534,32.02735365468485,32.1229248046875,366500
2006-09-21,32.23266085476852,32.31407553078724,32.10877130481798,32.1866455078125,359500
2006-09-22,32.18310126890874,32.22911931106964,32.066289978085535,32.1512451171875,314700
2006-09-25,32.250360414232276,32.342393808434124,32.02735922504781,32.25743865966797,254200
2006-09-26,32.04859099575775,32.268054373718094,32.01673214545568,32.19371795654297,953500
2006-09-27,32.27513691625373,32.473360186882026,32.24327806170874,32.430885314941406,520000
2006-09-28,32.43442341858296,32.515838091616814,32.29991515508089,32.498138427734375,422700
2006-09-29,32.317605385304596,32.462732324537086,32.14415737177353,32.399017333984375,352900
2006-10-02,32.32469037524251,32.48751700717598,32.275134561201426,32.406105041503906,331600
2006-10-03,32.2786655305614,32.508744870618514,32.19371041671196,32.469810485839844,375600
2006-10-04,32.51937275521993,32.82024808334591,32.47335471758212,32.816707611083984,542800
2006-10-05,33.19192930939836,33.3689151817331,33.14591395480376,33.337059020996094,1281000
2006-10-06,33.13175012820741,33.234402243878755,33.103431744451925,33.16006851196289,601300
2006-10-09,32.795466307416056,33.032626609777616,32.77422617694082,32.979530334472656,397900
2006-10-10,33.29103609784227,33.37598854108419,33.174224800516214,33.30165481567383,435400
2006-10-11,33.09633880647882,33.276865047042584,33.08926056397703,33.17775344848633,337800
2006-10-12,33.25211159058438,33.521128212819434,33.248571116436665,33.5105094909668,377600
2006-10-13,33.47155516754913,33.62730354288363,33.4078401686022,33.60960388183594,723900
2006-10-16,33.496334521072264,33.768894189693356,33.496334521072264,33.67686080932617,388100
2006-10-17,33.47154955512177,33.51402711416022,33.30518249129032,33.47509002685547,544500
2006-10-18,33.602525637770334,33.65915969206253,33.51403273371011,33.60960388183594,575300
2006-10-19,33.52111773008447,33.56713577784244,33.397228179562354,33.524658203125,623100
2006-10-20,33.45031017893162,33.62729594707412,33.40783262236556,33.57419967651367,263400
2006-10-23,33.43969235465995,33.66269345624097,33.43261141141628,33.65915298461914,359000
2006-10-24,33.48216632091479,33.62021770460736,33.457388421398385,33.57419967651367,348700
2006-10-25,33.443239115396395,33.69101816374878,33.43615817082114,33.66978073120117,547200
2006-10-26,33.76535368196708,33.92110206387369,33.66978252980843,33.896324157714844,417200
2006-10-27,33.69809013736627,33.81136092419181,33.609597250765425,33.715789794921875,544000
2006-10-30,33.62731170654297,33.74766078899909,33.58129635747265,33.62731170654297,312100
2006-10-31,33.66978492937059,33.860929947899535,33.65916351118335,33.79367446899414,377600
2006-11-01,34.388350219342705,34.39896893794704,34.05915643966004,34.08747482299805,561000
2006-11-02,34.175951399654195,34.317537847446225,34.13701431633487,34.271522521972656,363200
2006-11-03,34.441430040146834,34.49806407914597,34.23966638139596,34.271522521972656,379600
2006-11-06,34.561794694113445,34.88744799227824,34.46976130094875,34.834354400634766,659600
2006-11-07,34.721081850639244,34.79187780914561,34.60073277206294,34.66444778442383,728200
2006-11-08,34.42020309584771,34.79541488785458,34.3918874157971,34.75293731689453,477200
2006-11-09,34.46975664664591,34.618426784942166,34.41666306217144,34.473297119140625,420300
2006-11-10,34.406036522093046,34.44497361196995,34.289227953051174,34.39188003540039,565700
2006-11-13,33.58129393336741,33.91756594592274,33.56359426930047,33.82199478149414,694300
2006-11-14,33.691013728419236,33.740569531565825,33.383057494075075,33.722869873046875,907600
2006-11-15,33.35828444904201,33.69809687748615,33.35828444904201,33.53881072998047,787200
2006-11-16,33.397229205209484,33.47864388410411,33.326435945762654,33.4113883972168,864900
2006-11-17,33.37952452737674,33.60606614596556,33.351206149905856,33.482173919677734,1288200
2006-11-20,33.24148296656898,33.45032496903439,33.24148296656898,33.3936882019043,589600
2006-11-21,33.55425016438256,33.55425016438256,33.361573371186054,33.49002456665039,978900
2006-11-22,33.696962708376674,33.7897308677874,33.61132679198655,33.67555236816406,368700
2006-11-24,33.457908600258634,33.60777013502997,33.411524507490675,33.532840728759766,187400
2006-11-27,33.30090951583911,33.34015863509484,33.05114214582715,33.133209228515625,626400
2006-11-28,33.040440340671914,33.20100567161617,32.98335244152754,33.176029205322266,461400
2006-11-29,33.11537610077659,33.236692333387154,33.04401553258062,33.19387435913086,452300
2006-11-30,33.05116167245308,33.23670356804931,32.94768690803058,33.18318176269531,481000
2006-12-01,33.186740460423536,33.240262249410485,32.94411070961648,33.09040069580078,499700
2006-12-04,33.12607528591325,33.39368146260905,33.09039500679997,33.308048248291016,454000
2006-12-05,32.60513716591135,32.68006657234324,32.50880013542204,32.644386291503906,1287000
2006-12-06,32.37678369264666,32.48739611441643,32.344672252999175,32.43030548095703,952400
2006-12-07,32.430297161390186,32.53377186631683,32.35893661010379,32.39818572998047,520800
2006-12-08,32.27687583201489,32.34467027454326,32.098471696713744,32.184104919433594,1029300
2006-12-11,32.19481268269465,32.43387357978466,32.18767499256086,32.36964797973633,648400
2006-12-12,32.46954181828905,32.52306358551248,32.2982727076201,32.4945182800293,556800
2006-12-13,32.34110914300104,32.523082166633664,32.33754029721914,32.444583892822266,595600
2006-12-14,32.45171085420605,32.67650180505571,32.426734384359534,32.580162048339844,399500
2006-12-15,32.683628800369156,32.71930907398511,32.55874648159815,32.61583709716797,420300
2006-12-18,32.61583702525127,32.665789952649526,32.5409049119235,32.5872917175293,321500
2006-12-19,32.597999941656006,32.922694013713446,32.558750818780936,32.86917495727539,589600
2006-12-20,32.651526530257826,32.76213622616484,32.52664417645455,32.53377914428711,422600
2006-12-21,32.455270572606246,32.49808853268734,32.305411795667816,32.458839416503906,956500
2006-12-22,32.39818050891538,32.523062814656676,32.273295480943986,32.433860778808594,243500
2006-12-26,32.36250997176324,32.55162064721521,32.36250997176324,32.53377914428711,172400
2006-12-27,32.54089861021153,32.71930266557942,32.48381072805333,32.69789505004883,408600
2006-12-28,32.844203758557384,32.86204253948791,32.63368545462018,32.758567810058594,397100
2006-12-29,32.81209439369972,32.82279820826892,32.67293935983684,32.70148468017578,177800
2007-01-03,33.17959361486991,33.311613628312244,33.022599858653386,33.17245864868164,736800
2007-01-04,32.96908579348639,32.96908579348639,32.747863678695246,32.922698974609375,711200
2007-01-05,32.74785906411162,32.762131720044806,32.48739057946565,32.63011169433594,566100
2007-01-08,32.419590300320465,32.512361186047706,32.31254676123286,32.458839416503906,676200
2007-01-09,32.21621113974485,32.24475644769357,32.04137589246213,32.14484786987305,888400
2007-01-10,31.96644704720359,32.137716190178296,31.85226852596401,32.09489822387695,655800
2007-01-11,31.90579416043886,32.18053804684982,31.898659192974748,32.12344741821289,761000
2007-01-12,32.06280292346108,32.251910939206105,32.02712262803916,32.241207122802734,781400
2007-01-16,32.20907935160579,32.2804426345497,32.08063088676853,32.216217041015625,633700
2007-01-17,32.12345022728462,32.32683084568427,32.12345022728462,32.255470275878906,523000
2007-01-18,32.65151457990988,32.687194850476075,32.42672370310558,32.512359619140625,722000
2007-01-19,32.90485980264543,33.097536599257076,32.88701829986928,32.92983627319336,882900
2007-01-22,33.16531365543783,33.183155150324595,32.865596141395585,32.96193313598633,774100
2007-01-23,32.89416303450167,33.126086286873615,32.89416303450167,33.08327102661133,426400
2007-01-24,33.06184609745514,33.21527099609375,33.015459293466456,33.21527099609375,463200
2007-01-25,33.215280375705184,33.22598691042386,32.75856622802613,32.81208801269531,463000
2007-01-26,32.844205867626755,32.844205867626755,32.59443841848008,32.62655258178711,901200
2007-01-29,32.72288513183594,32.92626573073589,32.69077369517167,32.72288513183594,511300
2007-01-30,32.722885783000365,32.879882291321294,32.658660186162805,32.82992935180664,427700
2007-01-31,32.52663285303234,32.80137393575455,32.46240727597348,32.76569366455078,509800
2007-02-01,32.91913268802621,32.99406210018807,32.80852027006535,32.9405403137207,435100
2007-02-02,33.029735105107825,33.068984225052624,32.915556589513095,33.00832748413086,276500
2007-02-05,32.78353902251301,32.86917495727539,32.70147465448749,32.86917495727539,504500
2007-02-06,32.961944418195905,33.022603888235466,32.87988004697961,32.97978591918945,372000
2007-02-07,32.801390520522475,32.954818214280685,32.76214138568445,32.90486526489258,434700
2007-02-08,31.987852826092237,32.19836833867626,31.923627246921974,32.034236907958984,2571400
2007-02-09,32.016395072278264,32.13770853120831,31.855829778586706,31.90578269958496,1184900
2007-02-12,32.012835175761595,32.012835175761595,31.86654249321605,31.902225494384766,503300
2007-02-13,31.74165398113993,32.00212513895609,31.74165398113993,31.980714797973633,628000
2007-02-14,32.01996592213251,32.29827587228769,31.984285647897572,32.212642669677734,769000
2007-02-15,32.06278955578661,32.08063105717508,31.909361899430827,31.9949951171875,694000
2007-02-16,31.78090809920255,31.95574336506783,31.66316073307196,31.9486083984375,662900
2007-02-20,31.91293432226433,32.01640905301117,31.8094595915175,31.984294891357422,463700
2007-02-21,31.816593525972717,31.94504472395252,31.809458558187675,31.884387969970703,627000
2007-02-22,31.813036442314438,31.948622646603734,31.791626088413675,31.848716735839844,474500
2007-02-23,31.820160447385057,31.823729292177397,31.584665691247864,31.666732788085938,706800
2007-02-26,31.777337107194533,31.8522665017872,31.659592471252058,31.734521865844727,546400
2007-02-27,31.484761315419153,31.57396338386216,30.48926590492746,30.81753158569336,1592300
2007-02-28,31.29921521059381,31.338464329708938,31.074424306165284,31.256397247314453,1109700
2007-03-01,30.853225099624566,31.145807900698678,30.79613444466754,31.00665283203125,1188900
2007-03-02,30.80325925524157,30.98879836179199,30.635558929230566,30.781848907470703,831400
2007-03-05,30.714055263848238,31.05659086220483,30.571331417308585,30.653398513793945,1199500
2007-03-06,31.006636611693843,31.416966632288858,30.95668367585419,31.267105102539062,919500
2007-03-07,31.192180860653984,31.374153855458644,31.14222791654781,31.202884674072266,566200
2007-03-08,31.43122229448189,31.609626333539403,31.406245837903025,31.427656173706055,682700
2007-03-09,31.520441823673277,31.552555984102494,31.381286813685925,31.466922760009766,460400
2007-03-12,31.36700224784767,31.5846526904343,31.324184294657105,31.5311336517334,539600
2007-03-13,31.370573810966565,31.39911911804552,30.860338016409113,30.863906860351562,780600
2007-03-14,30.464282540645744,30.8603398526842,30.385787024853396,30.835363388061523,1745200
2007-03-15,30.51781417126771,30.774716588783264,30.499975389192734,30.714059829711914,680000
2007-03-16,30.585613897342736,30.678384835723318,30.489274113038945,30.603452682495117,525100
2007-03-19,30.906730126009375,30.988794495159556,30.810390378639084,30.85677719116211,550500
2007-03-20,31.120825195700107,31.463360890240022,31.045895767728723,31.345613479614258,839300
2007-03-21,31.68437069304341,32.212563829842416,31.31281180330046,32.03771209716797,2288400
2007-03-22,32.179786881481235,32.26357066362945,32.02315259077656,32.10693359375,748400
2007-03-23,32.32913280680323,32.434771996799604,32.17977998603017,32.19435119628906,538000
2007-03-26,32.0923581058473,32.157927167741896,31.84101235123005,32.110572814941406,445000
2007-03-27,31.779088411856613,31.939368980738756,31.717162839033893,31.81915855407715,549000
2007-03-28,31.615163341266566,31.79001232351312,31.549594278130492,31.618806838989258,501800
2007-03-29,31.8737868765343,31.932071706540462,31.713506373191013,31.881071090698242,360000
2007-03-30,31.950288681847564,32.128781138401436,31.910218549677946,31.98671531677246,516500
2007-04-02,32.06320767622806,32.11420829312093,31.921141874128477,32.05592346191406,459400
2007-04-03,32.077795131222025,32.234432220458984,32.0267972676728,32.234432220458984,324800
2007-04-04,32.17614456339649,32.41292190551758,32.09236078541223,32.41292190551758,727900
2007-04-05,32.40563525725008,32.70798166998406,32.37649283162338,32.667911529541016,773900
2007-04-09,32.67155111850656,32.85004359055843,32.667907620945485,32.7043342590332,556000
2007-04-10,32.68976360396761,32.78083159032302,32.591411401540505,32.66426467895508,389700
2007-04-11,32.7808235571125,32.80268175831985,32.5841164212886,32.631473541259766,675600
2007-04-12,32.72982826598325,32.86825336076242,32.70797284224925,32.78446960449219,1065000
2007-04-13,33.17423158680547,33.443791931471054,33.057664725936036,33.44015121459961,1054500
2007-04-16,33.90279564302791,34.04850500193238,33.585877995848804,33.96836471557617,1482300
2007-04-17,33.625954493682606,33.76802038118908,33.58588434293202,33.67695236206055,1315400
2007-04-18,33.633237277361445,33.97565109654156,33.59681063010931,33.866371154785156,871300
2007-04-19,33.545805211683145,33.94286311395896,33.51302206757739,33.68787384033203,670200
2007-04-20,33.96836842819287,34.04122172602027,33.862729200920526,34.02665328979492,674000
2007-04-23,33.673300207770545,33.76436819597488,33.62594307523265,33.69879913330078,692800
2007-04-24,33.81537323494682,33.844515664368686,33.611379008168775,33.68059158325195,514400
2007-04-25,33.81172135012985,34.059426380427205,33.753439284916894,34.03757095336914,504500
2007-04-26,33.77894592285156,33.90644057509383,33.68423441868231,33.77894592285156,296900
2007-04-27,33.78622566087127,33.91007679829275,33.6951576671762,33.833580017089844,714400
2007-04-30,33.84084541049526,33.98291116763741,33.61863942539133,33.64413833618164,929800
2007-05-01,33.87365640533551,33.95015320064981,33.74616174647834,33.84451675415039,665600
2007-05-02,33.97563436600334,34.154129574240415,33.950135447565714,34.11405944824219,480000
2007-05-03,34.35085193550064,34.47834658420798,34.2925670794202,34.37270736694336,550600
2007-05-04,34.27798165384812,34.44918987363336,34.216056104317985,34.3289794921875,456200
2007-05-07,34.56941458745249,34.56941458745249,34.31806600916167,34.37270736694336,289900
2007-05-08,34.20149473093458,34.25613608177417,34.02664574325732,34.19056701660156,589000
2007-05-09,34.092215537889295,34.3654195410298,34.07764710339566,34.32170867919922,645700
2007-05-10,33.95743244679867,34.20878098772719,33.811723107431774,33.88093566894531,651600
2007-05-11,34.52570117437893,34.74426382778037,34.36542059826958,34.68598175048828,1043600
2007-05-14,34.43097516886626,34.47833228959122,34.24155502348767,34.3289794921875,471000
2007-05-15,34.09948884708106,34.5220427571581,34.07763342493834,34.29619598388672,679400
2007-05-16,34.00212563243986,34.29252250140747,34.00212563243986,34.25576400756836,667600
2007-05-17,34.160186484462436,34.38809361213455,34.10872403700309,34.29619598388672,509100
2007-05-18,34.21166331096982,34.3072376697752,34.119765644097704,34.22269058227539,536400
2007-05-21,34.03520535846696,34.16753817180648,34.01682751491561,34.10137176513672,624200
2007-05-22,34.0131596856738,34.10505734085156,33.91391145205912,34.002132415771484,553200
2007-05-23,34.32560851580301,34.36972039651786,34.0756468007395,34.08300018310547,541400
2007-05-24,34.141812357012746,34.2484139626769,33.94331310555125,34.00947952270508,1342900
2007-05-25,34.167550233894374,34.21901270119484,34.03154348652633,34.14181900024414,413600
2007-05-29,34.163866595623546,34.25208754231683,34.112404143011354,34.15651321411133,498000
2007-05-30,33.96169877090826,34.25577240267679,33.9580220792753,34.23371505737305,1547800
2007-05-31,34.16754557523805,34.230038109434325,34.03153884641418,34.20063018798828,562100
2007-06-01,34.13080043346003,34.2741606009992,34.11242257873402,34.259456634521484,937800
2007-06-04,34.22269674079613,34.384437561035156,34.10506781821177,34.384437561035156,433000
2007-06-05,34.141832762806025,34.200648637426156,34.009499849406,34.053611755371094,410800
2007-06-06,34.20432610629616,34.296223809102436,33.96171482472982,34.020530700683594,1380200
2007-06-07,33.97273471227858,34.10506759990075,33.57941274198345,33.67131042480469,846700
2007-06-08,33.8955318155915,34.03889193760798,33.70805980814919,34.013160705566406,970400
2007-06-11,34.00948012449489,34.14548965229931,33.85876944105711,34.0499153137207,388000
2007-06-12,33.928611805176544,34.130784942370525,33.759517669677734,33.759517669677734,422600
2007-06-13,33.80363044137753,34.005806388401766,33.73746402275993,33.97639846801758,465000
2007-06-14,33.77423128567614,34.04257372095498,33.77423128567614,33.913917541503906,312300
2007-06-15,33.987419060257274,34.05358546587658,33.921252654637975,34.02417755126953,332600
2007-06-18,34.14549237652668,34.18225087753004,34.013159529319516,34.07564926147461,222900
2007-06-19,34.14917899793712,34.20064147520494,34.00214214667419,34.13079833984375,538600
2007-06-20,34.6490855877011,34.663789546053344,34.16754006626841,34.18592071533203,731600
2007-06-21,34.18592903601295,34.432214088247605,34.04256891280209,34.33296585083008,472400
2007-06-22,34.21164620833225,34.24473081020398,33.89551816796723,33.92124938964844,504100
2007-06-25,34.06463125876426,34.18593686912049,33.799965492348704,33.84040069580078,530000
2007-06-26,33.906558894531145,33.958021358323954,33.73379084987216,33.799957275390625,721400
2007-06-27,33.71909601350389,34.04992539861838,33.71541932125977,34.03154754638672,623300
2007-06-28,33.855098724365234,33.96905373433581,33.7043880143313,33.855098724365234,478700
2007-06-29,33.70438242055183,33.92125952459268,33.60880808096915,33.733787536621094,555800
2007-07-02,33.737463424668114,33.94698994582713,33.730112846949204,33.93596267700195,391500
2007-07-03,33.969053399055845,33.99845851971512,33.80731261520636,33.99110794067383,257300
2007-07-05,33.88450944896936,33.88450944896936,33.69703741439696,33.84407424926758,363500
2007-07-06,34.053603855161526,34.171232772617394,33.98008683343709,34.152854919433594,462700
2007-07-09,34.163864285792094,34.18591881985097,34.02417809143753,34.10137176513672,311100
2007-07-10,33.98007288753623,34.14548752077503,33.67864873498338,33.74113845825195,670500
2007-07-11,33.88817187259627,34.04255922218377,33.7705430151258,34.03520584106445,790500
2007-07-12,33.90654504308195,34.48366198370464,33.90654504308195,34.47998809814453,752700
2007-07-13,34.18961875367415,34.36606075508295,34.149183544081495,34.24108123779297,321500
2007-07-16,34.29988479614258,34.49838409607845,34.270479673721695,34.29988479614258,481400
2007-07-17,34.46530371955999,34.531470155632405,34.377079935133835,34.413841247558594,476200
2007-07-18,34.33296805804932,34.46162422760019,34.05727506422851,34.42486572265625,767000
2007-07-19,34.542491137795004,34.59027690895384,34.18592778635806,34.432212829589844,647800
2007-07-20,34.24106506591186,34.285174143184044,33.78892739241593,33.88082504272461,988600
2007-07-23,34.31459429206655,34.31459429206655,34.11977165270781,34.171234130859375,930700
2007-07-24,33.85876139215046,33.97639024071,33.3698653509996,33.40662384033203,1446500
2007-07-25,33.969050812416455,33.969050812416455,33.44339610942671,33.61616134643555,1985700
2007-07-26,33.24856748839592,33.45074343314092,32.561174885250146,33.04639434814453,2562000
2007-07-27,33.18608172882603,33.322091271958385,32.605287858577334,32.69718551635742,3032300
2007-07-30,33.70804826981764,34.016825753115356,33.252236827751766,33.94330596923828,2986200
2007-07-31,34.38443826327688,34.46163198237803,34.057282728017086,34.244754791259766,2151200
2007-08-01,33.92861947361713,34.435893581285356,33.60513789380475,34.17858123779297,3381300
2007-08-02,34.1234370186468,34.42853789819759,34.06462117485657,34.27782440185547,1487200
2007-08-03,34.00580828182704,34.33296370195944,33.605133056640625,33.605133056640625,2573700
2007-08-06,33.67131393432634,34.33665513435629,33.5095759027596,34.16388702392578,2854300
2007-08-07,33.70071225188516,34.40280896312536,33.67498101753591,34.17858123779297,2194600
2007-08-08,34.31090968600586,34.62336397992615,34.03154281318627,34.270477294921875,1414800
2007-08-09,33.88818015955289,34.03154027701163,33.45074642425915,33.572052001953125,1840600
2007-08-10,33.06845592933993,33.23019671958585,32.78541235090379,33.14932632446289,2767800
2007-08-13,33.402967954828114,33.48016166537246,32.98023808847096,33.00229263305664,1635500
2007-08-14,33.436041837934056,33.487504299419165,32.73761911200122,32.78908157348633,2353000
2007-08-15,32.68515356023148,32.937520024097616,32.28804779827034,32.35485076904297,1872300
2007-08-16,31.946635520780504,32.596108231888145,31.419635486178905,32.503326416015625,2290800
2007-08-17,33.38288388833477,33.627829150876025,32.91526574771552,33.394020080566406,1782900
2007-08-20,33.20475668397872,33.24558090943953,32.80393856025968,33.18619918823242,1091500
2007-08-21,32.85959829037266,33.36433144226691,32.811352780072276,33.06742858886719,784000
2007-08-22,33.36432919134617,33.679786682128906,33.33092627764138,33.679786682128906,827500
2007-08-23,33.58330890694524,33.62784520270484,33.275275396907034,33.45341491699219,838800
2007-08-24,33.66494396204676,33.857931668684486,33.4200015115918,33.84308624267578,623700
2007-08-27,33.69093331500891,33.82453935951002,33.54990597091392,33.55732727050781,641900
2007-08-28,33.137961962445544,33.21218630106689,32.670340700995375,32.74456787109375,996300
2007-08-29,33.149071720996375,33.38288076946185,32.881859761907265,33.368038177490234,847700
2007-08-30,32.83362744071234,33.334648649407086,32.83362744071234,33.063724517822266,687200
2007-08-31,33.616689196989604,33.698337601823255,33.40143482633264,33.516483306884766,984600
2007-09-04,33.445973833684654,33.79112213510775,33.38288007747563,33.612979888916016,550400
2007-09-05,33.212161283032174,33.38659146202242,33.141649063900395,33.2863883972168,722200
2007-09-06,33.11196267167881,33.54989279410616,32.948665829984634,33.394020080566406,434500
2007-09-07,33.15279397394866,33.21959698425226,32.87073650472503,33.037742614746094,667900
2007-09-10,33.14907669303775,33.189900905770436,32.77794954563183,32.93753433227539,534700
2007-09-11,33.18990657871369,33.4905187134221,33.18990657871369,33.46083068847656,823400
2007-09-12,33.16021481354894,33.39402676211543,33.09712386898928,33.24186325073242,587500
2007-09-13,33.50906371291551,33.66122434026048,33.416281944798506,33.57586669921875,744500
2007-09-14,33.05628994806127,33.50164132555979,32.9931990220194,33.368038177490234,585900
2007-09-17,32.948659732124405,33.03030813786069,32.837323313690625,32.95979309082031,979100
2007-09-18,33.26412661834595,33.943290006557326,33.13052061307565,33.8839111328125,1173500
2007-09-19,34.21421333576304,34.32554978341108,34.065761907423514,34.12885284423828,1208100
2007-09-20,34.069478851637015,34.17339401691605,33.95813955656611,34.01380920410156,1092700
2007-09-21,34.132553136743105,34.451722606579416,34.132553136743105,34.35151672363281,758100
2007-09-24,34.24391113843309,34.30700492474684,34.01381404867855,34.050926208496094,432600
2007-09-25,34.11030020668039,34.27730630378665,34.039785136958535,34.25132751464844,853900
2007-09-26,34.507415907888266,34.56679480060898,34.19566751880603,34.3070068359375,581800
2007-09-27,34.61873421491748,34.711515986647626,34.344100963409225,34.49626159667969,562000
2007-09-28,34.33668030527768,34.51482257084729,34.10287123622561,34.366371154785156,296200
2007-10-01,34.30329185163271,34.752355484628815,34.2402008986486,34.6298828125,557000
2007-10-02,34.87853872804674,34.93791761317174,34.62617209544429,34.81544494628906,665200
2007-10-03,35.739553156401236,35.787798676665865,35.33502300588256,35.372135162353516,1671500
2007-10-04,36.09582658071453,36.42241744595416,36.032732814728426,36.19602966308594,1354300
2007-10-05,36.51891601589264,36.6785008206489,36.42984628321903,36.63396453857422,834000
2007-10-08,35.83974314649559,35.89541277656778,35.75438266952157,35.873146057128906,818100
2007-10-09,35.862025767866015,36.069858956861204,35.77666808451771,35.99934387207031,510600
2007-10-10,35.74324725225265,35.9325228510125,35.709847175017,35.817474365234375,529300
2007-10-11,36.50035381718553,36.52633260384358,35.91768431801887,36.04386901855469,934000
2007-10-12,35.90284341971193,36.08840701394661,35.75810404272694,35.95109176635742,440300
2007-10-15,36.53004218107703,36.53375424505414,36.03644243670333,36.27767562866211,1364000
2007-10-16,36.0475850768623,36.0475850768623,35.3944032225022,35.53914260864258,1541100
2007-10-17,36.43355248779956,36.556025129717206,36.08840411697062,36.40757369995117,1611000
2007-10-18,35.82119224399691,36.040158740804806,35.810058882230926,35.9213981628418,982900
2007-10-19,35.18286149899144,35.29419796582232,34.84142230553923,34.848846435546875,1481500
2007-10-22,34.64472251401385,35.05296185546739,34.57791950675958,35.019561767578125,1207200
2007-10-23,35.21996169547112,35.25707383847978,34.91934682470844,35.205116271972656,805400
2007-10-24,34.789465413980786,34.989874456037285,34.32926844600439,34.908226013183594,1213400
2007-10-25,34.76718912871035,34.76718912871035,34.32925900863844,34.366371154785156,1860100
2007-10-26,35.50946457273696,35.66533737847703,35.0492674565857,35.57255554199219,1581200
2007-10-29,35.84345865304923,36.173761570002014,35.60593751797027,36.029022216796875,1097900
2007-10-30,36.09582517768533,36.292522102029324,36.09582517768533,36.162628173828125,820600
2007-10-31,36.711890811623945,36.934566497802734,36.389012057680944,36.934566497802734,1457900
2007-11-01,35.91027306524279,35.92882772863097,35.37213686041431,35.4500732421875,1742000
2007-11-02,35.27564001080113,35.36099767758913,34.626167438082895,35.15687942504883,1581600
2007-11-05,34.11029390951153,34.62616036393206,34.07317893347254,34.600181579589844,1441000
2007-11-06,34.87853859306944,34.99729919433594,34.43689627985524,34.99729919433594,895300
2007-11-07,34.47771590940794,34.51111599681069,33.69834939044434,33.713191986083984,2615200
2007-11-08,33.58700742227602,33.702055933893426,32.967225754921834,33.39773178100586,3077000
2007-11-09,32.46620314966637,33.10453944606208,32.288060878281875,32.633209228515625,2710000
2007-11-12,32.18044659163067,32.57755267392698,31.913234492987076,31.99117088317871,2069300
2007-11-13,32.67403233992278,32.996913957165354,32.169299224715544,32.948665618896484,2601700
2007-11-14,33.19360633816661,33.53504256600896,32.94866111070914,32.974639892578125,2680000
2007-11-15,32.41795073443945,32.81876867106034,32.206408406468704,32.38825988769531,1844700
2007-11-16,32.518165674095705,32.529299036850986,32.0356991905445,32.403114318847656,1847700
2007-11-19,31.961483331741135,32.102510683040286,31.45303792355681,31.49386215209961,1537100
2007-11-20,31.617563356631916,32.10116173756373,31.42262587120068,31.84249496459961,2105700
2007-11-21,31.238932881965738,31.31765779689393,30.837809062022647,30.972766876220703,2591300
2007-11-23,31.921220165974308,32.04118235656128,31.7187834330855,31.76751708984375,1908200
2007-11-26,31.51258761610024,31.53882924803356,30.897781216413833,30.942768096923828,2878300
2007-11-27,30.69909803233891,31.14520869151265,30.6316191331372,31.118967056274414,2627200
2007-11-28,31.538829576392807,31.93995330304885,31.490095933758795,31.74126625061035,3165800
2007-11-29,31.441382208688697,31.568840828685097,31.24644179441452,31.373903274536133,1654200
2007-11-30,32.127393026879105,32.41605382938379,31.864976715623285,32.05241775512695,2024800
2007-12-03,31.617574976740084,31.891240341612175,31.452628693099953,31.6063289642334,1437900
2007-12-04,31.1152229309082,31.250180753153405,31.025252002786143,31.115222930908203,1522000
2007-12-05,31.44886690083413,31.67004888167945,31.41512887636784,31.56133270263672,2253100
2007-12-06,32.127393225268044,32.42355041272742,31.906214170147095,32.3410758972168,1634300
2007-12-07,32.41980874702308,32.697220729971285,32.3335845963118,32.584754943847656,1183200
2007-12-10,32.416060761590046,32.86217144624943,32.416060761590046,32.787193298339844,1175300
2007-12-11,32.573508845890125,32.854670450286775,31.936210353307214,31.94745635986328,1380200
2007-12-12,32.993383248910185,33.09834980737327,32.16114430663258,32.46479797363281,2473100
2007-12-13,31.977457589729156,32.17989149111569,31.688796650859206,32.08242416381836,1742000
2007-12-14,31.715033927188912,32.01119121194494,31.50885043079812,31.61006736755371,1378300
2007-12-17,31.24267325883245,31.377631045446613,31.002748940434714,31.0102481842041,1164100
2007-12-18,31.625064025972453,31.63631003485226,31.051494692107536,31.340152740478516,1145100
2007-12-19,31.34766313939744,31.460126128332103,31.051505739656395,31.23894691467285,1168800
2007-12-20,31.373897411058202,31.407635441766566,31.1264737453648,31.227693557739258,1519000
2007-12-21,31.523838015179138,31.730024337768555,31.4151247106761,31.730024337768555,1443400
2007-12-24,31.80875798776205,31.954961834830897,31.625066488133807,31.939966201782227,329100
2007-12-26,31.864975252280917,31.943700142042363,31.583813705937263,31.853729248046875,554900
2007-12-27,31.737531801275637,31.756274197195033,31.456370121364085,31.51634979248047,718800
2007-12-28,31.493848961649434,31.546332231738646,31.302658271968046,31.448862075805664,980500
2007-12-31,31.497615589264118,31.583839793148712,31.20895742171668,31.38140296936035,856200
2008-01-02,31.40387402153994,31.430115655608194,30.834054456004935,30.905282974243164,1601400
2008-01-03,30.834065426687925,31.133972374280024,30.822819416675028,30.897794723510742,880700
2008-01-04,30.95775936985424,30.97275499458192,30.42542756257507,30.459165573120117,1927800
2008-01-07,30.729094951789932,30.96526971245052,30.594137128519808,30.800323486328125,1388500
2008-01-08,30.792830378844794,30.97652189597613,30.178023665890063,30.215511322021484,1687000
2008-01-09,30.49666697254148,30.530407858441755,29.82188071590283,30.290483474731445,5026600
2008-01-10,29.70566506662944,30.702853102884514,29.574456867154886,30.286733627319336,3611800
2008-01-11,29.75814388263657,30.073046374263715,29.570702808611113,29.82937240600586,2646900
2008-01-14,29.810631697800716,29.896855863447772,29.671927112362045,29.761898040771484,1721900
2008-01-15,28.944644946488587,28.963390194468545,28.41606270290848,28.453550338745117,3121000
2008-01-16,27.913732528686523,28.266122765704377,27.64756646928195,27.913732528686523,4565200
2008-01-17,28.4610539191502,28.581016100237672,27.617569028969022,27.666305541992188,3424200
2008-01-18,28.397326759868875,28.66349277968376,27.595079077574926,27.939970016479492,3183400
2008-01-22,26.545406477049752,27.55759008776029,26.399202654412246,27.407636642456055,5054300
2008-01-23,27.11522775948762,28.749714232435963,27.100232129629276,28.723472595214844,4072800
2008-01-24,28.57726862502674,29.015880070551468,28.42731518737649,28.895917892456055,2533500
2008-01-25,29.090852902272665,29.135839787805285,28.258614110723233,28.378576278686523,2676300
2008-01-28,28.026195338285085,28.36733666842385,27.786270948261855,28.326099395751953,1311900
2008-01-29,28.427315335546442,28.678485700348507,28.243621014908562,28.659740447998047,1335700
2008-01-30,28.01120121470539,28.71222916762708,27.977460326100484,28.239879608154297,3944300
2008-01-31,27.01026042469011,28.442310143068596,26.957777151774973,28.23237419128418,2507200
2008-02-01,28.524781663200688,28.98213834770963,28.15364913237944,28.929655075073242,1878900
2008-02-04,28.865930966462926,28.884676221529855,28.558527660186087,28.633502960205078,1264300
2008-02-05,27.88747377776913,28.32608506321351,27.718778009559106,27.75626564025879,1884800
2008-02-06,27.39639335539091,27.5725884566125,26.995269493936714,27.006515502929688,1884200
2008-02-07,26.9240344508461,27.152712778859602,26.541655936861694,26.89779281616211,2564000
2008-02-08,26.44418736952815,26.98026896178437,26.44418736952815,26.78158187866211,1716800
2008-02-11,26.41045853080338,26.451695815173842,25.960600886921227,26.185529708862305,2226700
2008-02-12,27.088975591094247,27.430116742345962,26.95026821392171,27.257671356201172,2294000
2008-02-13,27.688793513784777,27.763768793469367,27.370144284939894,27.662551879882812,1667200
2008-02-14,27.703797539637954,27.868743776969158,27.377648967884582,27.40389060974121,1492200
2008-02-15,27.12646876272901,27.32140619467877,26.80781955236244,27.096477508544922,1193800
2008-02-19,28.067422154802227,28.116155795202868,27.463861781588676,27.580074310302734,1612600
2008-02-20,27.032762906744182,27.647569650501264,26.957787590725015,27.47137451171875,1795700
2008-02-21,27.842498487701853,27.883735756663622,27.35890298828491,27.407636642456055,1328200
2008-02-22,28.20614506409517,28.232386712190767,27.63632519396578,28.2023983001709,1619200
2008-02-25,28.408575919799937,28.760966143495512,28.194893155673256,28.678491592407227,2150700
2008-02-26,29.233305719348795,29.758138340781496,29.233305719348795,29.641925811767578,2784300
2008-02-27,29.439495269310104,29.788135788987503,29.398258003317434,29.5856990814209,1265000
2008-02-28,29.402022229254587,29.450755904122175,28.997148613026766,29.0308895111084,1381500
2008-02-29,28.4460574690041,28.67848543946529,27.932470736711284,28.209882736206055,2546700
2008-03-03,29.222056166805437,29.74689163601028,29.10209401899775,29.56694984436035,3835600
2008-03-04,28.468550734462802,28.918408160113955,28.307351299248452,28.850929260253906,2765900
2008-03-05,29.060864852259886,29.57820408254299,28.993385946576176,29.274547576904297,1508000
2008-03-06,29.042124190171656,29.045873812967514,28.622255100885052,28.68223762512207,1172500
2008-03-07,28.663497099521287,29.135849545371197,28.277368831454357,28.56977653503418,1844700
2008-03-10,29.36451488820074,29.458235410994597,28.798442129691303,28.865921020507812,2044300
2008-03-11,30.290488090286793,30.40670067694458,29.525727928132184,30.2080135345459,3397500
2008-03-12,30.0992975737764,30.339221995951096,29.80314023950223,29.844377517700195,2009500
2008-03-13,29.476985763930628,29.941841741877443,29.233314626927264,29.840621948242188,1674700
2008-03-14,30.08428781682795,30.08428781682795,28.588509073872544,28.865921020507812,2817900
2008-03-17,27.78253261865565,28.775971469362315,27.778782994127372,28.536046981811523,2742400
2008-03-18,29.91935140449766,30.444187125597036,29.83313008881948,30.331724166870117,2538600
2008-03-19,30.89403736452805,31.107720061860167,29.945583183612328,29.990570068359375,2416800
2008-03-20,30.370969420573655,31.124095326056498,30.182688677098014,30.89354705810547,3091400
2008-03-24,31.527574027710617,31.923349305649964,31.177906669324987,31.435352325439453,1977900
2008-03-25,31.900293021202483,32.03862264565912,31.63132038008231,31.850341796875,2087400
2008-03-26,31.350821969741,31.450727363178654,31.14717081004362,31.281660079956055,1033700
2008-03-27,32.04246005403762,32.04246005403762,31.316231125050685,31.37771224975586,1193200
2008-03-28,31.477603839614027,31.5736658651975,31.150993538946285,31.185577392578125,958600
2008-03-31,31.565994606697448,31.865707775330314,31.512200085741885,31.623632431030273,949400
2008-04-01,32.30759098704551,33.083771100249194,32.29222070648151,32.987709045410156,2509000
2008-04-02,32.89548089040527,33.045337418591046,32.691829861413325,32.718727111816406,1187600
2008-04-03,32.53045170851948,32.96080778573935,32.43054636277304,32.810951232910156,1052700
2008-04-04,32.58041468732764,32.79174949972585,32.39981751185039,32.56504440307617,543700
2008-04-07,32.841699979654656,32.85322695865726,32.54582717120676,32.59193801879883,594900
2008-04-08,32.26533730909583,32.42672092697389,32.11163736900991,32.31528854370117,1026400
2008-04-09,32.645728205553546,32.684152440985585,32.28069357157734,32.361385345458984,1988900
2008-04-10,32.334499304237056,32.741801617954806,32.21922362637092,32.48435592651367,938000
2008-04-11,32.1961654218341,32.4382407955627,32.15389787429042,32.25380325317383,1528600
2008-04-14,32.12313855779195,32.192303328714715,31.92333084822626,32.000179290771484,952900
2008-04-15,31.87723160689494,31.907972167715215,31.654366938319818,31.884918212890625,941600
2008-04-16,31.957923203283823,32.403652537964284,31.957923203283823,32.30759048461914,1070300
2008-04-17,32.24226727363702,32.59577490752819,32.057826851147986,32.48818588256836,895700
2008-04-18,32.860911678447486,32.88396856876709,32.60346603393555,32.60346603393555,1139900
2008-04-21,32.25379872010493,32.49203075650703,32.10394213863217,32.438236236572266,1327700
2008-04-22,32.3998194545626,32.52662210855387,32.207695287272365,32.411346435546875,1265900
2008-04-23,32.069371549506194,32.326817277436874,31.881090651781946,32.292236328125,1556300
2008-04-24,32.07320617791689,32.73411372519265,31.98867108257949,32.580413818359375,3105000
2008-04-25,32.78406916952261,33.029987879482,32.7225909578239,32.96082305908203,1390400
2008-04-28,33.118354964413506,33.20673041317991,32.94160113529942,32.987709045410156,815700
2008-04-29,33.049196606587806,33.0799342421231,32.82633189236135,32.94929122924805,595700
2008-04-30,33.43727528088365,33.756201973359275,33.348899841308594,33.348899841308594,1701300
2008-05-01,33.12989440696568,33.72547761210539,33.06841326157759,33.64094543457031,1451100
2008-05-02,33.87149418674505,33.87149418674505,33.58330791107493,33.68705368041992,1160500
2008-05-05,33.68319577987859,33.798468471213155,33.322001564219015,33.48722839355469,672000
2008-05-06,33.11452536058249,33.54872497271048,33.0030929790808,33.52951431274414,1711700
2008-05-07,33.310477499886055,33.36427201352716,32.84553752822725,32.89548873901367,1603600
2008-05-08,33.26821589329142,33.32585372006117,32.97618638748458,33.06840515136719,1159000
2008-05-09,32.24227089113266,32.51124348371023,32.180789766211284,32.303749084472656,1610900
2008-05-12,33.23747962494854,33.39117953901037,33.05688244579454,33.306644439697266,1545400
2008-05-13,33.51027920126562,33.552546730263295,33.295101185699686,33.43727111816406,1531200
2008-05-14,33.24899360735154,33.40653676386117,33.195199098197236,33.20672607421875,1078300
2008-05-15,33.179824718859685,33.4949080613561,33.14140049300998,33.452640533447266,701700
2008-05-16,33.414223074041246,33.5986634996821,33.364271863479466,33.475704193115234,725600
2008-05-19,33.41423208393924,33.60635623547862,33.31432670429583,33.38349151611328,902700
2008-05-20,33.3950137998302,33.402697474240675,32.93775748550422,33.083770751953125,1212700
2008-05-21,32.92844559429827,33.083766075246814,32.56731984725118,32.5750846862793,1528500
2008-05-22,32.714885788035154,33.03718151630595,32.57509494113576,32.86632537841797,929500
2008-05-23,32.940112390472166,33.025540479350845,32.54015630394916,32.656646728515625,900600
2008-05-27,32.43918446000037,32.73429876712258,32.3654051425826,32.67605209350586,764600
2008-05-28,32.885717268913645,32.89348210456428,32.43916367405411,32.61001968383789,1155400
2008-05-29,32.42754681974998,32.77314011563199,32.38483277531064,32.656646728515625,1166400
2008-05-30,32.85078418599189,32.94009613371007,32.64109797019777,32.699344635009766,433700
2008-06-02,32.47025186098034,32.57897741211539,32.35764240800501,32.49354934692383,812200
2008-06-03,32.54791883519152,32.64887956601729,32.30716723477612,32.384830474853516,1856600
2008-06-04,32.23725928765708,32.73817588217303,32.23725928765708,32.40811538696289,1528100
2008-06-05,32.71100467879872,32.850795537633076,32.578981624649316,32.81584930419922,1123800
2008-06-06,32.272227629966935,32.34988792345232,31.949931783157016,31.98099708557129,1776000
2008-06-09,32.314926628284724,32.314926628284724,31.64703775022311,31.89167022705078,1933500
2008-06-10,31.833425317157733,31.996513628904342,31.68586668624992,31.755762100219727,2281400
2008-06-11,31.480063770047853,31.54219434246188,31.0645751953125,31.0645751953125,2611500
2008-06-12,30.823834509211075,31.363581456009854,30.823834509211075,31.22767448425293,2160800
2008-06-13,30.99468014405392,31.270377896621415,30.9014872468949,31.235431671142578,1464800
2008-06-16,31.24319921802377,31.635390347926077,31.208252989517632,31.46841812133789,1183700
2008-06-17,31.74800903883697,31.76354168798744,31.30921984734839,31.355817794799805,2250800
2008-06-18,31.01021228563407,31.285910033741136,30.979146999567394,31.188833236694336,1949600
2008-06-19,31.01798835653124,31.17331188055372,30.80830204348337,31.103416442871094,1484800
2008-06-20,30.60248316256548,30.800520623171433,30.45492752356297,30.664613723754883,2194400
2008-06-23,30.788883610133773,30.88596042705466,30.51706674522569,30.69180679321289,1389800
2008-06-24,30.606384399520206,30.91314755341794,30.388933237283794,30.69957733154297,1880200
2008-06-25,30.990817358476654,31.204387645972492,30.87044299418853,30.909273147583008,1414700
2008-06-26,30.559767327372235,30.56753512833367,30.186992870020365,30.26465606689453,2268400
2008-06-27,30.482110378647185,30.54035704194408,29.4336822894965,29.724912643432617,3773900
2008-06-30,30.109333040091865,30.28018911296175,29.73267467720039,29.783153533935547,3696800
2008-07-01,29.07255847370276,29.433684255202994,28.742495013826762,29.39097023010254,4828000
2008-07-02,29.853049530756124,29.895763549832036,29.084203112485977,29.154098510742188,2575300
2008-07-03,29.511355554397152,29.701625306747122,29.123048244470873,29.49582290649414,1508100
2008-07-07,29.445336437328205,29.503583111322193,28.901705750965817,29.227882385253906,2658100
2008-07-08,28.998790023796452,29.60066753920205,28.734740934544597,29.49582290649414,3945300
2008-07-09,29.91519026863463,30.043332369461226,29.200703403081075,29.27448272705078,2845000
2008-07-10,29.32495822620291,29.441451570371232,28.905588704804327,29.379323959350586,2318200
2008-07-11,28.707543629228443,28.97547647258266,28.21051102202782,28.567752838134766,4471000
2008-07-14,29.154105338625293,29.18128672417146,28.33089300665032,28.43573760986328,3166400
2008-07-15,27.56204992534626,28.521166344890393,27.301881816150047,27.930940628051758,5372800
2008-07-16,27.573699228325655,29.23953772114889,27.542633936664558,29.1851749420166,5678600
2008-07-17,30.194771599591792,30.31902979701608,29.422038064390083,30.00061798095703,4405100
2008-07-18,30.691801911225962,30.81606009861761,30.272429417823318,30.65685272216797,4052300
2008-07-21,31.883922091706,31.926636144372164,31.219916767373544,31.375240325927734,3743900
2008-07-22,30.948086173120416,32.05864512837128,30.870425909311624,31.957687377929688,1969800
2008-07-23,32.423660999819866,32.730424136042686,31.99263964054283,32.497440338134766,4428500
2008-07-24,32.668282593379836,32.668282593379836,31.728579911345626,31.7402286529541,2320700
2008-07-25,31.88779774199652,32.33046784364385,31.65481098319291,31.899446487426758,2477400
2008-07-28,32.039225078971924,32.14406671021427,31.39463376173469,31.608203887939453,1674600
2008-07-29,31.289790951318096,32.04698871105669,31.212127743557435,31.965444564819336,2495900
2008-07-30,32.44306650142916,32.83137368654477,32.09747334368016,32.62556838989258,3646100
2008-07-31,32.16349620064457,32.53627087435564,31.98875612816923,32.03923797607422,1679100
2008-08-01,32.31881178255931,32.446950915836204,31.674220364197883,32.22949981689453,2702600
2008-08-04,31.59267964648918,31.92662413487166,31.36357681722708,31.63150978088379,2083600
2008-08-05,32.2450346877813,32.74595140032761,32.113008681059,32.6178092956543,2514800
2008-08-06,32.229492505385444,32.37316721319192,32.08581779757896,32.1906623840332,1085800
2008-08-07,31.80624306826022,31.92661734805971,31.59655683204423,31.79847526550293,2565000
2008-08-08,31.515005452192927,32.15570979296992,31.48782111132433,32.035335540771484,1515800
2008-08-11,31.94992344794916,32.29163576025847,31.806251646227768,32.109130859375,2898000
2008-08-12,32.012040207988406,32.07028390647232,31.511123663189007,31.786821365356445,2044500
2008-08-13,31.06845865893765,31.219898223876953,30.715097699046805,31.219898223876953,2720000
2008-08-14,30.757817571012467,31.433471370865444,30.757817571012467,31.254850387573242,1565300
2008-08-15,30.73451768091191,31.056813391081906,30.718985036289965,31.04128074645996,2226500
2008-08-18,30.963624102186127,31.13448026678025,30.75393779906143,30.79665184020996,1708600
2008-08-19,29.915181746851086,30.101567510823074,29.744325661086513,30.012258529663086,2671400
2008-08-20,30.122273786749275,30.456223015486383,30.043698555559228,30.397293090820312,1617200
2008-08-21,29.603670873854828,30.082987600261937,29.57616924188654,29.929763793945312,1396900
2008-08-22,30.102636380881336,30.35015109715353,30.07513474573998,30.110492706298828,851000
2008-08-25,30.177288892381068,30.644819794586354,30.149787250925115,30.23229217529297,1267900
2008-08-26,30.28335432781905,30.38157485716658,30.043695996414865,30.2794246673584,934800
2008-08-27,30.295140854393225,30.644805705337394,30.18120467861495,30.515153884887695,1231300
2008-08-28,30.770532313513154,31.01019068385564,30.61730850263231,30.911970138549805,1787700
2008-08-29,31.006250980650158,31.069113548063882,30.84124123736742,30.92374610900879,692400
2008-09-02,31.088773717541418,31.308789832470133,30.699821099875923,30.833402633666992,1811600
2008-09-03,30.71945548441993,31.006257768033592,30.629091273344695,30.868749618530273,1410900
2008-09-04,30.22835189598199,30.369789701897876,29.595811429928382,29.855112075805664,2752800
2008-09-05,29.662590712142144,29.90617862886091,29.218635135533113,29.819744110107422,2105200
2008-09-08,30.9512426941201,31.316623064736024,30.723370420520556,31.080894470214844,4056300
2008-09-09,31.62308583651647,31.870603528346003,30.70374297387294,30.750886917114258,4051500
2008-09-10,31.33236551470424,31.556308320741888,30.99055681182393,31.11235237121582,3159300
2008-09-11,30.016201339936956,30.82553773055972,29.925837113069218,30.80982208251953,4211000
2008-09-12,30.593731205928528,31.230198310359526,30.464079389302714,30.970897674560547,3074200
2008-09-15,29.74510136623738,30.491577903903387,29.466155454297642,29.788318634033203,5317700
2008-09-16,29.136137897265026,30.153701094780736,29.081131645755022,30.03583526611328,4637600
2008-09-17,28.711832678604065,29.175433807148533,28.095007727676148,28.62932777404785,6079600
2008-09-18,28.82183650427106,31.501292809178256,27.941781274413664,31.241989135742188,10080200
2008-09-19,33.002107112779534,33.7092963213205,31.430578202647173,32.11812210083008,8241200
2008-09-22,32.585650345613004,32.61315197947723,31.12412809464946,31.22627830505371,1686200
2008-09-23,31.11234252283846,32.019899449902155,31.037693945303932,31.30092430114746,1617100
2008-09-24,31.52092531739655,31.788085206944285,31.210548166491694,31.351985931396484,1415400
2008-09-25,31.74094438720313,33.98430075974148,31.674155151341363,32.05524826049805,2341600
2008-09-26,31.332353650426573,33.06889215529971,31.281280046443175,32.0198974609375,2478000
2008-09-29,31.1084147964991,31.548443969012435,30.23621577457193,30.566238403320312,2279400
2008-09-30,31.120194126621737,31.972747655879758,31.025903251772498,31.756664276123047,1611500
2008-10-01,31.929524485077803,32.74279024944439,31.39520762795134,32.424556732177734,1199700
2008-10-02,31.784159381956496,31.866664255195698,31.289127145069035,31.43842124938965,1266100
2008-10-03,31.921669827297404,32.69564802454858,31.438423537494305,31.96881675720215,1182100
2008-10-06,31.43450105060807,31.477718326065407,29.95726335599608,30.758743286132812,2617000
2008-10-07,31.658443751862972,31.756664287456402,30.48765364871003,30.758743286132812,1469600
2008-10-08,29.48580576533574,30.550516003573726,29.187214500060545,29.862972259521484,2820900
2008-10-09,29.62332340142504,29.725473629684295,27.501758569435008,27.702129364013672,3151300
2008-10-10,26.440959778574324,27.81604677751307,26.083435720073396,26.90848731994629,3826800
2008-10-13,28.975041129372336,29.30506049803543,28.487868395771578,29.17148208618164,2038500
2008-10-14,29.984754223811528,29.984754223811528,28.97897725951737,29.61544418334961,1722100
2008-10-15,28.452519665179135,28.62931840058866,27.203154524251968,27.49781608581543,2940200
2008-10-16,26.598119196359235,27.407458428340597,25.501980683408693,27.12065315246582,4201400
2008-10-17,26.34275223341052,27.70605092493784,26.26417399635712,27.179590225219727,2278300
2008-10-20,27.493891573549938,28.48395317896015,27.321022484727266,28.385732650756836,2276700
2008-10-21,27.24636772207389,27.580316842458476,26.912418601689307,27.042070388793945,1471500
2008-10-22,25.749484396950397,26.425241857685158,25.317314834082115,25.56089973449707,2585000
2008-10-23,25.006941056757334,25.733772190903146,24.590485577943358,25.223024368286133,2252300
2008-10-24,20.57916143516968,22.44927926435004,20.43772366262076,21.61244010925293,4188100
2008-10-27,20.610592175764815,21.30206542950831,20.249141405778154,20.429866790771484,3403600
2008-10-28,21.254913588595322,22.386414061134772,19.871970398378576,22.354984283447266,2799200
2008-10-29,22.62216068740889,24.358699514019452,22.50822447514887,22.95611000061035,2970600
2008-10-30,25.22695840202695,25.446971411173642,24.0325964999618,24.064027786254883,4257200
2008-10-31,22.861807248725555,24.433335538003227,22.708583480317166,23.180042266845703,2696300
2008-11-03,23.679006139387056,24.095461736454894,22.893241879903403,23.91080665588379,1759800
2008-11-04,23.92259670507712,24.948019477737883,23.62007723392507,24.735862731933594,1646400
2008-11-05,24.535490396236295,24.75157527748492,23.478636460917485,23.59650230407715,1527200
2008-11-06,23.297904795079972,23.58470850594486,22.276412085185143,22.539642333984375,2001100
2008-11-07,22.40999952026813,23.317556381225586,22.382497888040724,23.317556381225586,1267600
2008-11-10,22.924666396365026,22.983599301757383,22.24105248718908,22.3314151763916,1923500
2008-11-11,20.677388942921528,21.412078178199817,20.59488254852382,21.027053833007812,2228100
2008-11-12,20.61058956329473,20.893465085672993,20.03698219733962,20.2727108001709,2442600
2008-11-13,19.769833859781045,21.215640598224883,19.45159871126603,21.188138961791992,3872000
2008-11-14,20.304141480108918,21.368851319450535,20.194135001867235,20.665592193603516,2145000
2008-11-17,20.53987686961673,21.235278405777972,20.41808437091608,20.551664352416992,1096600
2008-11-18,19.864109984718628,20.932747764851126,19.848394348564703,20.61844253540039,2962200
2008-11-19,19.699061099687444,19.966885984825872,18.95155249319324,19.027502059936523,3568700
2008-11-20,18.511834333475388,19.187389800409168,18.080117331025345,18.299972534179688,5165500
2008-11-21,18.99951463724059,19.051480916641975,17.824287446493106,18.731691360473633,3339200
2008-11-24,18.955541762429743,20.558489166390803,18.619763899123093,20.246694564819336,2598000
2008-11-25,20.998198237918924,21.32598267627947,20.386600704737337,20.970216751098633,2473700
2008-11-26,20.786343550719124,21.99754731196382,20.718388928744307,21.913602828979492,1369700
2008-11-28,21.39793568780994,21.961565180482655,21.39793568780994,21.733715057373047,766800
2008-12-01,21.05817268984348,21.070164327490758,20.078815460205078,20.078815460205078,1848900
2008-12-02,20.546499545663544,20.786341335740552,19.990863371369255,20.554492950439453,1711500
2008-12-03,20.090799263547446,21.186080312935676,19.85495415755931,21.0341796875,2242400
2008-12-04,20.62645123131329,21.14211289331545,20.21872038564545,20.34263801574707,1317100
2008-12-05,20.47455238663151,21.365966704505965,20.066820010427872,21.306005477905273,3332900
2008-12-08,21.709737737054613,22.425266490994584,21.489880957339746,22.197416305541992,2777500
2008-12-09,21.989546070996347,22.545182145044866,21.82565385487459,22.03751564025879,1562100
2008-12-10,22.153441244681048,22.68509260507569,22.013533794512377,22.293350219726562,1560600
2008-12-11,22.341322769569654,22.69708880725078,21.889619086112525,22.025529861450195,1174000
2008-12-12,21.082146335426508,22.12146272827536,21.03417676046291,21.901607513427734,1523200
2008-12-15,21.96956133005435,22.385288482121315,21.68574821705502,21.833650588989258,1382400
2008-12-16,21.52186475115721,22.82101148672606,21.513869819029964,22.67310905456543,1872400
2008-12-17,20.686410850591685,21.13411632029588,20.326646573673994,20.794340133666992,3559300
2008-12-18,19.335287441651406,19.583125597212636,18.387910728889235,18.651737213134766,3801400
2008-12-19,18.044142276126845,18.355936895957203,17.924221385798003,18.20803451538086,2402800
2008-12-22,18.208033893278017,18.551808218718193,18.02815180149225,18.5118350982666,2579000
2008-12-23,18.0041715769512,18.327957871920077,17.84427601841263,18.228023529052734,1721100
2008-12-24,18.335954142016558,18.48385807817803,18.180056799733485,18.279991149902344,682900
2008-12-26,18.38791640655182,18.511835522595113,18.299973709690335,18.507837295532227,437800
2008-12-29,18.391911069153856,18.80763819473529,18.236013778279986,18.627756118774414,886000
2008-12-30,18.535816953322882,18.871596324204564,18.535816953322882,18.819631576538086,1044800
2008-12-31,18.43188884760511,19.51117996216165,18.43188884760511,19.455215454101562,990300
2009-01-02,19.415242218640998,19.978871799406058,19.339292674026172,19.814979553222656,1997400
2009-01-05,19.475212695239065,19.98687623899653,19.371280084864804,19.791004180908203,1354100
2009-01-06,19.68306066537108,19.826964778422752,19.271330306882035,19.59111976623535,2042100
2009-01-07,19.54715659849731,19.671074198372576,19.191389083862305,19.191389083862305,1731000
2009-01-08,19.423238664123115,19.51917630285561,19.031496228646425,19.327301025390625,2455600
2009-01-09,19.627105118127485,19.631103345934044,19.059478759765625,19.059478759765625,1901800
2009-01-12,19.075470315298702,19.0874619500291,18.507842381649624,18.66773796081543,2735500
2009-01-13,18.184043524265967,18.667725107130973,18.10809249026362,18.32794761657715,4278800
2009-01-14,16.60508752217636,17.11675076940943,16.40521887561634,16.86491584777832,7220400
2009-01-15,16.32527577666934,16.385236997720884,15.553782458517283,16.121410369873047,6596500
2009-01-16,16.52115307270919,16.553131282609993,15.297955665230365,15.969514846801758,6892400
2009-01-20,13.555093352850951,13.814923237912321,13.383206171941485,13.523115158081055,7588100
2009-01-21,14.17068888705482,14.758301734924316,13.922852165335192,14.758301734924316,5457800
2009-01-22,14.590418602392335,14.974166232539442,14.390549854414358,14.710339546203613,4490200
2009-01-23,13.966817705284996,14.510460560191593,13.866883401805886,14.250632286071777,3721100
2009-01-26,15.074092504814127,15.33791904935387,14.470489881278716,14.718326568603516,3104000
2009-01-27,14.958169780449245,15.07809219633462,14.630385300083436,14.99014949798584,2391600
2009-01-28,16.713019022831755,17.048798455222574,16.493162262135353,16.553123474121094,5277000
2009-01-29,15.761643468489643,15.809611522416311,15.373897759983638,15.581761360168457,2676800
2009-01-30,16.093425104955593,16.10142003497307,15.421867757134159,15.525798797607422,2077000
2009-02-02,14.666361719873676,15.126060247762654,14.638380229467584,14.99014949798584,2018200
2009-02-03,15.106075653533061,15.353912397202278,14.92219682838742,15.245983123779297,1856200
2009-02-04,15.597750952762905,15.937527076648916,15.345916005424229,15.553779602050781,1882800
2009-02-05,15.569771103568613,16.081434456999457,15.22599671615336,15.88956069946289,3820200
2009-02-06,16.613084184611534,16.79296476538481,16.205351920096735,16.389230728149414,3834100
2009-02-09,16.621070148966833,16.7849623068506,16.357242186402825,16.46916961669922,1812100
2009-02-10,16.173379809093372,16.309290627862126,15.237993944597283,15.393891334533691,3498500
2009-02-11,15.401880454875693,15.477831531475415,14.990151449685003,15.245983123779297,3675400
2009-02-12,15.106081354988643,15.445857639471708,14.986160403105071,15.393891334533691,3629500
2009-02-13,15.114077898982892,15.485833956850529,15.022138441912523,15.218008995056152,2114400
2009-02-17,14.106738699731613,14.326594050283648,14.022794179046288,14.186686515808105,4419000
2009-02-18,14.39454454883224,14.606406429027976,14.026786835835948,14.450509071350098,2949100
2009-02-19,14.470496715376656,14.522463013429414,13.910863647564863,14.066761016845703,4016900
2009-02-20,13.515120287783416,13.85089972117173,13.495132200477482,13.778946876525879,6444200
2009-02-23,14.0787504851762,14.114726909026176,13.463154577021955,13.691004753112793,4224300
2009-02-24,13.411191404257032,14.22665618414219,13.271283903977544,14.070758819580078,4828800
2009-02-25,14.122725567056035,14.446511942293352,13.750969597438985,14.030784606933594,3107000
2009-02-26,15.062103694094914,15.369901641159787,14.518460646025886,14.658368110656738,4559500
2009-02-27,14.054767684774186,14.286616121281426,13.770954481362013,13.91086196899414,5414500
2009-03-02,10.972791016302345,11.588386164294915,10.892843238020365,11.292580604553223,16807400
2009-03-03,11.104702594345982,11.460468551398186,10.013419173523463,11.17265796661377,9372500
2009-03-04,11.192646582431603,11.452475725607487,11.064730743479695,11.332554817199707,8223100
2009-03-05,10.66499431575458,10.780917769218725,10.393172752544022,10.641010284423828,6895100
2009-03-06,10.33721074211701,10.58504753513761,9.96145732413888,10.193305015563965,6036400
2009-03-09,9.16198172325293,9.889503707755543,9.14998932614053,9.697629928588867,9220100
2009-03-10,10.577046452980774,11.06872381199959,10.465120519576685,10.80489730834961,11190700
2009-03-11,9.485767790844536,9.77357919077981,9.32987045750529,9.429804801940918,9863100
2009-03-12,9.373840124367558,10.261256668612576,9.26191340428505,10.06138801574707,4809000
2009-03-13,10.29723376637204,10.465123476351307,10.021414793740718,10.385175704956055,4923000
2009-03-16,10.75693130493164,11.08071832319918,10.565057572805575,10.75693130493164,6740700
2009-03-17,10.93281857356696,11.360537490353922,10.824889287338863,11.312568664550781,4669200
2009-03-18,10.889363556014512,11.581138796111757,10.669622665152657,11.507892608642578,6784100
2009-03-19,12.456028127106123,12.464166072271235,11.33697955910453,11.353256225585938,5228400
2009-03-20,10.987023666393883,11.060270615020714,10.478365163320094,10.673689842224121,4101400
2009-03-23,11.837504999048882,12.773436670540839,11.821227548549134,12.211877822875977,8718400
2009-03-24,11.62589826301917,11.939232077512013,11.548581955617411,11.638106346130371,4659400
2009-03-25,11.357326832494635,11.597413704612038,10.816114223992123,11.190486907958984,6652700
2009-03-26,11.133520460875538,11.971789674757968,11.056204130966268,11.73984146118164,5843700
2009-03-27,11.585208632737244,11.80901889476404,11.499754355779874,11.544516563415527,2918700
2009-03-30,10.799841116095326,10.98702713171251,10.718455419473884,10.848671913146973,2904700
2009-03-31,11.28815191646859,11.772395136366054,11.198628279440667,11.483476638793945,3431800
2009-04-01,11.955510482454427,12.24442894885138,11.829363376583212,12.008411407470703,5312500
2009-04-02,13.632051706014774,13.91283071963794,13.326856518566682,13.481489181518555,6639700
2009-04-03,13.542528232226022,13.607636481330836,13.021662239387515,13.269887924194336,3773700
2009-04-06,13.290233008039646,13.66867516392084,13.225124763603256,13.627983093261719,2937900
2009-04-07,13.13967125083776,13.37975820726832,13.0420081023308,13.127462387084961,2364900
2009-04-08,13.172222623965355,13.196638795507281,12.899582360443327,13.062352180480957,3151900
2009-04-09,13.925041429026368,14.327898260583051,13.896556665271984,14.250582695007324,4481100
2009-04-13,14.388933324379437,14.433695525190211,13.916898251625032,14.100015640258789,3549200
2009-04-14,14.551703949384166,14.91793874729515,14.29940972876926,14.388934135437012,4920400
2009-04-15,14.258721040073505,14.84062671661377,14.218027412722657,14.84062671661377,4652300
2009-04-16,14.803998000136804,15.259755599393973,14.604603177291574,15.076638221740723,6395900
2009-04-17,14.93014134300728,15.125465989461485,14.527284744789954,14.738886833190918,2853800
2009-04-20,13.693093393216257,13.741924195797964,13.38789816054995,13.61170768737793,6276800
2009-04-21,13.058287655985634,14.014565497066473,13.037941616190935,13.94131851196289,4875000
2009-04-22,13.298372288338937,13.920969998797695,13.241402766114351,13.509974479675293,3397000
2009-04-23,13.54252660163019,13.977938256149466,13.485557084560813,13.953523635864258,2338900
2009-04-24,14.148845069695644,14.348238333074475,14.038974647051111,14.327892303466797,2378800
2009-04-27,13.725650246254137,14.087815099722267,13.660541975431817,13.83552074432373,2351600
2009-04-28,13.330923676701556,13.815167649053896,13.286163024605145,13.664605140686035,4883800
2009-04-29,14.006426770687925,14.242445178755764,13.92504261150913,13.94131851196289,2493900
2009-04-30,14.580193534127238,14.808071635318372,14.364521192538731,14.48659896850586,4527200
2009-05-01,14.685996300524518,14.787728056124632,14.48253278932429,14.608680725097656,2306500
2009-05-04,14.913870696736476,15.385905813033059,14.832485010691647,15.341143608093262,1910100
2009-05-05,16.045124997873483,16.077678337008717,15.73585973842412,15.752137184143066,3742200
2009-05-06,16.76945742178663,16.964782150367906,16.439847621438275,16.74504280090332,4352100
2009-05-07,17.79491384450229,17.807121155241283,16.561925786168143,16.696210861206055,3986400
2009-05-08,17.76235655676683,18.14893579921001,17.497853499229507,17.98616600036621,5217500
2009-05-11,17.672834128379154,17.88443628753556,17.298460599932337,17.53854751586914,4274300
2009-05-12,17.86408594535537,17.88443197353319,17.131616512534325,17.440881729125977,3094900
2009-05-13,16.40729270168592,16.679934535503815,16.3177682857602,16.460193634033203,4764900
2009-05-14,16.521230010976844,16.928156873831472,16.50088397829467,16.728763580322266,3479000
2009-05-15,16.716555036047936,16.875256252466937,16.46019069674657,16.521228790283203,3801900
2009-05-18,17.30659717278779,17.599584980177294,17.253697803800062,17.424606323242188,3900700
2009-05-19,18.11231533075714,18.393095880499292,17.945475366660855,18.04313850402832,6892500
2009-05-20,18.16633340458064,18.363436284044486,17.78033889500047,17.924060821533203,2937600
2009-05-21,17.431294221669585,17.718736366189958,17.30810517871333,17.509313583374023,3227800
2009-05-22,17.57501208200899,17.661244243518517,17.410760569576578,17.439504623413086,1405700
2009-05-26,17.045301925909836,17.94458533573076,17.012452241558517,17.755695343017578,2573500
2009-05-27,18.338794340965386,18.371645597831154,17.81318676258622,17.82961082458496,2887100
2009-05-28,17.796759874347103,18.039032394062538,17.54216891739608,17.973331451416016,1941000
2009-05-29,18.753525722665216,19.118988798100613,18.420915460799407,18.667293548583984,2581800
2009-06-01,18.433242426641655,18.806916920373602,18.359328652810333,18.663196563720703,3043900
2009-06-02,18.26488219716058,18.5153675704279,18.17864998990162,18.396284103393555,2645000
2009-06-03,17.780338316073976,17.961017124525448,17.677680471793604,17.862464904785156,3741300
2009-06-04,17.611972281107974,18.00207224245139,17.488783231850512,17.952796936035156,2216700
2009-06-05,17.603764898792544,17.648934596287273,17.176709500738358,17.287578582763672,3760500
2009-06-08,17.262941399047058,17.51753238371674,17.082262612272146,17.345067977905273,2547200
2009-06-09,17.439515256878046,17.546278726734755,17.29990052464425,17.369707107543945,1747800
2009-06-10,18.248452725162313,18.268985541416,17.76390771053363,17.940479278564453,2790900
2009-06-11,18.642661452524298,18.909570854885608,18.576960507865532,18.581066131591797,3000700
2009-06-12,18.581068495503306,18.78227854523818,18.507154727554518,18.59749412536621,1245700
2009-06-15,18.174539154016642,18.174539154016642,17.763907887788726,17.866565704345703,1725900
2009-06-16,17.93636736276019,17.97332422604413,17.57090591830422,17.579118728637695,1933300
2009-06-17,17.800863145579743,17.989754701356432,17.599654720629168,17.784439086914062,4199700
2009-06-18,17.689997710776243,17.89120617688452,17.554488625637322,17.657146453857422,2843200
2009-06-19,18.133479711933653,18.14579815073896,17.68999868416609,17.82550621032715,2219200
2009-06-22,17.603760745986126,17.63661199693589,17.164385446353116,17.225980758666992,2912000
2009-06-23,17.308110181223125,17.50110582994318,17.14796265601601,17.31221580505371,1747700
2009-06-24,17.562704127666706,17.70642448259618,17.328644368819056,17.361494064331055,1640000
2009-06-25,16.848201990491212,17.3450670614349,16.835883552565324,17.31221580505371,2838400
2009-06-26,17.42308348067434,17.575016599496454,17.320425671604344,17.435401916503906,1702400
2009-06-29,17.579125851676334,17.60376272622619,17.39023427033457,17.480573654174805,1037200
2009-06-30,17.275252401796656,17.295783646065345,16.930322172208637,17.152063369750977,1321300
2009-07-01,17.20134209019909,17.38202083513653,17.197236467102258,17.2177677154541,1334300
2009-07-02,17.225980787106565,17.225980787106565,16.815349548159727,16.934432983398438,1452800
2009-07-06,16.790709175427036,17.037088830269735,16.757859494641554,17.024768829345703,1532100
2009-07-07,17.05351041650214,17.082254470437242,16.64287928436246,16.66341209411621,1851600
2009-07-08,16.437569073434425,16.470420326596162,16.0680018739687,16.371868133544922,3062800
2009-07-09,16.819457109837817,16.92211493140631,16.696268037242433,16.815351486206055,1508100
2009-07-10,16.490951846070896,16.708585919304696,16.458102158806355,16.634672164916992,1143300
2009-07-13,16.53612538939532,16.8523117309581,16.4170419166442,16.79892921447754,1711900
2009-07-14,17.230090714816757,17.279367603633485,16.930330023469146,17.123327255249023,1823300
2009-07-15,17.94868811336535,18.141685265046785,17.813180641443832,18.014389038085938,3026600
2009-07-16,18.281310445032197,18.371649855917322,18.10884443938191,18.16633415222168,2002700
2009-07-17,18.494834817738788,18.519471694139835,18.252562279045478,18.330581665039062,1848400
2009-07-20,18.934210854596806,19.045081501538142,18.806914578530634,18.98348617553711,1761700
2009-07-21,18.917786031648493,18.934211661473306,18.4784106156576,18.76995849609375,1668200
2009-07-22,18.531794576394596,18.93421313991897,18.507156129733527,18.78227996826172,1074500
2009-07-23,19.291452383896626,19.607638576133006,19.250389893033148,19.529619216918945,2007900
2009-07-24,19.58711274770193,19.702089007064338,19.270926468021255,19.558368682861328,1715000
2009-07-27,19.365368495868495,19.500877551919437,19.176478508434283,19.426963806152344,1120900
2009-07-28,19.233969359686842,19.390009685838997,19.036866531805508,19.34894561767578,1779000
2009-07-29,19.484453092725524,19.56247246617693,19.184692468706224,19.320199966430664,1571800
2009-07-30,20.051123486124176,20.371415340644674,19.92382724234699,20.264650344848633,3582200
2009-07-31,20.81079696590276,20.88060354359007,20.494610638087455,20.81900978088379,3036400
2009-08-03,22.087856244152455,22.50670032477321,22.063217804198064,22.379404067993164,5194000
2009-08-04,21.685435718438377,22.58882316705138,21.673115716421194,22.37118911743164,5280600
2009-08-05,22.51080554448991,22.52312398102919,21.8743274048727,22.272640228271484,3472900
2009-08-06,22.999465812330257,23.01178582046324,22.52724060548872,22.900915145874023,4725700
2009-08-07,22.662735198121542,23.217088253922167,22.465632411536998,22.79003143310547,3543800
2009-08-10,22.666855093581713,22.921446139831165,22.572410053302633,22.72844886779785,2099500
2009-08-11,22.297277131538145,22.56418807743283,22.091961501291138,22.326021194458008,2385700
2009-08-12,21.903078299436437,22.408154718724116,21.903078299436437,22.248008728027344,1970000
2009-08-13,22.716121265394104,22.921436896185035,22.44099907202255,22.781822204589844,1932900
2009-08-14,22.383513663074275,22.42457773695116,22.038583274679674,22.22336769104004,1733200
2009-08-17,21.434955313382805,21.718290361536734,21.373359988532993,21.545825958251953,2322800
2009-08-18,22.04269149917537,22.449215667801543,21.94003365931946,22.301389694213867,1769900
2009-08-19,21.68913392293638,22.301377067903125,21.664312679119977,22.13176918029785,1787300
2009-08-20,22.00767752029919,22.21865267885624,21.982856263621994,22.160737991333008,1986400
2009-08-21,22.50408880825814,22.698516438179716,22.34275302700957,22.603370666503906,1639100
2009-08-24,22.392400457058503,22.702659093884698,22.37585295102742,22.442041397094727,1571400
2009-08-25,22.54545853944535,22.855717143199186,22.454448844032697,22.61992073059082,1075600
2009-08-26,22.326210226559795,22.58682632446289,22.222790689216914,22.58682632446289,1261400
2009-08-27,22.462717595224067,22.690240205044798,22.260016236278084,22.665420532226562,1087000
2009-08-28,22.847434233121177,22.971537309267063,22.611637915027128,22.744014739990234,1712300
2009-08-31,22.20623346064376,22.744014503726984,21.97871089373042,22.30551528930664,2261400
2009-09-01,21.800831302293577,22.251740393413627,21.52780388057313,21.651906967163086,2942000
2009-09-02,21.622953630996577,21.701551898823283,21.523670196533203,21.523670196533203,1627100
2009-09-03,21.908389478581956,21.999399155928053,21.67673077705596,21.970441818237305,2456200
2009-09-04,22.346896532867856,22.52477828494925,22.197972128515328,22.417221069335938,2385100
2009-09-08,22.603372122622105,22.636467129540478,22.34689213123187,22.4503116607666,1520600
2009-09-09,22.75229415712059,22.79779899792389,22.578550122842486,22.686105728149414,1375600
2009-09-10,22.73575143239562,22.8102136278906,22.528912351144445,22.69024658203125,1603800
2009-09-11,22.81434359034138,23.087371022287453,22.5371784944554,22.66128158569336,1482800
2009-09-14,22.632326301387554,22.868122669525572,22.562001788600263,22.79779815673828,2008100
2009-09-15,22.897088414533712,23.09151767925013,22.797806527315604,22.95914077758789,1537300
2009-09-16,23.88989937131552,24.05537116701456,23.74924881838813,23.97263526916504,2794900
2009-09-17,24.175331805826147,24.630378365447356,24.0801860943372,24.406991958618164,2849600
2009-09-18,24.77931130009728,24.80413096860761,24.53110356860035,24.626249313354492,1974100
2009-09-21,24.2042967716473,24.324263758911595,24.06364620197169,24.220844268798828,1628000
2009-09-22,24.440100996687598,24.489741922954746,24.24153413550582,24.452510833740234,2772200
2009-09-23,24.481474204236758,24.514567637216565,24.005743677953287,24.02229118347168,1351200
2009-09-24,23.865086893725877,23.980917824480052,23.376946652990885,23.56723976135254,3045400
2009-09-25,23.592060163917303,23.728574686433326,23.248708181505112,23.347990036010742,2609300
2009-09-28,23.46381829977161,23.9105897503102,23.273525207190513,23.811307907104492,1278100
2009-09-29,23.943688718575114,24.17534744315515,23.93541496726058,23.956098556518555,1510800
2009-09-30,24.038832011564068,24.071925435351297,23.43072476616539,23.724435806274414,1929600
2009-10-01,23.542423841457534,23.60033853092311,22.983958960974405,23.091514587402344,2872900
2009-10-02,22.59095939299564,22.88467044055321,22.553728304005485,22.75642967224121,1768600
2009-10-05,22.537182606692266,23.04187039161153,22.483404012055775,22.992229461669922,1832400
2009-10-06,23.0004903488557,23.269381612039417,22.9260282014527,23.108047485351562,1654200
2009-10-07,23.331442920315908,23.571375371493776,23.269390580877616,23.42245101928711,1593200
2009-10-08,23.695481577292476,23.827858445920956,23.521737528988876,23.641704559326172,1048400
2009-10-09,23.58378582762149,23.716164260437395,23.496913812571297,23.712026596069336,1007600
2009-10-12,23.74098060967673,23.819580441096672,23.463817101981718,23.592056274414062,731400
2009-10-13,23.294212071599432,23.42658892424178,23.145287717862654,23.343852996826172,1042300
2009-10-14,23.819587001932206,24.167075109181607,23.654115122050474,24.105024337768555,1817100
2009-10-15,24.067790002056174,24.150525930853505,23.86922471977653,24.04296875,1329600
2009-10-16,23.654118189591518,23.74926398054244,23.48037253537813,23.621023178100586,1137100
2009-10-19,23.96436864681863,24.19189125001134,23.757529629724086,24.092609405517578,1465900
2009-10-20,23.923003235419237,24.092611178798105,23.49277766946328,23.654111862182617,1462500
2009-10-21,23.74925869605666,24.274630051146456,23.745122609569123,23.765806198120117,1883100
2009-10-22,23.641700809629718,24.067788689319343,23.517596134174507,24.00160026550293,1282300
2009-10-23,24.076070801296193,24.080206888821486,23.509332126908387,23.666528701782227,1612400
2009-10-26,23.558963724479018,23.819581320813953,23.124602115958414,23.2280216217041,3017100
2009-10-27,23.157703029371135,23.29007991330872,22.979821295694332,23.091514587402344,2115300
2009-10-28,22.897081842877338,23.099784803027323,22.657149369248604,22.710927963256836,2686500
2009-10-29,23.203195289351005,23.542411067644007,23.079092225253387,23.46794891357422,1802100
2009-10-30,23.41831341627322,23.476228087700985,22.855711045735323,22.913625717163086,3005100
2009-11-02,23.008771196444876,23.546552310711167,22.897077940872762,23.2280216217041,2518300
2009-11-03,22.661285614143846,22.97568185109643,22.590961095228245,22.884672164916992,1869000
2009-11-04,23.14115252591956,23.360402993703723,22.934313474310514,22.95086097717285,1851400
2009-11-05,23.182522121792008,23.331446496827507,22.97154539780612,23.16183853149414,1349900
2009-11-06,23.236302546955226,23.55483493401488,23.17425176696616,23.45555305480957,2170300
2009-11-09,24.02229157148877,24.162942214553006,23.939555620617394,24.1174373626709,2919600
2009-11-10,24.79586258302753,25.039932703860263,24.750359321564293,24.862051010131836,3481600
2009-11-11,25.11853422574344,25.192996408472457,24.824821581398236,24.9323787689209,2229900
2009-11-12,25.01511731895822,25.230230138443606,24.903424033183683,25.00684356689453,6624500
2009-11-13,25.67699560516442,25.82591995082741,25.432925500451518,25.68940544128418,3160500
2009-11-16,26.334743000765005,26.64913760532929,26.32233316499665,26.454710006713867,5937900
2009-11-17,26.107218908047827,26.272689161692924,25.941747076346388,26.24786949157715,2088800
2009-11-18,26.00640963666707,26.13962626840373,25.87319300493041,26.060527801513672,2146700
2009-11-19,25.65256599475314,25.66089223739516,25.315361902127567,25.598447799682617,2886200
2009-11-20,25.252901869572483,25.540149935089335,25.18213122847156,25.356977462768555,1913800
2009-11-23,25.96062383978188,26.085514270656212,25.706679063765545,25.789939880371094,1681200
2009-11-24,25.665040909770724,25.735811548093192,25.411096218251355,25.527660369873047,1205500
2009-11-25,25.6608850519066,25.856547729034144,25.548483189816395,25.839895248413086,987400
2009-11-27,24.033137477264535,24.470254681757787,23.991507872290942,24.337038040161133,2959000
2009-11-30,24.466099711633277,24.636783684245255,24.166361383897847,24.566011428833008,2324400
2009-12-01,25.111361689445207,25.177970012703643,24.944840087265273,25.05307960510254,1875900
2009-12-02,24.969827070732173,25.29038022880955,24.93652369211111,25.044761657714844,1541700
2009-12-03,25.248753721990486,25.315362075514447,24.874080740875456,24.894895553588867,1977900
2009-12-04,25.132181643414118,25.41110514601931,24.736693948234347,24.94484519958496,2110100
2009-12-07,24.328716291201918,24.582661057379934,24.328716291201918,24.420303344726562,1415700
2009-12-08,23.554397445382662,23.84997185472013,23.42534309192198,23.779199600219727,2982200
2009-12-09,23.60435028702233,23.966532990042083,23.491948429933192,23.929065704345703,2393000
2009-12-10,24.174684434903785,24.232966526924045,23.94155447875485,24.15386962890625,1919300
2009-12-11,23.99151411820843,24.037307648441786,23.816666238050892,23.970699310302734,1326600
2009-12-14,24.366177809165393,24.5326993965014,24.207984048070497,24.491069793701172,1495900
2009-12-15,23.849970434660975,24.012328154402784,23.720916088884362,23.775035858154297,1143100
2009-12-16,24.066451538869426,24.27043890372715,23.92490860510217,23.979026794433594,1066800
2009-12-17,23.254658307651027,23.30461416385892,23.017366005578513,23.042343139648438,1953500
2009-12-18,23.071485172918965,23.171398477667594,22.830030534217606,23.034019470214844,2540800
2009-12-21,23.41285342123074,23.708427816640672,23.379548458783866,23.500276565551758,1301800
2009-12-22,23.591864789043967,23.662637048467875,23.367062618567807,23.579376220703125,1437100
2009-12-23,23.891597547943004,23.966532116604846,23.670957755809706,23.758380889892578,1335200
2009-12-24,23.866627081970723,23.929071514581608,23.700105418871807,23.90409278869629,391900
2009-12-28,23.924906526642825,23.96653614375326,23.829157136834347,23.8916015625,541100
2009-12-29,23.89992311029473,23.908249349695406,23.575207714007206,23.72091293334961,652100
2009-12-30,23.700095608588878,23.891594330236945,23.658466004080207,23.86661720275879,526300
2009-12-31,23.87911406564032,23.97070113307145,23.71675632833471,23.766712188720703,415200
2010-01-04,24.18302292757026,24.391174269144088,24.137229378333025,24.278772354125977,1154200
2010-01-05,24.803304664814206,24.849096607595666,24.52854347971704,24.665924072265625,1466100
2010-01-06,24.528535328995307,24.815784985938553,24.470253250214803,24.695056915283203,771000
2010-01-07,24.470261867891352,24.695065612128744,24.449447059291913,24.615968704223633,607200
2010-01-08,24.603469659531413,24.70754525299486,24.482743178045137,24.561840057373047,2143700
2010-01-11,24.76584488368234,24.790822025850925,24.4785950441952,24.578508377075195,2078400
2010-01-12,24.445280918601622,24.670083039695033,24.349531543529498,24.47858428955078,918300
2010-01-13,24.453610883874898,24.59515380512562,24.24129570796477,24.50356674194336,1197800
2010-01-14,24.316237059187195,24.461942347482267,24.25379102816443,24.37868309020996,1448900
2010-01-15,24.34121107801542,24.353699646575418,23.71675724092374,23.95821189880371,4772500
2010-01-19,23.550242503792763,24.04147979372299,23.550242503792763,23.98736000061035,4502900
2010-01-20,23.61684375707162,23.679289775555493,23.15058534008157,23.3295955657959,4798500
2010-01-21,23.26714370048178,23.37121931308946,22.596896501197477,22.78839683532715,3767800
2010-01-22,22.21389904990338,22.81337400792104,22.113985762866523,22.288833618164062,3821600
2010-01-25,22.767588142586806,23.013206734934403,22.70514370674353,22.855012893676758,2591400
2010-01-26,22.538612764212097,22.78006893007927,22.39706987789251,22.513635635375977,1195500
2010-01-27,22.234709837903974,22.630197412704437,22.11814568080943,22.563589096069336,1783400
2010-01-28,22.93826132575943,22.95907771596033,22.20556980942141,22.43869972229004,2798000
2010-01-29,22.709295357078553,22.942425270264607,22.22222231661242,22.27634048461914,3087900
2010-02-01,22.588573954132176,22.80088912787658,22.567759145821647,22.721792221069336,1482500
2010-02-02,22.830034255981445,22.90913117692029,22.617720632372773,22.830034255981445,2692800
2010-02-03,22.763418580951473,22.83002691085643,22.51780006666423,22.646854400634766,1430600
2010-02-04,21.901672529617027,21.930813574578572,21.381294458063945,21.560304641723633,4806300
2010-02-05,21.45623580734863,21.51868024282605,20.856759063127967,21.38962745666504,5637200
2010-02-08,20.927534676954632,21.293881458355834,20.74852440809203,20.94418716430664,4005600
2010-02-09,21.435420413312833,21.581125680204313,21.027442489880087,21.41876792907715,4167200
2010-02-10,21.46039390563965,21.57695968741749,21.218939277516753,21.46039390563965,2256400
2010-02-11,21.339664093270425,21.6185875763161,21.152329250646147,21.593608856201172,5998800
2010-02-12,20.989969555478027,21.29387175289759,20.894220178948142,21.23558807373047,3620400
2010-02-16,21.818414028392752,21.901674846261706,21.614425104017208,21.872533798217773,3542000
2010-02-17,22.367929917089356,22.44286448335641,22.16394261074842,22.22638702392578,4082900
2010-02-18,22.25552950145398,22.41372488355003,22.1764326044399,22.3221378326416,1666300
2010-02-19,22.08484791821774,22.31381398193697,22.00991333909973,22.18059730529785,1549800
2010-02-22,22.57192420985666,22.651021120692114,22.442869850850037,22.480337142944336,1685900
2010-02-23,22.580252866659894,22.676002270461517,22.347122847793983,22.430383682250977,1953500
2010-02-24,22.96740523838513,23.14225309191786,22.875819779932563,22.99238395690918,2686900
2010-02-25,22.638527968718204,22.855005436088675,22.426212827151772,22.850841522216797,2240100
2010-02-26,22.69264878536295,22.954919807438824,22.596899400048784,22.863332748413086,1569800
2010-03-01,21.243919358254946,21.477049366079537,21.069073043437694,21.47288703918457,7656300
2010-03-02,21.710179786604236,21.805929187691202,21.518679396362014,21.760135650634766,3214600
2010-03-03,21.697681742314302,21.997419993677486,21.67686693887357,21.897506713867188,2257000
2010-03-04,21.75596876049866,21.85171973656012,21.589448707145483,21.79343605041504,2419600
2010-03-05,22.230550299447675,22.40539655700611,22.12647469240544,22.3262996673584,2210400
2010-03-08,22.163951298134396,22.238884305704424,22.030733004057314,22.14729881286621,2031200
2010-03-09,21.785108851754234,21.997422411090273,21.764292457958174,21.93914031982422,2352800
2010-03-10,21.810093650015585,22.034897442265155,21.810093650015585,21.959962844848633,2238000
2010-03-11,21.87669479761523,21.90167351788131,21.706010845966798,21.889184951782227,3558900
2010-03-12,21.6227499023013,21.685195908554665,21.489533237824173,21.593608856201172,5258600
2010-03-15,21.44790807515406,21.58528709411621,21.277224089129426,21.58528709411621,2262900
2010-03-16,21.626914008897923,21.751804434448637,21.55197943595391,21.726825714111328,6298800
2010-03-17,22.227022807392338,22.38674685141397,22.138752400146018,22.26485252380371,6591200
2010-03-18,22.058890484238564,22.13454991742523,21.80669344256947,21.936994552612305,1956100
2010-03-19,21.50825309753418,21.760451681641946,21.403170755013267,21.50825309753418,3650900
2010-03-22,21.18040098256863,21.651169523245397,21.171994201056414,21.6469669342041,2475300
2010-03-23,21.386361856592487,21.61754272250638,21.331718581708632,21.571306228637695,2509300
2010-03-24,21.108945895116506,21.19721469647866,20.97023640432201,21.16358757019043,3609100
2010-03-25,21.562904841082055,21.773069608740613,21.3779604227773,21.403179168701172,3034300
2010-03-26,21.512460769233098,21.625949909926373,21.419987779757935,21.470428466796875,1939300
2010-03-29,21.52507562404328,21.5713121305623,21.39897708117411,21.541889190673828,1322400
2010-03-30,21.470429781691376,21.48724174163773,21.243451486404194,21.37375259399414,3177000
2010-03-31,21.197203143096836,21.45360422929132,21.155170861575574,21.306488037109375,1859600
2010-04-01,21.457818817397765,21.74364298120391,21.45361622826664,21.71422004699707,2327800
2010-04-05,21.802489487978868,21.852930179607164,21.697407118897804,21.752050399780273,753200
2010-04-06,21.411576479874004,21.701604757136725,21.398967112490137,21.63014793395996,1974000
2010-04-07,21.655371052178793,21.844519604364976,21.525068359910662,21.596525192260742,2186200
2010-04-08,21.617538799005512,21.873939961429087,21.550286166519754,21.82770347595215,1743200
2010-04-09,22.163979277306673,22.34892372124906,22.163979277306673,22.32790756225586,2810500
2010-04-12,22.40776320779725,22.496032006099608,22.382542863955326,22.38674545288086,1470600
2010-04-13,22.43718910217285,22.5086443473457,22.239633724575324,22.43718910217285,1293400
2010-04-14,22.54646512390468,22.65995423601645,22.49602605299806,22.630531311035156,1746000
2010-04-15,22.996224155178677,23.231609227796287,22.958394439997804,23.105510711669922,3072200
2010-04-16,23.046661630895308,23.071880368546466,22.365726852584743,22.533859252929688,3603300
2010-04-19,22.109336822796703,22.44560179320884,22.092524857020265,22.407772064208984,1983900
2010-04-20,22.390948437321263,22.4371849301557,22.30688223247952,22.38254165649414,1290200
2010-04-21,22.113524738995118,22.28165549700952,21.915969454813435,22.075695037841797,2653200
2010-04-22,21.78987613096651,22.19339196960325,21.672184412221476,22.163969039916992,2341600
2010-04-23,21.903365317416064,22.13874875550997,21.8697381957287,22.121936798095703,1396700
2010-04-26,22.353118995008046,22.43718520086406,22.231223076688295,22.252239227294922,1803300
2010-04-27,21.63435514928756,21.97902513567565,21.306497120618094,21.352733612060547,4262600
2010-04-28,21.449409012697533,21.483036134725857,21.121552590068514,21.382156372070312,3387700
2010-04-29,21.625952573860335,21.85293088320659,21.495649854769763,21.747848510742188,2546200
2010-04-30,21.579716373291234,21.596529937942314,21.285485405616424,21.390567779541016,2883500
2010-05-03,21.483036060949033,21.672184613135215,21.42419020103098,21.596525192260742,1682000
2010-05-04,21.033281011361556,21.13415915721356,20.755863705124714,20.93660545349121,5200800
2010-05-05,20.52047710192195,20.848333455673334,20.45742706307941,20.76426887512207,4172500
2010-05-06,20.121162248986042,20.310310746276716,18.179241418136012,19.625173568725586,10644400
2010-05-07,19.860563056425555,19.982458960536707,19.1039704987714,19.663007736206055,7178300
2010-05-10,21.142567441151954,21.1930065176673,20.726442253899034,20.923995971679688,5695700
2010-05-11,20.34395244376403,20.835737285869616,20.297715933118866,20.6087589263916,3719500
2010-05-12,20.73485087048784,20.91559104429607,20.621361735703967,20.869356155395508,2414800
2010-05-13,20.512075827456634,20.62976915798297,20.40279088135667,20.411197662353516,2921800
2010-05-14,20.0539162753582,20.129575699353218,19.616773293037983,19.902597427368164,5972400
2010-05-17,19.885785996529886,20.03710324510345,19.511691455331327,19.927818298339844,2561500
2010-05-18,20.133783245863544,20.167408771336007,19.44023894483796,19.667217254638672,4233100
2010-05-19,19.650257609583104,19.819839773261826,19.3534912490284,19.675695419311523,4695200
2010-05-20,19.209342013596316,19.378922516925837,18.844741586418163,19.04399871826172,5395200
2010-05-21,18.759947417212313,19.43827255262772,18.700594170020302,19.395877838134766,3402100
2010-05-24,19.213581192649876,19.429798481239313,19.094874676407827,19.226299285888672,2607100
2010-05-25,18.87017724147171,19.319568716297447,18.764188823402378,19.27717399597168,4725200
2010-05-26,19.05248076106369,19.302613535868108,18.683641454913175,18.810827255249023,4902800
2010-05-27,19.425560541254534,19.722328487347312,19.24326030082276,19.70536994934082,5136400
2010-05-28,19.58242392235682,19.590903191770416,19.145752059716013,19.23054313659668,3218800
2010-06-01,19.51459129316032,19.82831779097694,19.34501075744629,19.34501075744629,3458900
2010-06-02,19.42555858872465,19.836794199143725,19.34076752447004,19.819835662841797,2558200
2010-06-03,19.98942884788677,20.053020968310467,19.599390383479843,19.739295959472656,2587900
2010-06-04,19.42979369969024,19.561218276828328,19.116067333214477,19.205097198486328,4005100
2010-06-07,19.43404400674415,19.565470278791153,19.022808266190257,19.065204620361328,2709000
2010-06-08,19.27293789576617,19.48915522300398,19.082158376807893,19.484914779663086,3699300
2010-06-09,19.72232507242242,19.86222894361358,19.311089491874167,19.404359817504883,2692300
2010-06-10,20.00214304535975,20.18020288850714,19.836801300364144,20.065736770629883,2953500
2010-06-11,19.84103973885507,20.142046582428204,19.819842369931926,20.053016662597656,1703800
2010-06-14,20.315867390289387,20.447293663896158,20.04453718939656,20.082693099975586,2417200
2010-06-15,20.370973038336235,20.549034416498166,20.320099051970626,20.532075881958008,2624600
2010-06-16,20.409139343828826,20.45577452897704,20.22683904766163,20.35402488708496,2621500
2010-06-17,20.510882612478397,20.540559245214048,20.23107320578855,20.387935638427734,1864000
2010-06-18,20.468480820907708,20.50663671245081,20.311618430010398,20.3709716796875,1680600
2010-06-21,20.705903597952947,20.75253877458152,20.379458978808337,20.51088523864746,2594800
2010-06-22,20.616871464199814,20.803410533334883,20.409133413607506,20.455768585205078,2255000
2010-06-23,20.69318398945794,20.710140911056687,20.447290027840378,20.578716278076172,3583700
2010-06-24,20.565997961071478,20.565997961071478,20.214117150873157,20.298908233642578,2471900
2010-06-25,20.52359661468793,20.629585029681618,20.328578319240705,20.532075881958008,1575700
2010-06-28,20.349774212344858,20.5193563110163,20.218348005011755,20.358253479003906,1715000
2010-06-29,19.870712445130412,19.942785425908003,19.46371722025603,19.5866641998291,4188900
2010-06-30,19.455238328838917,19.752006292545367,19.272938077587327,19.328052520751953,2129600
2010-07-01,19.54427096735454,19.612103515642215,19.188149684530355,19.463720321655273,3482500
2010-07-02,19.52306844226739,19.599380241090344,19.217822864230662,19.374685287475586,1875400
2010-07-06,19.773206717047724,19.900392544813222,19.480679151461523,19.646020889282227,2149200
2010-07-07,19.52307032897408,19.993659261441586,19.47219633059402,19.942785263061523,3053500
2010-07-08,20.158998275175943,20.163238717873174,19.925824061734314,20.133562088012695,3138300
2010-07-09,20.031809709795922,20.23530726515819,20.002133084050683,20.1674747467041,2545800
2010-07-12,20.158995718441435,20.379451810341333,20.08268393212013,20.264984130859375,2267300
2010-07-13,20.680466700309836,20.807654139365326,20.61263415419946,20.659269332885742,3407200
2010-07-14,20.55327958139199,20.71438247470773,20.43881186381939,20.697423934936523,2995100
2010-07-15,20.90516050844456,20.947555237584304,20.655027725107477,20.892440795898438,4771500
2010-07-16,20.307388819273648,20.40065756083264,20.09965073389288,20.18868064880371,3952100
2010-07-19,20.39217677245269,20.451531661897505,20.01909859947464,20.256511688232422,1850000
2010-07-20,20.04877819368986,20.468491604531117,20.02334038017454,20.447294235229492,2620200
2010-07-21,20.659271162756966,20.688947803230363,20.298911032862506,20.447294235229492,3264000
2010-07-22,20.909401540566734,21.218887624254833,20.90516271410763,21.14681625366211,4727500
2010-07-23,20.930596526667074,21.28247892119921,20.80765116627215,21.193449020385742,3629800
2010-07-26,21.155286658512633,21.367263472256226,21.108651500728282,21.312149047851562,2191000
2010-07-27,21.952323391757037,21.96504310325719,21.655557077672082,21.87177276611328,6195200
2010-07-28,22.058313134442834,22.092230210786013,21.78698299271823,21.8336181640625,3313400
2010-07-29,22.04559269093901,22.185498190067776,21.60468044897902,21.765783309936523,2988700
2010-07-30,21.47326117899119,21.72339399222894,21.435105271302195,21.655561447143555,3120100
2010-08-02,22.79599751625832,22.92742378509627,22.69848832992907,22.783279418945312,5705200
2010-08-03,22.59673500061035,22.706963883463832,22.41443475510711,22.59673500061035,2816500
2010-08-04,22.58825231542571,22.745116346744776,22.507701695718215,22.609451293945312,2496700
2010-08-05,22.46954579853993,22.609451293945312,22.384754736226515,22.609451293945312,1479700
2010-08-06,22.295729494719268,22.660330006566735,22.295729494719268,22.503467559814453,1799800
2010-08-09,22.690006045325077,22.719682679950406,22.52466433319674,22.592496871948242,1713100
2010-08-10,22.232132910506376,22.588254106658887,22.113426384207248,22.524662017822266,2749900
2010-08-11,22.02015351015776,22.024393952611508,21.75306385674934,21.918405532836914,3449200
2010-08-12,21.710676978874517,21.90569536809749,21.65132369669845,21.791229248046875,2022000
2010-08-13,21.536848272043446,21.727627766123838,21.53260944651058,21.57924461364746,2369000
2010-08-16,21.49870545151077,21.829390648167163,21.46902880296233,21.664047241210938,1719800
2010-08-17,22.02863943897883,22.075274616542302,21.859058886413532,21.93960952758789,2275800
2010-08-18,21.91397107161447,21.91397107161447,21.721705454043107,21.79433822631836,1751800
2010-08-19,21.542252115171635,21.61061465689489,21.119269482301565,21.290172576904297,3716600
2010-08-20,20.918461173128932,21.106454926371416,20.85437372713046,21.06372833251953,2213400
2010-08-23,21.217547320499776,21.388450488636817,21.110733247877473,21.123550415039062,1882900
2010-08-24,20.747561514849206,20.84583024458528,20.525388096807756,20.743288040161133,3788600
2010-08-25,20.768920737669767,20.98254880264501,20.645016068819455,20.901369094848633,2811400
2010-08-26,21.016729344538522,21.127816855795142,20.83300907041269,20.905643463134766,1949100
2010-08-27,21.063729228998834,21.196179230797433,20.74328709580964,21.179088592529297,2254500
2010-08-30,21.008188574673238,21.149183916445754,20.91419331001144,20.931283950805664,1442500
2010-08-31,20.999637429964057,21.191901366165578,20.892823407695374,21.020999908447266,2014400
2010-09-01,21.09791117629058,21.55507517045331,21.046639259856107,21.392717361450195,2347500
2010-09-02,21.384170638669083,21.537983118172228,21.294447235576552,21.516620635986328,1192800
2010-09-03,21.696075810930097,21.78580087848491,21.512355459530237,21.653350830078125,1706900
2010-09-07,21.696070439204636,21.738797039331484,21.555076733418897,21.610620498657227,2081900
2010-09-08,21.546531894660824,21.75161469029103,21.537986574444584,21.559349060058594,1643700
2010-09-09,21.909699345120302,21.956697792038273,21.584985321641987,21.70461654663086,2580300
2010-09-10,21.72170599239056,21.798612241325138,21.627709103725383,21.73025131225586,1751800
2010-09-13,22.298503929756233,22.37113834248029,22.20878050508532,22.22159767150879,2922000
2010-09-14,22.42240029148243,22.52066900047375,22.242953508938115,22.29422378540039,2780900
2010-09-15,22.520678092685852,22.64031095920048,22.413864022851612,22.567676544189453,3563200
2010-09-16,22.580491222948194,22.627489669273196,22.456588154281494,22.59758186340332,1714200
2010-09-17,22.42241068869165,22.55913257589041,22.3113247665377,22.486499786376953,1827300
2010-09-20,22.465130926697682,22.717210510482648,22.41385901114715,22.67021369934082,1923000
2010-09-21,22.68303232626072,22.69157764607028,22.26859327968918,22.469404220581055,2858700
2010-09-22,22.28995167644709,22.460854781589486,22.153229844274293,22.24722671508789,1819300
2010-09-23,21.91397050767406,22.27713761941062,21.91397050767406,22.11050796508789,1711400
2010-09-24,22.524951408323346,22.631765477399455,22.422409184874805,22.47795295715332,1909100
2010-09-27,22.439494366732326,22.448039685761422,22.29849904753163,22.302772521972656,1468900
2010-09-28,22.16605513256348,22.281414517863976,21.978061335842693,22.23014259338379,2041600
2010-09-29,21.952428075570275,22.003698372701123,21.747345257193523,21.89261245727539,3026400
2010-09-30,21.96951672520045,22.08914958966774,21.567896416244068,21.61489486694336,4793700
2010-10-01,22.067788126410054,22.21305533083593,21.91824744634769,22.14042091369629,3693500
2010-10-04,22.204509264871632,22.31132333425454,21.969517008346557,22.080604553222656,1587500
2010-10-05,22.524942813451265,22.70438959869778,22.40103814943664,22.627483367919922,2799100
2010-10-06,22.56767490461541,22.593310866260346,22.439498356097207,22.503585815429688,1808600
2010-10-07,22.661672570087234,22.674489736418185,22.345502218479638,22.452316284179688,1675400
2010-10-08,22.388231707126245,22.46513797472699,22.268598829828687,22.41386604309082,1418100
2010-10-11,22.48222138536884,22.550582313992212,22.409588611767248,22.469404220581055,1218800
2010-10-12,22.409577814512954,22.49930118450367,22.298490340365323,22.473665237426758,2671000
2010-10-13,22.571943502767073,22.785571580757207,22.550579391085748,22.584760665893555,2009100
2010-10-14,22.730028408039285,22.730028408039285,22.448039403042326,22.665939331054688,4361400
2010-10-15,22.589035345684902,22.597580665459457,22.170324455850157,22.33695411682129,5973000
2010-10-18,22.354044847931664,22.529219829394865,22.302774558927414,22.469404220581055,2253500
2010-10-19,22.127603746493637,22.289959963905247,22.007970876473063,22.14042091369629,3018000
2010-10-20,22.054960144173997,22.4010381831959,22.029325820444566,22.362585067749023,2914100
2010-10-21,22.618945965895236,22.764213160441436,22.35404753931804,22.452316284179688,1951100
2010-10-22,22.392500375019456,22.443770669525367,22.260050348538137,22.307048797607422,3609800
2010-10-25,22.512125000682172,22.601850027059808,22.345495370035252,22.401039123535156,2116800
2010-10-26,22.24723070396808,22.392497880429364,22.19596041517383,22.33695411682129,1399000
2010-10-27,22.25578154394802,22.328414335267567,22.012245574453605,22.213056564331055,1778500
2010-10-28,22.546309213506635,22.546309213506635,22.27286551424007,22.39676856994629,2111700
2010-10-29,22.30703960766703,22.311313081196367,22.17031779207504,22.264314651489258,1061600
2010-11-01,22.366865651515848,22.576221946276814,22.23441724755282,22.379684448242188,2571500
2010-11-02,22.683025624895745,22.721478737751802,22.486488216899275,22.542030334472656,1735500
2010-11-03,22.994933099672505,23.12310965904219,22.811212766963052,23.03338623046875,3738800
2010-11-04,24.15707885034889,24.34934456907936,23.939177159169706,24.319435119628906,5560000
2010-11-05,23.627259624672604,23.862250130037612,23.533264400438107,23.734073638916016,5048800
2010-11-08,23.75972519822882,23.83663146939649,23.640093945236263,23.80245018005371,1349800
2010-11-09,23.94344021302536,23.981893340031903,23.541818302100797,23.68281364440918,2328300
2010-11-10,23.832351068632654,23.866532348043805,23.447821454375873,23.828079223632812,2421600
2010-11-11,23.473454158375194,23.652902603149414,23.41791202795843,23.652902603149414,2149900
2010-11-12,23.46490538462757,23.61871784897474,23.221369526028802,23.358091354370117,1980300
2010-11-15,23.43500155371475,23.45636566726505,23.302553176879883,23.302553176879883,1251400
2010-11-16,22.926570888211263,22.98638650394381,22.45658965329559,22.606128692626953,4500600
2010-11-17,22.593211983719268,22.713754510987123,22.494194673139422,22.60612678527832,2662200
2010-11-18,23.028028533007,23.06677457930977,22.864433932809906,22.97636604309082,2238100
2010-11-19,22.515722091363696,22.679316710272236,22.390873523189573,22.675010681152344,2114000
2010-11-22,22.326292515716435,22.520022722955893,22.283240446180706,22.5028018951416,2595900
2010-11-23,22.16271157798025,22.19715325480895,21.91301599005034,21.999116897583008,3222200
2010-11-24,22.085208230852654,22.253107214446963,22.02493696928226,22.240192413330078,1748600
2010-11-26,21.779551463609426,21.99480696269935,21.75802624215426,21.86565399169922,1445400
2010-11-29,21.891480560419,22.01632912669775,21.753717191514486,21.96466827392578,2669900
2010-11-30,21.624560797377665,21.861341447362072,21.611645996807002,21.766630172729492,3021100
2010-12-01,21.99480481318891,22.21006029124233,21.904397906551026,22.171314239501953,3525500
2010-12-02,21.981885887626834,22.481278437365695,21.981885887626834,22.39517593383789,2582300
2010-12-03,22.571681800854872,22.649173877697056,22.44252888687403,22.636259078979492,1726500
2010-12-06,22.52863156943644,22.597513233632643,22.433918665316003,22.54585075378418,1268400
2010-12-07,22.75681315121101,22.791253179392864,22.438234268615354,22.489896774291992,2632600
2010-12-08,22.476967655092587,22.53723890213416,22.300458299212984,22.429611206054688,1773800
2010-12-09,22.778329377741294,22.795550206165423,22.545853120821302,22.60181999206543,2051400
2010-12-10,22.49849320876958,22.687919007808336,22.468357584789477,22.644866943359375,1338500
2010-12-13,22.700839663635854,22.791246558904373,22.588907551722745,22.65778923034668,1860500
2010-12-14,22.855817291076338,22.860121676262317,22.59751148094219,22.67930793762207,1561400
2010-12-15,22.339209720519833,22.412397425475817,22.171310736925523,22.240192413330078,2368600
2010-12-16,22.102426066667686,22.244493786515935,22.067984411996303,22.192832946777344,1915500
2010-12-17,21.88717351102956,21.994801232534964,21.79676661910951,21.960359573364258,2631100
2010-12-20,21.93883514404297,22.020633266371576,21.809682202059978,21.93883514404297,1353200
2010-12-21,22.136866059581493,22.154086886902025,21.99910272555421,22.072290420532227,1076500
2010-12-22,22.08951254619393,22.24019068843368,22.063681303694867,22.175613403320312,1195800
2010-12-23,22.16270396890018,22.231585656639016,22.11965352991427,22.15839958190918,611700
2010-12-27,21.857036419484874,22.067985819865324,21.857036419484874,22.042156219482422,618300
2010-12-28,21.990495059142876,21.999103830967233,21.848425690012505,21.97327423095703,825000
2010-12-29,22.171312815136456,22.188533646418954,22.055074667382897,22.08090591430664,877600
2010-12-30,21.848429177725077,21.968971709731328,21.77954749625453,21.904396057128906,1315500
2010-12-31,21.805375261816458,22.11103757190666,21.796764847723534,21.97327423095703,955000
2011-01-03,22.093821180336583,22.300466233257,22.076600348692658,22.231584548950195,1299900
2011-01-04,22.494186707563856,22.502797119643716,22.334898189756867,22.41669464111328,2377200
2011-01-05,22.68792716916488,22.984979130511455,22.68792716916488,22.980674743652344,3766800
2011-01-06,23.183012667105913,23.195929111605842,22.795553819753906,22.933317184448242,1733000
2011-01-07,22.941923934633397,22.984974363371467,22.67500602119789,22.774024963378906,1897000
2011-01-10,22.524334894738896,22.6233522254955,22.421013176675093,22.584606170654297,1380600
2011-01-11,23.127038343319747,23.20022438356833,23.006494214868837,23.083986282348633,3024200
2011-01-12,23.970849323294217,24.229155230954678,23.9019676384335,24.220544815063477,4357300
2011-01-13,24.358308847159506,24.392748867069944,24.15596818752833,24.18610382080078,3101400
2011-01-14,24.00959125894308,24.254982321846445,23.979455629622922,24.177490234375,1466100
2011-01-18,24.384137631159952,24.48746097195281,24.336781168391095,24.354001998901367,1774700
2011-01-19,24.30664782086636,24.42288597433348,24.100002762125573,24.130138397216797,2033100
2011-01-20,23.837381052610308,24.009586018800228,23.738363771845,23.914873123168945,2206000
2011-01-21,23.983756818296186,24.052638482169094,23.811553479748127,23.927791595458984,1567300
2011-01-24,23.893360257683312,24.09570095115738,23.889055870325386,24.000988006591797,1205600
2011-01-25,23.60921445856542,23.932097587570816,23.58768924508543,23.833080291748047,1962400
2011-01-26,23.949319850308836,24.069862366834514,23.721147975397002,23.802946090698242,1791500
2011-01-27,23.893352528609714,23.962234199938383,23.837385657446234,23.867521286010742,1428100
2011-01-28,23.566165786058843,23.630741431306337,23.251891405233533,23.312164306640625,2827600
2011-01-31,23.462847700164794,23.579085858320457,23.38535559472768,23.52311897277832,1603400
2011-02-01,23.746976697869055,24.074164197538988,23.721145457525992,23.932096481323242,2671200
2011-02-02,24.332471869082926,24.526202067536705,24.22914854915143,24.453014373779297,2363400
2011-02-03,24.603695112703004,24.668270753210123,24.431490120146986,24.65966033935547,2361000
2011-02-04,24.552034369778575,24.573561227075253,24.401356222313655,24.43149185180664,2434600
2011-02-07,24.45302452714438,24.556347889977722,24.440109722641136,24.470245361328125,2212900
2011-02-08,24.607993047612997,24.9007404728546,24.586467839753368,24.827552795410156,2538800
2011-02-09,25.047127217582876,25.253772276636017,24.978245531231828,25.10309410095215,2852800
2011-02-10,24.659665722316156,24.849091583931273,24.56064840477593,24.737157821655273,2010000
2011-02-11,24.405652856942485,24.775892350000262,24.38843367575021,24.64243507385254,2652700
2011-02-14,24.39704704284668,24.487455561917187,24.33247140610309,24.39704704284668,1270900
2011-02-15,24.50467838515103,24.556340872939582,24.328168990878492,24.34108543395996,1543800
2011-02-16,24.81033897851132,25.051423986291006,24.784507738134163,24.95671272277832,2136600
2011-02-17,25.43027207076709,25.460407694492286,25.33125478677455,25.395832061767578,2024400
2011-02-18,25.266680690211786,25.30112234581222,25.159052979863226,25.232240676879883,1170500
2011-02-22,24.194713283380562,24.42718956712757,24.07416911276983,24.125831604003906,2711000
2011-02-23,24.504682900602937,24.517599346064507,24.108613608186126,24.30664825439453,2932000
2011-02-24,24.130129812062822,24.237757511173065,23.983756075582157,24.216232299804688,1933800
2011-02-25,24.586475688339515,24.707018204647937,24.539119230570172,24.655357360839844,2037900
2011-02-28,23.419798291684543,23.768511139238385,23.381052237259773,23.71685028076172,5900300
2011-03-01,23.26480176912603,23.307852188042176,22.842901423128602,22.924697875976562,7195000
2011-03-02,23.088288200681212,23.226051486735372,23.01079614699226,23.161474227905273,2330900
2011-03-03,23.1012084096228,23.39826025686999,23.1012084096228,23.385345458984375,3001800
2011-03-04,23.03233416219436,23.05385937968657,22.743892634807317,23.01080894470215,6045800
2011-03-07,23.20883054083395,23.24757656747045,22.834286711526385,22.92038917541504,2995500
2011-03-08,23.079697829909758,23.355224641255486,23.03234135128421,23.32939338684082,3203000
2011-03-09,23.234668433173958,23.32507530715269,23.1743971838548,23.28632926940918,2633900
2011-03-10,22.91178133545716,22.95483175109771,22.79554324250597,22.860118865966797,6333500
2011-03-11,22.683615175094506,22.950533073700015,22.66639598991713,22.911787033081055,2383400
2011-03-14,22.666399479044145,22.829992438156932,22.575990942170634,22.81707763671875,2985300
2011-03-15,22.07229183503784,22.631955620673363,22.046460592401647,22.60181999206543,4447700
2011-03-16,21.970361027136097,22.079232983007678,21.482615129982587,21.774391174316406,10069300
2011-03-17,22.11407794454042,22.122787903038738,21.896333965846623,22.031335830688477,4560300
2011-03-18,22.105365742430642,22.114075700044932,21.9224616162942,22.026979446411133,3995400
2011-03-21,22.52343556480796,22.545209628374145,22.405853628045083,22.466821670532227,3384200
2011-03-22,22.41455995154743,22.43197820282354,22.270848165053042,22.353591918945312,2457800
2011-03-23,22.08359280112622,22.41891871066938,22.06181873661139,22.401498794555664,2526200
2011-03-24,22.64536780583037,22.79343373870328,22.5321416977531,22.675851821899414,4019300
2011-03-25,22.688918508779146,22.776016419430352,22.588756492969328,22.662790298461914,2800400
2011-03-28,22.85005714195547,22.880541170723166,22.719409405802526,22.749895095825195,2703400
2011-03-29,22.540847378342818,22.771657037708234,22.44068538555386,22.76294708251953,1952700
2011-03-30,22.84133970298526,22.958921630269028,22.828273936895222,22.924081802368164,2337600
2011-03-31,22.48423166298297,22.623587601810463,22.42761779369248,22.558263778686523,3809500
2011-04-01,22.745529483771147,22.92843523881446,22.641013333392902,22.880531311035156,2129100
2011-04-04,22.889247296468206,22.919731320129646,22.680213279394874,22.828277587890625,2115700
2011-04-05,22.924084840089495,22.998118653562,22.83698692005023,22.95456886291504,5216200
2011-04-06,23.60343767163896,23.61214762646523,23.38133797670409,23.47279167175293,3597500
2011-04-07,23.747148994322274,23.812472828251543,23.62956709000205,23.768924713134766,3416300
2011-04-08,23.856033636014594,23.869099406504578,23.53812757500813,23.668773651123047,2355100
2011-04-11,23.52070102963459,23.63392881529266,23.442314735050303,23.525056838989258,1434000
2011-04-12,23.3203748823303,23.372632961077297,23.098276801714782,23.294246673583984,1951500
2011-04-13,23.53812981593086,23.559903887147158,23.324741592253925,23.40312957763672,1524300
2011-04-14,23.202795986141254,23.346507798011455,23.093924005483675,23.32473373413086,1630800
2011-04-15,23.241984085682535,23.307307922052765,23.137467940995172,23.228919982910156,1275000
2011-04-18,22.74552971461461,22.91972551535193,22.580043870039578,22.902305603027344,2511100
2011-04-19,22.841338033457323,23.002468072585362,22.741176027445068,22.94585418701172,2619600
2011-04-20,23.268116228804463,23.363924088519244,23.176664177942712,23.28989028930664,2451400
2011-04-21,23.69054613813488,23.768934105323016,23.603448212230866,23.673126220703125,2239400
2011-04-25,23.620861285605624,23.694893421357904,23.568601548452424,23.642635345458984,809100
2011-04-26,23.342149781569997,23.712315477560733,23.333441485844766,23.664411544799805,1400000
2011-04-27,23.73409129038322,23.882157247452305,23.59473529093638,23.834253311157227,2747400
2011-04-28,23.79941391072055,23.886510159928203,23.69054193795651,23.82118797302246,1842900
2011-04-29,23.725383430184984,23.81248135285272,23.616511442163986,23.72102928161621,1534100
2011-05-02,23.781995618308503,23.895221746753155,23.66441368035372,23.686187744140625,1051300
2011-05-03,23.668773769023502,23.869099525402905,23.59474160131644,23.70796775817871,1217000
2011-05-04,23.65570681750212,23.668770925232547,23.39005888528483,23.507640838623047,1831100
2011-05-05,23.20715520896195,23.281187369295495,23.011185282704275,23.150541305541992,3676000
2011-05-06,23.207148101633365,23.39440801145735,22.941500245313087,23.098276138305664,2940800
2011-05-09,22.854398988689624,23.13746671630532,22.8152050211929,23.085206985473633,2633100
2011-05-10,23.342157482235752,23.41619131035971,23.298609344225174,23.381351470947266,2256200
2011-05-11,23.263756342907957,23.26811215099762,22.897948203569932,23.059078216552734,2182000
2011-05-12,22.928439774436615,23.06779577667735,22.767308047076412,23.002471923828125,1823300
2011-05-13,23.09391942045572,23.133113392161125,22.741175336361326,22.880531311035156,2723500
2011-05-16,22.584402444051545,22.80650053899444,22.536498509920563,22.645370483398438,3805700
2011-05-17,22.55391499257403,22.719399170977102,22.501655257153267,22.706335067749023,2358200
2011-05-18,22.578952218550132,22.78102025435857,22.56577270267239,22.75027084350586,1827800
2011-05-19,22.868874669924125,22.895230348214326,22.693162327976395,22.851303100585938,1634100
2011-05-20,22.73708684742318,22.785407819446714,22.574554039839647,22.67119598388672,2210000
2011-05-23,22.22751892071515,22.328554575304825,22.11769915989004,22.24509048461914,3754700
2011-05-24,22.174806631051386,22.236305431013175,22.086950484370274,22.187984466552734,2252100
2011-05-25,22.30658512827473,22.495475215773084,22.302193075974973,22.35490608215332,2158700
2011-05-26,22.486698483624764,22.5701625923506,22.332951455524956,22.526233673095703,1500600
2011-05-27,22.798586325696874,22.846905619869226,22.693158602691717,22.71512222290039,2180700
2011-05-31,23.097296159972057,23.101688213709465,22.851299257757148,23.000654220581055,1830400
2011-06-01,22.83373058620708,22.868873723428955,22.578949544216517,22.583341598510742,2757700
2011-06-02,22.583337124496495,22.6843711104179,22.429590118902333,22.666799545288086,2433800
2011-06-03,22.390057943965466,22.644838969718176,22.376878430488716,22.548198699951172,2087200
2011-06-06,22.535026064882214,22.60531068058264,22.297814858499237,22.38127899169922,1965300
2011-06-07,22.535019592936397,22.587732620643443,22.4383793214263,22.451557159423828,1813900
2011-06-08,22.240704862730023,22.30659573284847,22.10013566228355,22.17481231689453,2693800
2011-06-09,22.315370908590495,22.447154261894493,22.262657902412148,22.35490608215332,1630000
2011-06-10,22.038635901917154,22.064993256269105,21.83217582450339,21.94199562072754,3959400
2011-06-13,22.10891364864595,22.170412442685148,22.003485947638428,22.07377052307129,2556600
2011-06-14,22.280240055087912,22.328561031938335,22.122099285656365,22.17481231689453,3628700
2011-06-15,21.73114282366791,21.854140464929472,21.53346684612813,21.687213897705078,6381700
2011-06-16,21.485148658355545,21.643289460944636,21.353365214770434,21.55543327331543,3575700
2011-06-17,21.53785568439319,21.625711847481192,21.48514265682716,21.529069900512695,3386700
2011-06-20,21.419250284679197,21.559821152159916,21.39289460854658,21.467571258544922,1547200
2011-06-21,21.55103841651326,21.722357038475344,21.485145865427604,21.687213897705078,2807500
2011-06-22,21.388498806655967,21.52467593111083,21.348963620570153,21.366535186767578,2916100
2011-06-23,21.1073654254007,21.283077777357036,20.993153569631108,21.2742919921875,4019700
2011-06-24,21.269889376029425,21.27867515752861,21.05464359430709,21.190820693969727,3679500
2011-06-27,21.10736246915879,21.414858204156737,21.089790901280747,21.291860580444336,1775000
2011-06-28,21.31821451799141,21.52028418067572,21.283073060818143,21.392892837524414,2041000
2011-06-29,21.454391819730432,21.682817158232606,21.37971349958702,21.65645980834961,3656700
2011-06-30,21.599351665772453,21.876097956737894,21.524675026148206,21.797027587890625,2590800
2011-07-01,22.073772648868925,22.275840613233846,21.994702284427586,22.187984466552734,2802800
2011-07-05,22.135277803512974,22.1572414275595,22.016672222801212,22.091350555419922,1338200
2011-07-06,21.840960606752187,22.02106499726402,21.779461791804298,21.98592185974121,1786100
2011-07-07,22.06938244729242,22.07816655455258,21.880492302580418,22.01227569580078,2212100
2011-07-08,21.79702472847005,21.893666650098112,21.713562317065403,21.88927459716797,1890700
2011-07-11,21.57739409496867,21.643286646050036,21.41046920347233,21.511503219604492,2944500
2011-07-12,21.160085623405227,21.31383440234039,21.129336202761746,21.133729934692383,3909400
2011-07-13,21.17325314873822,21.454391507194085,21.094182775957904,21.305036544799805,2852600
2011-07-14,21.43681976738641,21.463177116672153,21.146895628110375,21.204002380371094,2311200
2011-07-15,21.37532600806138,21.37532600806138,21.138114835635484,21.2742919921875,2568800
2011-07-18,21.072221835815007,21.120542811516852,20.747154520186132,20.936044692993164,2859300
2011-07-19,20.896518681970303,21.138121990905276,20.896518681970303,21.133729934692383,2600300
2011-07-20,21.43243518906838,21.53346921632798,21.353364789349143,21.428041458129883,3202100
2011-07-21,21.85852719540698,21.968346969988584,21.744315367157494,21.801422119140625,4016400
2011-07-22,21.889279282281457,21.977133765420344,21.726744801897436,21.920028686523438,2068500
2011-07-25,21.65646024243226,21.818993047343163,21.594961433856074,21.770673751831055,1690500
2011-07-26,21.8497418912781,22.025452515554264,21.7750635772803,21.89366912841797,2658200
2011-07-27,21.86293212161468,21.86293212161468,21.480759579546582,21.537864685058594,2347300
2011-07-28,21.652066847296787,21.792636022682334,21.577388530282544,21.612531661987305,1872300
2011-07-29,21.38850087871318,21.61692623425855,21.357751472747164,21.467571258544922,2693600
2011-08-01,22.073774726301615,22.095738346109805,21.60374622439592,21.814599990844727,5633400
2011-08-02,21.999098653961276,22.047417948504872,21.647674025055277,21.65645980834961,3560200
2011-08-03,21.57300002024085,21.625713050739844,21.230362808421873,21.599355697631836,3714600
2011-08-04,21.05025420682754,21.16446771415435,20.42647867319449,20.50994110107422,7840500
2011-08-05,20.272734729439144,20.373768739265444,19.719242026909043,20.241985321044922,8876500
2011-08-08,19.53035023282982,19.86420331883818,18.678149301407228,18.809932708740234,10034700
2011-08-09,19.073501197437803,19.749991537029164,18.68254299522582,19.732419967651367,7331200
2011-08-10,18.73086476133753,18.87582770122865,18.181765763053868,18.238872528076172,9997100
2011-08-11,18.493649441515924,19.59184719162297,18.392615449592093,19.372207641601562,6571000
2011-08-12,19.728018281305133,19.872981144320732,19.530342411609436,19.556699752807617,5772500
2011-08-15,19.613816183930513,19.890560862601113,19.613816183930513,19.820276260375977,3865800
2011-08-16,19.670924737551,19.995992127448112,19.626997481813437,19.780744552612305,4019100
2011-08-17,19.993725161638068,20.122400753181772,19.709747181605415,19.87392234802246,2702200
2011-08-18,18.844505852286048,18.919936306665367,18.36529463870434,18.689205169677734,6640600
2011-08-19,18.538337281603493,19.02198474584628,18.502841105145297,18.529462814331055,3455600
2011-08-22,18.98205169358752,18.995364241656457,18.542776537840933,18.59602165222168,3164100
2011-08-23,18.693643849272377,19.008679920526745,18.55165571313993,18.999805450439453,4839100
2011-08-24,18.644829885773586,19.07079417481452,18.61377009548716,18.840063095092773,4727300
2011-08-25,18.871125426753242,19.004240766057844,18.396352348286925,18.51171875,4473700
2011-08-26,18.161187146669718,18.462912353364334,17.930456006689596,18.39635467529297,4573000
2011-08-29,18.69808223938738,18.98205854204826,18.667022437073364,18.915502548217773,2149400
2011-08-30,18.848942844219714,19.07967398859297,18.75576344725131,18.999805450439453,2475700
2011-08-31,19.163976565347348,19.461265352601956,19.141791239165812,19.32815170288086,2708200
2011-09-01,19.35477803425476,19.48789171572962,19.057490868715316,19.092987060546875,2366900
2011-09-02,18.89775298928578,18.968747062633625,18.72470504128993,18.81788444519043,2908400
2011-09-06,17.997015481930028,18.24105750484146,17.87277458329901,18.223308563232422,4284700
2011-09-07,18.489530793411117,18.751321685389623,18.3919150268751,18.7025146484375,2666600
2011-09-08,18.427417886445845,18.68033440174583,18.280993337255925,18.34311294555664,2482500
2011-09-09,18.125689873651336,18.183373083735002,17.695289070316015,17.770719528198242,4788500
2011-09-12,17.26931808308223,17.566606827074306,17.08739572665662,17.491174697875977,4383100
2011-09-13,17.4867403276822,17.681973561876237,17.36250115070707,17.619853973388672,3017300
2011-09-14,17.730787698973348,17.89496288160573,17.380253694065107,17.739662170410156,2343300
2011-09-15,18.32092887448716,18.42741915529742,18.17006623281221,18.36973762512207,4318700
2011-09-16,18.715832889961746,18.72470736180905,18.338677145929644,18.4851016998291,2545300
2011-09-19,17.695291563127178,17.974829797445665,17.615423012569796,17.912710189819336,3075000
2011-09-20,18.04582013603625,18.223306143293133,17.872772209908394,17.997013092041016,2221500
2011-09-21,17.917148321641314,18.001453261849477,17.353632076757616,17.358068466186523,2540500
2011-09-22,16.683618865069995,16.776799941466106,16.430702427634532,16.68805694580078,5201100
2011-09-23,16.794548131017738,17.122896725656172,16.72355406901915,17.09183692932129,2689500
2011-09-26,17.242698672254974,17.43349552183476,16.892164767898446,17.41131019592285,2685700
2011-09-27,17.80621348401248,18.103500553850527,17.72634496231204,17.810649871826172,4614000
2011-09-28,17.673100347091662,17.797339520982902,17.349188170649274,17.353626251220703,3057800
2011-09-29,17.855021148818864,18.014756490066482,17.531109000879443,17.784027099609375,3306400
2011-09-30,16.945414562376907,17.193894681967173,16.84779876291444,16.87885856628418,4131900
2011-10-03,16.73686934160012,17.003096694239026,16.408520693555385,16.430706024169922,4302700
2011-10-04,16.177784341158787,16.696929712672485,15.880497282509777,16.652557373046875,5400000
2011-10-05,16.528323660025595,16.843359758454746,16.377461040792554,16.732431411743164,4006500
2011-10-06,16.97647081401372,17.544425012448,16.85223162652746,17.522239685058594,4833000
2011-10-07,17.73965956222247,17.7485340323545,17.340318562073758,17.424623489379883,3410200
2011-10-10,17.659794260315756,18.085758748930424,17.659794260315756,18.054698944091797,3156300
2011-10-11,17.8150937512309,18.068010254731437,17.75741053508606,17.939332962036133,2029500
2011-10-12,18.391919442009332,18.604901655532117,18.360859641660102,18.462913513183594,2991400
2011-10-13,18.25436507207435,18.45847278586534,18.13900035768916,18.360857009887695,2180100
2011-10-14,18.511718855166684,18.662581440288026,18.325358394660622,18.471784591674805,2172800
2011-10-17,18.32535935229062,18.32979743326156,18.099066309099122,18.112377166748047,2392700
2011-10-18,17.91714391219108,18.542779610903295,17.775155788556532,18.325359344482422,3122700
2011-10-19,18.44959936560976,18.44959936560976,18.0369458715069,18.094627380371094,2668400
2011-10-20,17.97926859113188,18.107945893526658,17.695292263524387,18.0147647857666,2614200
2011-10-21,18.21443702042505,18.34755071862657,18.134568462977633,18.329803466796875,2077900
2011-10-24,18.551650509117028,18.9021826697588,18.538337961404416,18.795692443847656,2455000
2011-10-25,18.733575280501213,18.74244974924416,18.40079031948406,18.427412033081055,2217100
2011-10-26,18.751317671514762,18.817875323542264,18.347538757705394,18.782379150390625,2704200
2011-10-27,19.958228231572793,20.0336603886179,19.598819773579162,19.896108627319336,5295100
2011-10-28,20.339817899952372,20.38418855324918,20.04696718735043,20.14458465576172,3994300
2011-10-31,19.54113772773234,19.660940543854682,19.35921530902039,19.372526168823242,4028700
2011-11-01,18.582715114065866,19.075237191251443,18.49397210772604,18.82231903076172,4009800
2011-11-02,19.172846171169557,19.412451695470917,18.995361914104127,19.221654891967773,2846800
2011-11-03,19.27047717109986,19.39471640772112,18.919943104766837,19.31041145324707,3043800
2011-11-04,19.310408398602192,19.34146820284427,19.03530654990136,19.243850708007812,2086100
2011-11-07,19.132923189673225,19.26603688405682,18.946564356062677,19.261600494384766,1892700
2011-11-08,19.310405500772422,19.49676429825881,19.070799881748094,19.43464469909668,2287900
2011-11-09,17.890513581902603,17.97038208212254,17.60653744451229,17.744089126586914,7552600
2011-11-10,17.699722499117126,17.75296761887268,17.380248395320123,17.575483322143555,3797700
2011-11-11,17.637598418758756,17.9260126548602,17.597664165954424,17.855018615722656,2295800
2011-11-14,17.779592517541904,17.79734145649427,17.615419063812464,17.73522186279297,2511000
2011-11-15,17.584361792677203,17.792905931109647,17.53111496817204,17.708600997924805,1952700
2011-11-16,17.295948729160834,17.3935662221911,17.047468607189405,17.05634307861328,5979400
2011-11-17,16.985345003989647,17.038591820006385,16.656998101712873,16.710243225097656,2835800
2011-11-18,16.90104071622793,16.923226044081837,16.736867258950575,16.852231979370117,2022300
2011-11-21,16.368582196557362,16.421827314815783,16.21771961763201,16.377456665039062,2776700
2011-11-22,16.467297108603802,16.678416851509944,16.4133948153063,16.539167404174805,5009800
2011-11-23,16.332542953416155,16.597565029128674,16.045061728275105,16.094472885131836,5666900
2011-11-25,16.0899770342053,16.43136221070105,16.085485890564307,16.13489532470703,2302400
2011-11-28,17.042260696839534,17.118623855223444,16.898520095376668,16.99285125732422,4487400
2011-11-29,16.889534075549648,17.073701806263866,16.858090929831825,16.91199493408203,3077000
2011-11-30,17.648661651818035,17.774434204721686,17.410589973578602,17.58577537536621,3820700
2011-12-01,17.653160115306527,17.68460326657227,17.34771089141939,17.446533203125,2163600
2011-12-02,18.0709040342923,18.079888035212054,17.711552565116904,17.774438858032227,2258400
2011-12-05,18.353896371796505,18.353896371796505,18.01251114804827,18.120317459106445,2533400
2011-12-06,17.868768924365725,17.927164075631563,17.747487477978076,17.823850631713867,1744200
2011-12-07,17.67561593078661,18.165232825544894,17.58577935184028,18.07988739013672,2053400
2011-12-08,17.837328386608323,17.877755541319157,17.464501705184656,17.518404006958008,2500300
2011-12-09,17.464498650671935,17.81486612120494,17.464498650671935,17.75197982788086,2186900
2011-12-12,17.302790580722338,17.316265725833517,17.02878453997478,17.15904998779297,2072700
2011-12-13,17.141078011920435,17.392624847998707,16.835628894369187,16.974878311157227,2532700
2011-12-14,16.77723998472501,16.86258715172329,16.615533080276034,16.69189453125,2319200
2011-12-15,16.96589594420605,16.988355087520265,16.68290594058309,16.709857940673828,1560000
2011-12-16,16.844619146721204,16.92996460019621,16.602056219762833,16.69189453125,1943600
2011-12-19,16.76375971841898,16.840122859596445,16.47178572362951,16.48975372314453,1792900
2011-12-20,16.983863380894977,17.105144806996076,16.97038652453525,17.073699951171875,2603600
2011-12-21,17.141080571740392,17.154555715740333,16.777236262035995,17.0242919921875,1695000
2011-12-22,17.05573138205931,17.311769342823897,17.00632024690781,17.230915069580078,1704500
2011-12-23,17.262363590279488,17.325249886072804,17.17701814792042,17.298297882080078,876900
2011-12-27,17.275843965810775,17.325255131328582,17.199482501664033,17.22643280029297,678300
2011-12-28,17.177021900994525,17.1904970491736,16.885047791276087,16.907506942749023,1433100
2011-12-29,16.835634828196685,17.123116048740663,16.817666823531876,17.091672897338867,1831800
2011-12-30,17.08268116092959,17.168028287685434,17.060222022028434,17.114124298095703,743800
2012-01-03,17.4465317988392,17.751980998140482,17.442040654815543,17.621715545654297,2485500
2012-01-04,17.58128800693081,17.644174303011198,17.40161312006156,17.630699157714844,1720700
2012-01-05,17.410592257465474,17.45551225619681,17.24888540260091,17.428560256958008,2005100
2012-01-06,17.343216435753877,17.343216435753877,17.141080706550575,17.208459854125977,1361700
2012-01-09,17.19049558935035,17.199479591881282,17.00632782127439,17.186002731323242,1996600
2012-01-10,17.455517702635216,17.63519261305415,17.397122542825507,17.518404006958008,2529500
2012-01-11,17.311768241937333,17.35668651820635,17.181502841825825,17.316259384155273,3857200
2012-01-12,17.40610402874857,17.415088029999072,17.114129985437767,17.365676879882812,4507600
2012-01-13,17.275839744235977,17.365678049267604,17.042260836563006,17.338726043701172,2285000
2012-01-17,17.734014239557307,17.841820552444787,17.64417593107161,17.720539093017578,2035500
2012-01-18,17.787918780358048,18.030481729773225,17.751984480550295,18.02149772644043,1852200
2012-01-19,18.44822830252433,18.62341208220637,18.380849134866587,18.582984924316406,3123100
2012-01-20,18.883936187220545,19.059119903366845,18.78511390076969,19.045644760131836,2340800
2012-01-23,19.06361767791778,19.23880316852546,18.910893051878556,19.005224227905273,1433400
2012-01-24,18.80308621072158,18.96928596496582,18.735707052056604,18.96928596496582,1118500
2012-01-25,18.699768598940025,18.973774603410753,18.56501202510012,18.87495231628418,3529800
2012-01-26,19.068100714822883,19.086068711813507,18.915376167447583,18.946819305419922,2743400
2012-01-27,18.98724851016938,19.180400215052355,18.982755653671063,19.13098907470703,1436200
2012-01-30,18.551539821723797,18.62790298461914,18.484162374664265,18.62790298461914,2192100
2012-01-31,18.856985435868317,18.8704605799956,18.65934256340221,18.789608001708984,1420800
2012-02-01,19.175911300015724,19.364571900700817,19.13548415083485,19.21184730529785,2581400
2012-02-02,19.31965305982825,19.396016218898936,19.229816468248355,19.391523361206055,1330600
2012-02-03,19.74638161339172,19.944026206198384,19.679004176908236,19.91707420349121,2428100
2012-02-06,19.741889337177373,19.849693914775752,19.719430192971284,19.795791625976562,982800
2012-02-07,19.87215529603968,20.087766170439604,19.8452032941686,19.970975875854492,2188500
2012-02-08,20.101239899645034,20.191078186035156,19.966483326821244,20.191078186035156,2273600
2012-02-09,20.3797370452839,20.397705045266484,20.15514218606999,20.191078186035156,1530600
2012-02-10,19.7553699680449,19.773337973809525,19.638581357621508,19.737401962280273,1627800
2012-02-13,20.002423849380634,20.047343863341716,19.881142381970697,20.01140785217285,1429400
2012-02-14,19.786810776973052,19.84071307435709,19.63857903078616,19.791303634643555,1276100
2012-02-15,20.240487528548822,20.307864952205147,20.110222110548232,20.168617248535156,2269200
2012-02-16,20.13718035137347,20.433645562535027,20.087769197259348,20.40220069885254,1904300
2012-02-17,20.671712477530964,20.671712477530964,20.48754474877761,20.577383041381836,1630300
2012-02-21,20.532460615335093,20.613314897785198,20.433640047302625,20.505510330200195,1530000
2012-02-22,20.307866775316526,20.3662619185458,20.191078202380776,20.294391632080078,1716500
2012-02-23,20.191084388124633,20.379743305323682,20.1147212215036,20.366268157958984,2198600
2012-02-24,20.357278722149648,20.55941444628966,20.343803578381266,20.483051300048828,1316600
2012-02-27,19.62509965845828,19.75536509785312,19.45440878634392,19.74188995361328,3469700
2012-02-28,19.81376530082017,20.123705692076744,19.764354141303176,20.105737686157227,2967400
2012-02-29,20.132689093208036,20.236002553871867,19.87665101384043,19.953012466430664,4624100
2012-03-01,20.17760451936518,20.36177397801965,20.16862223147658,20.348297119140625,1871600
2012-03-02,20.316857135370743,20.339316285636443,20.195575667707963,20.240495681762695,983600
2012-03-05,19.96648406982422,19.997927214202424,19.845202635712788,19.96648406982422,1511700
2012-03-06,19.43195176120006,19.64307153472678,19.274736002312032,19.387033462524414,2529100
2012-03-07,19.422962875181373,19.56670343834919,19.369058878851433,19.5307674407959,2910700
2012-03-08,19.67900002512653,19.849690865691514,19.584668892314443,19.777820587158203,1826000
2012-03-09,19.562219058485585,19.70595968393829,19.53526876216534,19.638582229614258,2035400
2012-03-12,19.52627883202336,19.634083411628982,19.391520537231983,19.580181121826172,2559600
2012-03-13,19.988946355568128,20.393217866146173,19.93055120103505,20.3752498626709,2847100
2012-03-14,20.676359222690117,20.72654483940811,20.48474331200031,20.562301635742188,1986000
2012-03-15,20.44824730994917,20.63530171276061,20.35700087776241,20.61705207824707,2131400
2012-03-16,20.968348861221017,21.023097762543056,20.886227249618827,20.927288055419922,2941800
2012-03-19,20.808666244129792,20.995720615337284,20.790416612699634,20.913599014282227,1727700
2012-03-20,20.46649516513588,20.58967757682157,20.39349837380889,20.493867874145508,2068800
2012-03-21,20.507560981317702,20.544058515711228,20.407189716068395,20.47106170654297,1254900
2012-03-22,20.22468945281589,20.39805570875675,20.21100136075077,20.338747024536133,1488800
2012-03-23,20.0604469598256,20.293123648356136,19.98745018103362,20.25662612915039,1537200
2012-03-26,20.265746193362435,20.534922101495418,20.252059843240833,20.489299774169922,1588100
2012-03-27,20.76760816698507,20.77216970525047,20.498432159423828,20.498432159423828,1446200
2012-03-28,20.43455496708983,20.448241318774524,20.192751731584227,20.338747024536133,2049800
2012-03-29,20.046758592821146,20.078694574331607,19.850579426182335,20.055883407592773,3355800
2012-03-30,20.17906506871204,20.311372267558472,20.106068293552006,20.25206184387207,1693500
2012-04-02,20.019389594548784,20.52124231721977,19.960079157744865,20.388935089111328,1904400
2012-04-03,20.544050193539046,20.566863101222598,20.302248687441836,20.439117431640625,9042500
2012-04-04,20.18819000005677,20.31137238517395,20.07413242943498,20.23381233215332,7813100
2012-04-05,19.923578622350753,20.08782182741537,19.887081099214544,20.00113868713379,2244600
2012-04-09,19.78214771633336,19.960077269532288,19.754773269540976,19.855144500732422,1342000
2012-04-10,19.791278866875057,19.82321486149818,19.298549109179188,19.353296279907227,3229700
2012-04-11,19.695465083618583,19.786711509614605,19.544909960048845,19.590532302856445,2329600
2012-04-12,19.66809014793286,20.069573332644566,19.654403794715847,19.9600772857666,2284400
2012-04-13,19.87339053389198,19.87339053389198,19.581401708779058,19.599651336669922,2162000
2012-04-16,19.78214654983556,19.80951925463323,19.558592931831654,19.658964157104492,2357500
2012-04-17,19.96920466952154,20.160820600725067,19.864271887141392,20.096948623657227,2350300
2012-04-18,20.087826830311283,20.279444530736168,20.078702012159518,20.18819808959961,1964800
2012-04-19,20.388927471396148,20.4984234876334,20.165375642966126,20.274869918823242,2170100
2012-04-20,20.448245525915247,20.498431146258504,20.334187930728135,20.388935089111328,1617400
2012-04-23,20.019390049316637,20.14713400190623,19.90989398968211,20.133447647094727,1516500
2012-04-24,20.069576085700362,20.420871962584123,20.060451268843778,20.4117488861084,2276500
2012-04-25,20.480183838956854,20.594241447095737,20.334190239769562,20.457372665405273,1438200
2012-04-26,20.270311782463295,20.635295663839972,20.242937338717386,20.557737350463867,2441900
2012-04-27,20.731103486406205,20.867973963963244,20.580548397626046,20.79497718811035,3138700
2012-04-30,20.70373128503011,20.726542451715723,20.489302489348333,20.607921600341797,1210000
2012-05-01,20.717419307553264,21.04590570353168,20.690044861094865,20.968345642089844,1981500
2012-05-02,20.74935794580777,20.88622671484673,20.70373560292172,20.87710189819336,1942000
2012-05-03,20.918158619604373,20.95009460146669,20.694606746568137,20.808664321899414,1854500
2012-05-04,20.648988487377054,20.694612574586515,20.357001290760397,20.475622177124023,1717200
2012-05-07,20.39349689436584,20.607923974369093,20.370685725052383,20.562301635742188,2009400
2012-05-08,20.60336554258021,20.667237522438736,20.247506374579334,20.434560775756836,3166100
2012-05-09,20.065011930231684,20.37524872827462,19.969203967995693,20.28400230407715,2103900
2012-05-10,20.57599109104902,20.62617671533241,20.425435958579772,20.434560775756836,2046700
2012-05-11,20.060449490897646,20.384372628883394,20.033075042754074,20.183631896972656,1834000
2012-05-14,19.98745173258125,20.13344530149812,19.90076685452518,19.9600772857666,1596600
2012-05-15,19.950953778268744,20.069574648529102,19.832334648389118,19.919017791748047,2265300
2012-05-16,19.80376870796814,19.882136492784277,19.513351572045668,19.52256965637207,2743400
2012-05-17,19.107695670188498,19.186061730910037,18.923302249599253,18.941741943359375,3623500
2012-05-18,18.775781598223322,18.831098901498812,18.51302220953304,18.6052188873291,4583600
2012-05-21,18.67436491491006,18.91407557169963,18.63287649818676,18.904855728149414,2462800
2012-05-22,18.927906036376953,19.1583968474256,18.826489516793842,18.927906036376953,2022000
2012-05-23,18.637492739650227,18.697420860967465,18.35629358405304,18.69281005859375,3264000
2012-05-24,18.674359537214062,18.789604910646275,18.49918783572058,18.678970336914062,2837400
2012-05-25,18.549906517626084,18.628272571566647,18.480758551261957,18.54529571533203,1464500
2012-05-29,18.56834387383511,18.660540573284813,18.44387859335388,18.6236629486084,2086500
2012-05-30,18.13962732996238,18.162677819401257,18.005943987146328,18.033601760864258,3074700
2012-05-31,18.088923904985112,18.333243659785154,17.867651126536842,18.208778381347656,2634000
2012-06-01,18.010554084863514,18.070482195604956,17.77545420196333,17.83538055419922,2068300
2012-06-04,17.946017094401608,18.019774093483306,17.79850309623821,18.005945205688477,2102500
2012-06-05,17.895308566673425,18.18572751566582,17.895308566673425,18.167287826538086,1900200
2012-06-06,18.536073195019362,19.020103614218865,18.51302446239188,18.923297882080078,4158300
2012-06-07,19.402708794028886,19.42114847358835,19.09846111531622,19.13072967529297,2898700
2012-06-08,18.858756888043875,19.084638642221474,18.752731332737728,19.052370071411133,2094700
2012-06-11,19.37506334624305,19.379674148733923,18.900252683025517,18.914081573486328,2069000
2012-06-12,19.218324780979355,19.448815611082992,19.093859521702733,19.421157836914062,2254800
2012-06-13,19.425766879773725,19.610160247258825,19.305912421862242,19.421157836914062,2249800
2012-06-14,19.49951977640826,19.67008246245237,19.4257627966185,19.614765167236328,2382400
2012-06-15,19.85448000367946,19.919017154875128,19.711575055670853,19.85909080505371,2362700
2012-06-18,19.706961153799742,19.854475108305675,19.64703306024888,19.78993797302246,1654100
2012-06-19,20.172559331099798,20.444538616747543,20.117242016978174,20.324684143066406,2667400
2012-06-20,20.573608997102614,20.63814613879042,20.329287556920626,20.46297264099121,2225600
2012-06-21,20.41688493009747,20.439933669057872,19.937463422294485,19.960512161254883,1824700
2012-06-22,20.306239898614002,20.338508471157688,20.163336722636345,20.23248291015625,1635300
2012-06-25,20.071136320120523,20.089576003436942,19.895962845624513,19.965110778808594,2007700
2012-06-26,20.204831464481654,20.260148783517938,20.038877748866923,20.218660354614258,1479200
2012-06-27,20.412267903646775,20.628929852529183,20.329291061883534,20.55056381225586,1912100
2012-06-28,19.75307023058549,20.14951487608251,19.6516554262418,20.140295028686523,3203700
2012-06-29,20.532121054815935,20.5828293125936,20.27397072363204,20.34311866760254,2081300
2012-07-02,20.486020591808472,20.72112218018711,20.421483452568896,20.702682495117188,1598200
2012-07-03,20.601267652930424,20.684244483954966,20.545950351749163,20.661195755004883,821700
2012-07-05,20.273969884764895,20.366166553409023,20.140284803156167,20.315458297729492,1534700
2012-07-06,20.246311795959166,20.329288627787303,20.135677192525193,20.23248291015625,1408700
2012-07-09,20.126460365555207,20.181777675562728,19.96050667702706,20.172557830810547,2131300
2012-07-10,20.28319599755071,20.33851331243515,20.098802603261593,20.163341522216797,1354200
2012-07-11,20.380000844624924,20.476806581054497,20.209438105414865,20.338512420654297,1519000
2012-07-12,19.79916320847804,19.895968937773688,19.619380637355967,19.812992095947266,1528400
2012-07-13,19.859092884915114,20.163340742777052,19.854482083057967,20.103412628173828,1343000
2012-07-16,20.029654846108528,20.149509312148478,19.909798621562977,20.04348373413086,1072200
2012-07-17,19.88213821908629,19.96511505327024,19.591719299442463,19.951284408569336,2181200
2012-07-18,19.51335466649772,19.748454541218134,19.499524020804405,19.69774627685547,3411300
2012-07-19,19.780722401544644,19.997384338346684,19.74845382693652,19.8729190826416,2072100
2012-07-20,19.458039476985725,19.462650279303848,19.13074285263269,19.227548599243164,4245600
2012-07-23,18.434660287181746,18.62366272748193,18.379341213065285,18.58217430114746,3783900
2012-07-24,18.57294617289215,18.577555214426916,18.15345305302946,18.296356201171875,3085000
2012-07-25,18.462315442457797,18.582171660840892,18.365509714267574,18.489974975585938,1657800
2012-07-26,19.20449834603295,19.259815659939512,18.9647876410969,19.001667022705078,3919600
2012-07-27,19.112296183358108,19.527180315242084,19.052369843145577,19.41654396057129,5113200
2012-07-30,19.582500860942314,19.7945520041812,19.50413482220401,19.69774627685547,2208700
2012-07-31,19.287476939174603,19.388893489256507,19.181451345228005,19.2690372467041,1753900
2012-08-01,19.439598751434197,19.554844184179732,19.356623657682697,19.39350128173828,1851200
2012-08-02,19.282864025911966,19.51796390296402,19.14456811864022,19.301301956176758,2110400
2012-08-03,19.914410143456042,20.320074539003006,19.88214156456652,20.13568115234375,2222000
2012-08-06,20.0987996917766,20.273973215125288,20.03887334204336,20.061922073364258,2235100
2012-08-07,20.108023187354082,20.34312486163281,20.098803341450427,20.15873146057129,1391100
2012-08-08,20.12646246818228,20.361562379154506,20.121853424577466,20.310855865478516,1401500
2012-08-09,20.361560306754686,20.458367797660312,20.306242996598318,20.40765953063965,1100000
2012-08-10,20.370780269329057,20.54595380409371,20.324682803683114,20.51368522644043,1561300
2012-08-13,20.4952490714263,20.541348303528192,20.416883014611933,20.50446891784668,995300
2012-08-14,20.504458599795502,20.61970398429874,20.49062971637672,20.541337966918945,1205000
2012-08-15,20.569279483895272,20.718300129039935,20.545995618744403,20.5506534576416,1620600
2012-08-16,20.69036387635858,20.79281504174965,20.583256647288604,20.718305587768555,1302200
2012-08-17,20.825413884875804,20.87663947019846,20.718306650312805,20.844039916992188,890000
2012-08-20,20.648451798041663,20.72761731417028,20.532030667420422,20.676393508911133,1266400
2012-08-21,20.774183048587314,20.997711365494393,20.722957476212642,20.778839111328125,1470200
2012-08-22,20.657762933857263,20.806781818970688,20.587909554265558,20.699674606323242,1081900
2012-08-23,20.708993440140315,20.792816805033166,20.592572297394206,20.615856170654297,1073100
2012-08-24,20.40629571143393,20.592570231720472,20.336442322215106,20.513402938842773,1128700
2012-08-27,20.522718674925333,20.569286420932148,20.46217918395996,20.46217918395996,697900
2012-08-28,20.424923280535214,20.634481669302115,20.415609376984968,20.573942184448242,779200
2012-08-29,20.476150191914083,20.546001808410114,20.42492460728298,20.485464096069336,585100
2012-08-30,20.29453214917174,20.341099890398233,20.10359979138493,20.25727653503418,1451400
2012-08-31,20.373701249931912,20.434240745336524,20.17345672981692,20.317819595336914,1469800
2012-09-04,20.247959911792254,20.266587716358945,20.103597091068217,20.173450469970703,850600
2012-09-05,20.03839801496385,20.117565282177495,19.95457468565289,20.061683654785156,1502700
2012-09-06,20.252615370586646,20.699671968967202,20.247957531769863,20.611190795898438,2412400
2012-09-07,20.96976925176635,21.08153429626818,20.909231555087764,21.00236701965332,2167300
2012-09-10,20.979086705383384,21.081537865485164,20.895263351926552,20.904577255249023,1269500
2012-09-11,21.07222510395239,21.211930108468497,21.07222510395239,21.137420654296875,1778100
2012-09-12,21.412169590831937,21.547218500066137,21.28643458324614,21.328346252441406,1993600
2012-09-13,21.151392691289548,21.733498414098428,21.058257196796678,21.65898895263672,2620900
2012-09-14,21.99893447476175,22.18520719122422,21.989620572471843,22.08275604248047,1966600
2012-09-17,22.166581348992242,22.185209155221127,21.98030861603955,22.03153419494629,1124500
2012-09-18,21.710210906684303,21.929083190288864,21.68227097359122,21.919769287109375,1259000
2012-09-19,22.143293697337956,22.259714801715592,22.008244789913075,22.189863204956055,1717600
2012-09-20,21.98496092432656,22.194519267495327,21.901137587059058,22.189863204956055,1290000
2012-09-21,22.22246543334646,22.2364354002139,22.096730402203214,22.171239852905273,1363300
2012-09-24,21.961684630280182,22.22712469765907,21.9337429160761,22.133987426757812,1433200
2012-09-25,22.09207823688247,22.227127206108005,21.78938429284988,21.803354263305664,1210900
2012-09-26,21.640358065377317,21.682269739076023,21.482025273231685,21.635700225830078,1606000
2012-09-27,21.966340281164634,22.022223708521448,21.789381423871685,21.989625930786133,1558400
2012-09-28,21.80800476017214,21.831288628572466,21.561190781081855,21.635700225830078,1446400
2012-10-01,22.03618739857449,22.287657420694206,21.957021897043365,22.003589630126953,1442700
2012-10-02,22.143291340694194,22.14794917918282,21.80799980375331,21.882509231567383,920700
2012-10-03,22.092066574672817,22.096724413329838,21.961675515395445,22.01755714416504,923700
2012-10-04,22.25040018840913,22.38544909151384,22.152606890207107,22.3668212890625,1249200
2012-10-05,22.664866583613822,22.795259467827908,22.418054336353322,22.478593826293945,1437200
2012-10-08,22.27369072656563,22.329572369760218,22.21315124351167,22.283002853393555,937900
2012-10-09,22.16193305682628,22.217814718662673,21.9803163235235,22.026884078979492,1020900
2012-10-10,22.12932336256038,22.143293326389244,21.924422861808495,21.984960556030273,870200
2012-10-11,22.380801060111178,22.43202487056568,22.236438203978526,22.250408172607422,1124600
2012-10-12,22.334225338144954,22.445990385491374,22.21314816526106,22.315597534179688,1347900
2012-10-15,22.45996003171899,22.632262774841205,22.39476449521032,22.590351104736328,1474700
2012-10-16,22.921000333450134,23.014135847543134,22.888402548228374,22.94894027709961,2092000
2012-10-17,23.000165517929396,23.14918446989534,22.981537704822145,23.116586685180664,1086500
2012-10-18,23.149172919570198,23.25628012682649,22.96290021077692,23.065349578857422,1463500
2012-10-19,23.060689211228734,23.074659173257945,22.809219236034043,22.865100860595703,1377200
2012-10-22,23.08397543799477,23.186426573889573,22.953584375179563,23.172454833984375,1523400
2012-10-23,22.753340999443775,22.883732068317812,22.674173724452338,22.823192596435547,1874800
2012-10-24,23.015893615350937,23.086392518292424,22.893692648267553,22.96419334411621,1321900
2012-10-25,23.438891521831675,23.467092157681897,23.185092970808093,23.316692352294922,1465900
2012-10-26,23.133391734407656,23.269690319717785,23.04409062106888,23.161590576171875,1686800
2012-10-31,23.30258683657496,23.307286044867475,23.062885976804004,23.199186325073242,1303900
2012-11-01,23.420097085295257,23.71619574667084,23.396595654757494,23.66449546813965,2371500
2012-11-02,23.640994181126786,23.64569518406933,23.363694173457652,23.45299530029297,1590500
2012-11-05,23.203894287681123,23.330794474335324,23.170994438501218,23.274394989013672,1309700
2012-11-06,23.241495183723725,23.495295557511408,23.232094970667813,23.47179412841797,1266200
2012-11-07,23.100502522559818,23.109900945535554,22.837301856542854,22.940702438354492,1974300
2012-11-08,22.771495663954227,22.903095063092906,22.574094772338867,22.574094772338867,1793900
2012-11-09,22.31089894847511,22.606997636012007,22.31089894847511,22.517698287963867,1667600
2012-11-12,22.6023006439209,22.668100358721464,22.484800640946244,22.6023006439209,822900
2012-11-13,22.470703419730853,22.762102953693542,22.44250277080236,22.5553035736084,1041900
2012-11-14,22.715092439829522,22.743291281914924,22.310892302806288,22.32969093322754,2168600
2012-11-15,22.52710071707339,22.639899715917437,22.36260143004759,22.470701217651367,1508200
2012-11-16,22.36729543337995,22.475395195814233,22.188694968402412,22.442495346069336,1621500
2012-11-19,22.978293925186666,23.17099380493164,22.95949349962441,23.17099380493164,3292100
2012-11-20,22.8325955690353,23.067595514572965,22.79969392718531,23.04409408569336,2027300
2012-11-21,23.147494787623415,23.232094912005692,23.062894663241142,23.208595275878906,1478400
2012-11-23,23.514100528126935,23.622200318043504,23.48590167426649,23.60810089111328,850400
2012-11-26,23.340199928283692,23.434200286865234,23.293200645446777,23.434200286865234,1303200
2012-11-27,23.39189338684082,23.49059292773167,23.279092630889,23.39189338684082,1148400
2012-11-28,23.2368012405395,23.52820255508428,23.13810166282652,23.500001907348633,1405200
2012-11-29,23.824293748054515,23.89949365864164,23.72559420157903,23.828994750976562,1617100
2012-11-30,24.063997264446513,24.12039675518054,23.984096342408115,24.031097412109375,2171500
2012-12-03,24.10158884612481,24.143888899272188,23.984088897705078,23.984088897705078,1325800
2012-12-04,24.101591711554846,24.15799298439483,24.031092809865573,24.073392868041992,1671300
2012-12-05,24.294304182406695,24.505804583018374,24.242605678175458,24.378904342651367,2920700
2012-12-06,24.388290380092858,24.40238980096675,24.261390213506772,24.322490692138672,1517600
2012-12-07,24.143897829587292,24.3130981047604,24.096898549998134,24.28959846496582,1921400
2012-12-10,24.195596203210147,24.298996761634374,24.19089699278516,24.223796844482422,1116200
2012-12-11,24.378891291640617,24.468192409041293,24.31779260310102,24.364791870117188,1226700
2012-12-12,24.35540802474812,24.552809023263375,24.322508157146963,24.34130859375,1153600
2012-12-13,24.45408653206233,24.482287162639416,24.28488633441337,24.308387756347656,1695100
2012-12-14,24.350704671928494,24.487003331856133,24.280203943107846,24.454103469848633,1576400
2012-12-17,24.29428993612978,24.510491214922617,24.284889724625135,24.50109100341797,1416000
2012-12-18,24.411802577191388,24.61390274730355,24.39770314906057,24.56220245361328,1514000
2012-12-19,25.00869526569526,25.05099533013171,24.8159953705753,24.825395584106445,2411900
2012-12-20,24.93820129406758,24.94290050531041,24.848900144284,24.933500289916992,1342600
2012-12-21,24.62330005469722,24.80190055918884,24.585700986487677,24.750200271606445,1274700
2012-12-24,24.801894522619854,24.83949358167811,24.72669461159604,24.764293670654297,508700
2012-12-26,24.82538936416379,24.877089629178005,24.731389045311303,24.820690155029297,836300
2012-12-27,24.914695227302158,24.93349565459385,24.637395199925663,24.811296463012695,1045200
2012-12-28,24.595094705486446,24.79249379549012,24.595094705486446,24.69379425048828,886800
2012-12-31,24.67499796218828,24.980498654121256,24.590397825742457,24.94289779663086,1489400
2013-01-02,25.549190508648767,25.596189773498068,25.384689495862162,25.51629066467285,1603200
2013-01-03,25.18729033879658,25.220190182650743,25.01809011731401,25.07448959350586,1339800
2013-01-04,25.13090323357224,25.295402533819676,25.11680201290253,25.229602813720703,1457200
2013-01-07,25.28129405619812,25.328293327185243,25.173194298601928,25.267192840576172,1432900
2013-01-08,24.961700439252276,25.03690036799505,24.872399291246168,24.994600296020508,1892900
2013-01-09,25.21079967503042,25.351799316235763,25.182600822533974,25.23900032043457,1459500
2013-01-10,25.530387909209992,25.652588856052404,25.483388648367143,25.596187591552734,1375900
2013-01-11,25.67139194350239,25.793592911569853,25.535093346221704,25.66669273376465,1636600
2013-01-14,25.676105512106858,25.70430437014827,25.47400532923911,25.610305786132812,1065800
2013-01-15,25.596195055906175,25.774795526424793,25.572695418631795,25.74189567565918,1904700
2013-01-16,25.6807956798897,25.81709608878117,25.60559576341638,25.74659538269043,2837800
2013-01-17,25.95809506573438,26.070895834106878,25.802996026243008,26.019195556640625,1481900
2013-01-18,26.02859053125055,26.061490375215,25.92049078780921,25.990989685058594,1010500
2013-01-22,25.849994974650365,25.97689516512935,25.798294697835885,25.901695251464844,1270600
2013-01-23,25.878191329892573,26.01919092055442,25.873490327556507,25.962791442871094,1057600
2013-01-24,25.95809967092584,26.225999526317462,25.95809967092584,26.075599670410156,1317900
2013-01-25,26.32469792149161,26.484497985379424,26.268298426268743,26.475099563598633,1835300
2013-01-28,26.677193742221068,26.677193742221068,26.413994943638496,26.42339515686035,1144800
2013-01-29,26.550302987393223,26.766502574997908,26.498602696246916,26.719501495361328,1704800
2013-01-30,26.855797614316632,26.963897390719556,26.79469711707756,26.846397399902344,1952600
2013-01-31,26.766493634087393,26.888692814508136,26.691293724696028,26.724193572998047,1912900
2013-02-01,26.67249169566678,26.7147917542132,26.5690911541295,26.710092544555664,1306700
2013-02-04,26.254198068781736,26.366997055223603,26.075597581856623,26.188398361206055,1533300
2013-02-05,26.2118965840245,26.296496715737494,26.099095810771356,26.16019630432129,1274700
2013-02-06,26.02389621536324,26.32939689399084,25.990996362945804,26.310596466064453,764000
2013-02-07,26.127301374808027,26.146101806043546,25.817101431053203,26.005102157592773,1161700
2013-02-08,26.479787917146833,26.7053875984447,26.451587284644518,26.677186965942383,1150100
2013-02-11,26.536193327422453,26.545593540360105,26.376393293296935,26.43279457092285,796300
2013-02-12,26.65370127818172,26.8840020818232,26.65370127818172,26.780601501464844,1327000
2013-02-13,26.80409269232944,26.90279403014276,26.644292660759383,26.724193572998047,827800
2013-02-14,26.451593708287678,26.550295049561495,26.366993583142882,26.470394134521484,906800
2013-02-15,26.63489562367905,26.733596973260635,26.512696428688365,26.5878963470459,1026700
2013-02-19,26.428094870009996,26.611394549056463,26.418694656609233,26.460994720458984,1004000
2013-02-20,26.43749857462503,26.460998214776506,26.169598732501438,26.178998947143555,1163500
2013-02-21,25.873494268635056,25.882894481831975,25.652595533683225,25.718395233154297,1459100
2013-02-22,25.94870728097762,25.99570837068974,25.807707597657753,25.929906845092773,1525300
2013-02-25,26.04270000599412,26.164899217479363,25.553899574237708,25.56800079345703,2072600
2013-02-26,25.5679909317513,25.727790942308758,25.332991021690745,25.51629066467285,1460200
2013-02-27,25.69020170365206,26.000401653372688,25.643202417567178,25.944002151489258,1577300
2013-02-28,26.20249766002308,26.263598156580745,26.05679702758789,26.05679702758789,1846700
2013-03-01,25.51629922161699,25.835899349910477,25.44579850779345,25.770099639892578,1447500
2013-03-04,25.24369413895222,25.356494903564453,25.12149495412068,25.356494903564453,1877300
2013-03-05,25.403503225244542,25.483404168828663,25.323604074568387,25.417604446411133,2491100
2013-03-06,25.412895499754896,25.45049635390427,25.23429502836018,25.365896224975586,2511800
2013-03-07,25.53979378902065,25.558594214693667,25.408194395124088,25.43169403076172,1068600
2013-03-08,25.88759599738828,25.91109563439213,25.71839574230877,25.788894653320312,1570000
2013-03-11,25.62439270338224,25.779491725603094,25.62439270338224,25.765392303466797,1164200
2013-03-12,25.71369196377334,25.727793178779546,25.459891608547842,25.535093307495117,1593100
2013-03-13,25.375298661710747,25.544497141484644,25.314198164818542,25.4833984375,1164700
2013-03-14,25.96279420730404,26.2588928413494,25.896992717942254,26.183692932128906,2132300
2013-03-15,25.859394519709436,25.892294369030743,25.539794446667596,25.6337947845459,2232800
2013-03-18,25.553896753927273,25.704296594344246,25.520996900892783,25.577396392822266,1551100
2013-03-19,25.751300391728506,25.784200248246613,25.34710010546867,25.46929931640625,2482700
2013-03-20,26.04281821697467,26.05715576022838,25.636570200644424,25.75127601623535,2143700
2013-03-21,25.464516345999193,25.727383501080258,25.39760536950124,25.474075317382812,1636400
2013-03-22,25.57923119977629,25.736949725256043,25.450187775372125,25.550554275512695,1622400
2013-03-25,25.631804368340692,25.665259868020787,25.115630676382636,25.249454498291016,1926500
2013-03-26,25.40716046310022,25.502748339159865,25.29723504374711,25.43105697631836,1898300
2013-03-27,25.08217202312681,25.297244367735004,25.058275501100958,25.28768539428711,1571000
2013-03-28,25.57444119283704,25.62701462264184,25.44061924292469,25.493192672729492,1402900
2013-04-01,25.49796403920462,25.58877332799378,25.311568712175863,25.373701095581055,832200
2013-04-02,25.607907633923826,25.74172963155,25.53621623623096,25.65570068359375,1428600
2013-04-03,25.607904623634365,25.636579720790284,25.2494513236833,25.28768539428711,1042800
2013-04-04,25.220774403339618,25.37849290726045,25.144304438944236,25.28768539428711,1258600
2013-04-05,24.88620351098235,25.134731210109592,24.766719145431953,25.106054306030273,1519700
2013-04-08,24.804961768669774,24.996135711669922,24.761947312436977,24.996135711669922,1588200
2013-04-09,24.98657825776429,25.268561527254498,24.967462138534955,25.15863609313965,1333300
2013-04-10,25.259002234860592,25.454956584171427,25.259002234860592,25.36414909362793,1257000
2013-04-11,25.478862697767294,25.5840077654299,25.407171304335087,25.450185775756836,942800
2013-04-12,25.21598777656371,25.39282600688829,25.153857199280573,25.36414909362793,821600
2013-04-15,24.94834798208156,25.039155487559967,24.656805697140875,24.666364669799805,1703600
2013-04-16,24.91967586924154,24.991367266413597,24.733280424419757,24.977027893066406,1207600
2013-04-17,24.58988747169737,24.604225014870543,24.35569726847544,24.50385856628418,1750600
2013-04-18,24.403497567814807,24.403497567814807,24.174087709873756,24.317468643188477,1282200
2013-04-19,24.7237130557541,24.833638490425,24.661580654179296,24.809741973876953,1159100
2013-04-22,24.924450572474157,25.048713566230056,24.685481734092573,24.948347091674805,1043400
2013-04-23,25.077379225137683,25.206422558714525,24.99135033608646,25.106054306030273,918400
2013-04-24,25.30680162157127,25.483638060371753,25.302021223578272,25.402389526367188,1118800
2013-04-25,25.474073489415517,25.57922034390282,25.45017697426492,25.488412857055664,1132100
2013-04-26,25.727378474911767,25.952007877386794,25.655687115134132,25.932889938354492,1297100
2013-04-29,25.985460522316185,26.157518308449674,25.88031551549102,26.10016632080078,831400
2013-04-30,26.25310956563993,26.339138469833898,26.081051757252002,26.219654083251953,1119900
2013-05-01,26.46819138541636,26.472969960403173,26.17186868697811,26.19098663330078,873900
2013-05-02,26.15752263404825,26.43950586946742,26.114508180401693,26.429946899414062,793500
2013-05-03,26.635462472767085,26.731050358278573,26.535096013414293,26.63068389892578,821800
2013-05-06,26.58767769617572,26.721499683526623,26.554222199337996,26.668926239013672,783000
2013-05-07,27.223330861263094,27.271125725012098,27.079949916391342,27.242448806762695,1593200
2013-05-08,27.333250646623043,27.42883853111701,27.223325217570522,27.271120071411133,2064200
2013-05-09,27.07037726815141,27.180302664460253,26.922217823346184,27.013025283813477,1080100
2013-05-10,27.21376440790638,27.34280776977539,27.165971380482507,27.34280776977539,2185900
2013-05-13,27.11340707706853,27.15642154549448,26.979585096715677,27.070392608642578,1122300
2013-05-14,27.084722876213636,27.280679042179255,27.084722876213636,27.271120071411133,895800
2013-05-15,27.467070793192967,27.510085244385273,27.29501298842374,27.428834915161133,2032200
2013-05-16,27.371492917048645,27.52443283865382,27.280685408341718,27.30936050415039,1072200
2013-05-17,27.357148222190627,27.634351073986416,27.290235428679864,27.610454559326172,1182000
2013-05-20,27.720380610585867,28.059715866702238,27.706043066103756,28.01192283630371,1936200
2013-05-21,27.65346863004954,27.854201538225997,27.605673778207162,27.80162811279297,1368600
2013-05-22,27.955894342725728,28.13426390208604,27.55576599608611,27.603973388671875,1539400
2013-05-23,27.049587544796335,27.223137142371787,26.82783054300308,27.121898651123047,1426000
2013-05-24,26.596427950950137,26.683202743530273,26.504833153890864,26.683202743530273,1110200
2013-05-28,27.261698852883754,27.358115486715096,26.842288610560896,26.948347091674805,1037600
2013-05-29,26.692844591483006,26.75551568367854,26.48072945350626,26.683202743530273,1160000
2013-05-30,26.948344963144574,27.112252676013217,26.919419423581573,27.04475975036621,1066400
2013-05-31,26.71693808421348,26.871205753522197,26.44697380065918,26.44697380065918,1760300
2013-06-03,26.683197257597687,26.87603049901787,26.553036934482257,26.851926803588867,2144000
2013-06-04,26.929068553926665,27.083334462000433,26.798906349177923,26.88568115234375,1537900
2013-06-05,26.644646775171296,26.683212341860347,26.398784161422487,26.422889709472656,1235700
2013-06-06,26.268620039088688,26.41806411743164,26.128815971804432,26.41806411743164,1486200
2013-06-07,26.239687083103696,26.56268069326,26.138450444606438,26.500011444091797,1006900
2013-06-10,26.35056793666663,26.37467163766596,26.210763896278205,26.30236053466797,1164100
2013-06-11,25.839560025202307,26.143271795331643,25.747965229319558,25.993825912475586,1678100
2013-06-12,26.408410159378693,26.446977541910144,25.974538139863984,26.003461837768555,1537500
2013-06-13,25.998641603432667,26.321635153790453,25.911866832501975,26.283069610595703,1186500
2013-06-14,25.70939846969056,25.887768048662636,25.59851814436252,25.699756622314453,1502000
2013-06-17,25.926338129116814,26.123991437375807,25.762430373073162,25.93115997314453,1162400
2013-06-18,26.340922533726953,26.437339163707232,26.220402206000166,26.287893295288086,920100
2013-06-19,26.07578161403315,26.205943805796384,25.66601318140388,25.69011688232422,1568300
2013-06-20,25.082695814078892,25.121263210580782,24.750060294726154,24.78380584716797,2470300
2013-06-21,24.909148464681927,24.93807401467912,24.50420179869032,24.769346237182617,1811600
2013-06-24,24.34028806421491,24.581328738160813,24.287258821707706,24.431882858276367,2998700
2013-06-25,25.082693033793735,25.145364126665203,24.76934124742535,25.087514877319336,1414000
2013-06-26,25.22250324465654,25.246606951199848,25.053775459858453,25.155012130737305,1100900
2013-06-27,25.08752101681807,25.270710657743155,25.02484990860953,25.155012130737305,1076900
2013-06-28,25.02965953867527,25.23695463920772,24.957348449020753,25.02001953125,877300
2013-07-01,25.463536043256916,25.680473012450513,25.362299403964688,25.429790496826172,941100
2013-07-02,25.256250319899465,25.502112922808088,25.203221058919368,25.34784698486328,883000
2013-07-03,24.942889175112967,25.24177908900963,24.913963632867087,25.16464614868164,609400
2013-07-05,25.834741190554045,25.873306744621356,25.555133107839353,25.85402488708496,1270700
2013-07-08,25.92634118579645,26.032399698974338,25.781717110823347,25.87813377380371,840900
2013-07-09,25.94562640700974,26.09025049046007,25.791360472796725,26.070968627929688,771500
2013-07-10,26.017931954624594,26.24450894650392,25.926335317976307,26.06131935119629,874100
2013-07-11,26.46625742335784,26.601239564799197,26.258962369576462,26.5385684967041,894900
2013-07-12,26.403592000162956,26.480724931619026,26.31681722240061,26.451799392700195,705900
2013-07-15,26.591601266126617,26.70247973123646,26.504826495346048,26.639808654785156,518200
2013-07-16,26.64463209062989,26.649452094186422,26.48554438835267,26.5674991607666,627300
2013-07-17,26.87603485227971,26.977271492875833,26.794081906747905,26.82782745361328,1524500
2013-07-18,27.150822655559697,27.32437224328185,27.126718954819285,27.194210052490234,1100100
2013-07-19,27.039952151974333,27.194218089095997,26.890506220827394,27.17493438720703,1066500
2013-07-22,27.155633859910694,27.2906160023685,27.141170173937525,27.247228622436523,808400
2013-07-23,27.338837591957958,27.430434241076988,27.11708057439718,27.208675384521484,886300
2013-07-24,27.343647478412247,27.34846748147106,27.039935793877262,27.141172409057617,674100
2013-07-25,27.059224676330665,27.348472729203422,27.020657288484017,27.343652725219727,608500
2013-07-26,27.18456960167028,27.358119198312806,27.035125546001666,27.305089950561523,660800
2013-07-29,27.0110142070398,27.09778898673462,26.84710649417116,27.04475975036621,709800
2013-07-30,27.150822422324886,27.20385166689495,26.95316913556023,27.117076873779297,672200
2013-07-31,27.391859787010887,27.53166380775877,27.290623153639352,27.35811424255371,1100200
2013-08-01,27.54613136101794,27.642548010424346,27.435252857848695,27.62326431274414,773200
2013-08-02,27.75825088758705,27.94626235961914,27.64737053531678,27.94626235961914,1112800
2013-08-05,26.528936654893474,26.866393974725074,26.437341858522597,26.69284439086914,2599700
2013-08-06,26.6928343266353,26.736221706240556,26.38912450839224,26.5385684967041,882800
2013-08-07,26.36985700327254,26.40360255934277,26.11435257146167,26.143278121948242,861300
2013-08-08,26.278253154928375,26.360207939381834,26.07577987391579,26.297536849975586,982300
2013-08-09,26.59161092039083,26.71213127478691,26.528939821186363,26.634998321533203,760100
2013-08-12,26.56268133240994,26.668739816622473,26.48072838660526,26.557861328125,854700
2013-08-13,26.586785352912898,26.851929709312106,26.461443180727922,26.803720474243164,1149400
2013-08-14,26.91943032094281,26.972459578778203,26.82783550040572,26.895326614379883,523000
2013-08-15,26.634997608425383,26.837470915672466,26.485551710937333,26.755517959594727,970200
2013-08-16,26.6446371907138,26.750695679199403,26.591607946471,26.683202743530273,696100
2013-08-19,26.543398262075844,26.625351204131672,26.418056088468425,26.437339782714844,692700
2013-08-20,26.475901223756704,26.69765999519001,26.355380911910046,26.630168914794922,862300
2013-08-21,26.245850545486974,26.294498274299645,25.963688522156154,26.02206802368164,1115300
2013-08-22,26.309092892678255,26.435578095369753,26.21179558364305,26.31882095336914,3267700
2013-08-23,26.474500123471017,26.54260954970124,26.3334209514744,26.484230041503906,826700
2013-08-26,26.401528470060764,26.50368982551729,26.34801484888103,26.382068634033203,526500
2013-08-27,25.876124770044342,26.046395556453373,25.759369462133392,25.817747116088867,1068000
2013-08-28,25.54530907261557,25.87125476483618,25.535581012362773,25.822607040405273,2674800
2013-08-29,25.900451075465963,26.065855978548736,25.861531401426625,25.910179138183594,986500
2013-08-30,25.759365946301514,25.783689810813712,25.350718712804113,25.501527786254883,1410300
2013-09-03,26.265303012482402,26.29935678425831,25.963681239908105,26.119356155395508,1048500
2013-09-04,26.148547873360762,26.46962764278339,26.114494099012266,26.430709838867188,692300
2013-09-05,26.76152058388254,26.995034855994103,26.75179252368697,26.965845108032227,1132100
2013-09-06,27.092331348010052,27.10206126437219,26.878278755418464,26.91233253479004,1035300
2013-09-09,26.83935347392635,27.038813933926,26.829625415391572,27.014488220214844,746600
2013-09-10,27.009632972888742,27.12638827118208,26.970713302929624,27.063146591186523,1005200
2013-09-11,26.824772004700908,27.009636751283544,26.65936709582008,26.99504280090332,955100
2013-09-12,26.98044153690934,27.165306246096048,26.97071162002668,27.02422523498535,745600
2013-09-13,26.970708230855077,27.233410386299685,26.970708230855077,27.189626693725586,652800
2013-09-16,27.36476372267873,27.393953472067974,27.233412634114856,27.252872467041016,1018300
2013-09-17,27.00963284425018,27.11179419371829,26.868551825008318,26.926929473876953,894500
2013-09-18,27.10692827064304,27.710168263689958,26.922063563706526,27.651790618896484,1415800
2013-09-19,27.608009115780753,27.608009115780753,27.272335311797356,27.301523208618164,881700
2013-09-20,27.014491054145736,27.213949679278013,26.819898314582705,26.82476234436035,1363900
2013-09-23,26.88800973356084,26.94152334776988,26.712874943710098,26.892873764038086,713800
2013-09-24,26.819891178131122,26.90259265288643,26.669080314070666,26.78097152709961,892500
2013-09-25,26.732332229614258,26.858817423679174,26.644764843034054,26.732332229614258,777100
2013-09-26,26.586386676555918,26.79070933732909,26.576656760929815,26.742061614990234,844400
2013-09-27,26.654495239257812,26.732332711421815,26.59611574329102,26.654495239257812,903300
2013-09-30,26.367466240127175,26.493951422212337,26.338276495434513,26.39665412902832,975700
2013-10-01,26.513421509183853,26.605852952782044,26.479367721763875,26.591259002685547,1067900
2013-10-02,26.38694058487628,26.5474796295166,26.304237190649275,26.5474796295166,878500
2013-10-03,26.523147250485444,26.547471115412705,26.32368858881481,26.459903717041016,713200
2013-10-04,26.47936502015794,26.673959661954413,26.46477107155042,26.639904022216797,496400
2013-10-07,26.34314727783203,26.464768452972912,26.32855147487666,26.34314727783203,623200
2013-10-08,26.240984659130564,26.270174409893308,26.017202137325235,26.02206802368164,1080100
2013-10-09,26.109636084175516,26.202069375948806,25.9539611100008,26.148555755615234,807100
2013-10-10,26.367477485596932,26.53774642944336,26.35288167912988,26.53774642944336,1088900
2013-10-11,26.85882190756488,26.956119226207267,26.503688271943364,26.926929473876953,1455700
2013-10-14,26.824763343463733,27.11178936161688,26.819899313504923,27.048545837402344,911600
2013-10-15,26.819906376799956,26.83450032631152,26.586393905654177,26.6107177734375,1779300
2013-10-16,26.639901605092405,26.79557841787975,26.600983793739474,26.683685302734375,1621200
2013-10-17,26.59125886853976,26.868555053727675,26.562069112701792,26.834501266479492,1397800
2013-10-18,26.698277182946452,26.902599838059277,26.65935752152024,26.858816146850586,1166900
2013-10-21,26.936662479427426,27.12152722046226,26.926932560868515,27.043689727783203,1270100
2013-10-22,27.131251294940224,27.345303889752568,27.097197515215345,27.252872467041016,1231800
2013-10-23,26.928906550163518,27.09580104951125,26.88963637502052,27.036897659301758,1101800
2013-10-24,27.135065083934172,27.20869571449305,27.0859792452314,27.179243087768555,1015200
2013-10-25,27.05652049243911,27.198872013952887,27.007434664850223,27.14487648010254,1393000
2013-10-28,27.04670210631129,27.203778996687,27.002524113861607,27.120332717895508,1615300
2013-10-29,27.287231653114763,27.32159211152586,27.12033719547321,27.193967819213867,1129500
2013-10-30,27.17434336941854,27.218521386448153,26.943635739096653,26.99272346496582,1068500
2013-10-31,27.01234798317136,27.115431238044827,26.943627061592167,27.017257690429688,1318800
2013-11-01,27.01235389023627,27.115437167652,26.89945494116674,27.100709915161133,994100
2013-11-04,27.871353082379972,27.87626278784758,27.621012406147766,27.738819122314453,1684900
2013-11-05,27.56212486587614,27.60630287791826,27.37559527364218,27.54739761352539,1273900
2013-11-06,27.483583644130235,27.581755329981405,27.346139913429813,27.522851943969727,1343700
2013-11-07,27.454130807425344,27.50812635773842,27.085981370750595,27.130159378051758,982100
2013-11-08,27.076164858593206,27.463949396055664,27.071257023152832,27.45903968811035,1343000
2013-11-11,27.434487894047507,27.488483428955078,27.395219605708398,27.488483428955078,739300
2013-11-12,27.3019589561751,27.409950045950218,27.174334654853787,27.282325744628906,988600
2013-11-13,26.879811871214454,27.125244784792947,26.86017866123162,27.110519409179688,988900
2013-11-14,27.002536346077388,27.16943085176823,26.977993421932723,27.100709915161133,1517200
2013-11-15,27.19396928707947,27.36086375372959,27.164516661492513,27.29214096069336,709700
2013-11-18,27.5768451639353,27.650475794605402,27.463946236744604,27.53266716003418,886500
2013-11-19,27.409944979772522,27.571929711990897,27.351041611011688,27.488483428955078,1361700
2013-11-20,27.596473853972228,27.719190294984195,27.444304793015846,27.50320816040039,575100
2013-11-21,27.478676061847146,27.69465640893292,27.429590215124705,27.650480270385742,842600
2013-11-22,27.483574952941733,27.50811786664327,27.351040971948297,27.50320816040039,1409200
2013-11-25,27.385410921425073,27.488492318217205,27.365775834653736,27.41486167907715,813500
2013-11-26,27.341220670164773,27.51302292122565,27.331403131174994,27.434484481811523,627800
2013-11-27,27.463957894213493,27.557221776478716,27.42468770851939,27.483592987060547,721600
2013-11-29,27.645563944663238,27.709377028131428,27.508122108735975,27.537572860717773,631700
2013-12-02,27.37067857609382,27.42467411841334,27.267597198486328,27.267597198486328,681900
2013-12-03,27.15470038053879,27.184153007493357,26.958353279184482,27.04180145263672,925500
2013-12-04,26.536208259448753,26.762006098787193,26.457669799135182,26.68837547302246,1505900
2013-12-05,26.570567637306855,26.604928095263936,26.37913026511611,26.447851181030273,829400
2013-12-06,26.51166072050953,26.693282412564436,26.51166072050953,26.619651794433594,784100
2013-12-09,26.575475520850546,26.708009518575135,26.546024769692544,26.66874122619629,933700
2013-12-10,26.49202832027748,26.56074923396101,26.42330740659395,26.511661529541016,1128700
2013-12-11,26.438035512761857,26.467486265951706,26.192602582821632,26.22696304321289,989200
2013-12-12,26.128781174892584,26.163141624340266,25.991339377101845,26.06496810913086,1067200
2013-12-13,26.050249326074194,26.094427325467098,25.947167951658933,26.04534149169922,691100
2013-12-16,26.212243578270684,26.36441083074896,26.1729734018214,26.22205924987793,756000
2013-12-17,26.045344428997364,26.104247810662628,25.90299287351029,26.02079963684082,928100
2013-12-18,26.29077511483928,26.5362080353092,26.0404324873574,26.516572952270508,934900
2013-12-19,25.907896376351772,26.413489424660842,25.88335346080382,26.30059051513672,4017000
2013-12-20,26.27604866027832,26.442943126141014,26.246597907334962,26.27604866027832,1529400
2013-12-23,26.536216502151426,26.668750546193028,26.50676386819601,26.585302352905273,955700
2013-12-24,26.7031010612698,26.796364891935298,26.644195815318923,26.771821975708008,420600
2013-12-26,26.820906745821585,26.92398811339598,26.75218583410532,26.796363830566406,751500
2013-12-27,26.963269972416292,26.98781289831814,26.865096396303684,26.87982177734375,1172400
2013-12-30,26.77183275614556,26.91909218531197,26.75710550247525,26.874914169311523,678000
2013-12-31,26.97308349608161,27.071257057558324,26.968173788130056,27.061439514160156,787900
2014-01-02,26.84545007918403,26.8749027014516,26.683465337973477,26.78654670715332,1551300
2014-01-03,26.52638901436472,26.712916675315572,26.521479307626578,26.550931930541992,1021100
2014-01-06,26.806186243423937,26.904359794792946,26.67365222995149,26.683469772338867,1012200
2014-01-07,27.238150064797303,27.42467776167474,27.164519429579215,27.272510528564453,1844900
2014-01-08,27.40994981820242,27.463945362641336,27.252872892109945,27.287233352661133,1691800
2014-01-09,27.198876908971588,27.218511992542613,27.081068280050072,27.16451644897461,1424000
2014-01-10,27.606292876747624,27.62101825125862,27.380493190054157,27.468849182128906,1484400
2014-01-13,27.257776218842583,27.380492664088592,27.125242233276367,27.125242233276367,1422900
2014-01-14,27.301958502555678,27.331411128142634,27.208694663620623,27.29214096069336,897400
2014-01-15,27.390317726202937,27.51303420514874,27.36577480491475,27.43940544128418,1328600
2014-01-16,27.409940194273126,27.409940194273126,27.04179092691049,27.198867797851562,1473500
2014-01-17,27.419762270723606,27.454122724897097,27.292136121646934,27.316680908203125,3629300
2014-01-21,27.478679256875644,27.493404638103534,27.247971630944047,27.3559627532959,1554500
2014-01-22,27.409948340078504,27.41485617453344,27.272506505285516,27.36577033996582,1160500
2014-01-23,27.179239671753333,27.18905721276092,26.87490339053619,26.94853401184082,2294000
2014-01-24,26.46257562980956,26.472393170668397,26.10424381473198,26.11406135559082,1922900
2014-01-27,26.00608280271732,26.114073931666713,25.741014689389917,25.824462890625,1461000
2014-01-28,25.98643537776845,26.06006599846991,25.863718924935668,25.93244171142578,935200
2014-01-29,25.372851300829968,25.60846664873473,25.328673306066303,25.397396087646484,1873200
2014-01-30,25.687016795150086,25.721377262829986,25.57411597562464,25.657564163208008,1366000
2014-01-31,25.191234831913313,25.495571129292905,25.166691914343193,25.274682998657227,1170300
2014-02-03,25.259957374068247,25.284500293216226,24.793634420237808,24.837812423706055,2066700
2014-02-04,25.102877329018693,25.210868406872766,25.043973955873046,25.1765079498291,1414100
2014-02-05,25.068516623935782,25.181415534891393,25.04397370807664,25.093059539794922,1107300
2014-02-06,25.147053464794524,25.402303892862943,25.127418384365185,25.309040069580078,1498000
2014-02-07,25.32376502203205,25.475934084069454,25.201048580148292,25.407211303710938,1551200
2014-02-10,25.201047065242925,25.274677674948755,25.15196124044183,25.22068214416504,1902800
2014-02-11,25.657563321538724,25.79500518774969,25.623202854985983,25.721376419067383,1513500
2014-02-12,26.001159234860854,26.010976774507807,25.878442798030292,25.966798782348633,2224500
2014-02-13,25.93735524097986,26.172970657454865,25.907902611731156,26.153335571289062,1403300
2014-02-14,26.202417801932064,26.276046550884313,26.153330096792747,26.236778259277344,925700
2014-02-18,26.67364570784775,26.95834687744897,26.65892033411963,26.791454315185547,2655500
2014-02-19,26.919083677112557,27.076160601577467,26.649107830220036,26.71782875061035,2542100
2014-02-20,26.67364906055445,26.77673043461651,26.55584043840886,26.66874122619629,1346500
2014-02-21,26.889629349899412,26.973077514024315,26.65892368497545,26.66874122619629,1855300
2014-02-24,25.765559858643012,26.099347050848017,25.706654584278557,26.03553581237793,2308800
2014-02-25,25.790087981377066,25.863716723306467,25.633011084922515,25.71645736694336,1942400
2014-02-26,25.696822497889936,25.78517848693461,25.588833301005366,25.66737174987793,1531000
2014-02-27,25.888267734694107,26.16806114081241,25.853905399859364,26.148426055908203,1194000
2014-02-28,25.996253756412777,26.09933513071299,25.834269007155942,25.91280746459961,1514600
2014-03-03,25.569206884426688,25.68210582590369,25.5299367104321,25.642837524414062,1282700
2014-03-04,25.927533685243144,26.064975522122936,25.84899522523975,25.93735122680664,1004000
2014-03-05,25.70173900400045,25.790095016421006,25.64774345502069,25.687013626098633,1733900
2014-03-06,25.73609461575797,25.86862860940393,25.696824452083106,25.844085693359375,2097600
2014-03-07,25.7115601404633,25.726285520423275,25.49557791435651,25.647747039794922,2144500
2014-03-10,25.34341091276932,25.417039685804514,25.191241785821752,25.333593368530273,2396000
2014-03-11,25.318863522255487,25.35322398477852,25.196147049671865,25.259958267211914,1722700
2014-03-12,25.059911464042038,25.189936106609608,24.984895999819113,25.109920501708984,2207900
2014-03-13,25.274956657322107,25.279956798572996,24.874878586955788,24.929887771606445,2023900
2014-03-14,25.03491451921033,25.164939201115246,24.899887787391908,24.944896697998047,2169300
2014-03-17,24.924888339820324,25.10992409493361,24.91988819842711,24.974897384643555,1321600
2014-03-18,24.874876736575196,25.009901525254957,24.859872498493218,24.919885635375977,1498200
2014-03-19,24.819874949027245,24.829877142255818,24.44480128771053,24.619834899902344,2744900
2014-03-20,24.519808688635013,24.729850877991783,24.434792929227786,24.70984649658203,3758400
2014-03-21,24.89488013393355,25.074915735834214,24.83486890254088,24.92488670349121,1405100
2014-03-24,25.214942325785998,25.249950943780632,25.03990877442597,25.149930953979492,1320400
2014-03-25,25.379983958795556,25.480003981557136,25.274963793371363,25.36998176574707,1980700
2014-03-26,25.5050072151478,25.525011600228925,25.259958267211914,25.259958267211914,1115900
2014-03-27,25.329973920748063,25.38998516899266,25.24495623698863,25.374982833862305,1385800
2014-03-28,25.489998132080306,25.565011694690998,25.40498047185433,25.439987182617188,859700
2014-03-31,25.359973580742285,25.52000481625995,25.289960153668655,25.419986724853516,1858200
2014-04-01,25.660030524783895,25.705039423650202,25.530003969071196,25.630023956298828,1308500
2014-04-02,25.555013656616207,25.595022422686764,25.510004748648317,25.55501365661621,1039500
2014-04-03,25.565016997149012,25.585021381083383,25.369979023096526,25.520008087158203,977500
2014-04-04,25.605025393258174,25.620027727129607,25.384980988621027,25.414987564086914,1705700
2014-04-07,25.359975006690707,25.37997938918593,25.139932522412007,25.159936904907227,1445100
2014-04-08,25.43499455621492,25.49000566301587,25.319972200050767,25.459999084472656,1394700
2014-04-09,25.785054418895502,25.92508125305176,25.645025677016708,25.925081253051758,1917100
2014-04-10,26.130125042152223,26.145127374288858,25.765053667619224,25.78005599975586,2261200
2014-04-11,25.840074596093686,25.960099010541935,25.770061149216936,25.830074310302734,2712100
2014-04-14,25.870076358036126,26.075116517579804,25.850071974733574,26.010103225708008,1587300
2014-04-15,26.050112047465436,26.06011423913789,25.745051878486134,26.000102996826172,1861700
2014-04-16,26.090116117533345,26.090116117533345,25.86007145682652,25.985095977783203,2072900
2014-04-17,25.965102447157488,26.110131409926996,25.940097914061543,26.085126876831055,1210500
2014-04-21,26.085120397161717,26.12512916635573,25.99010243191061,26.050113677978516,1329800
2014-04-22,26.05510589795078,26.11011698500432,25.92008111228441,25.925081253051758,3398000
2014-04-23,25.655037737942514,25.78506434059633,25.645035544836585,25.680042266845703,3962700
2014-04-24,25.83007044019469,25.895081826711987,25.730050427760993,25.840070724487305,1554900
2014-04-25,25.339974847273584,25.46499939712054,25.21995234774552,25.42999267578125,4379100
2014-04-28,25.450000301340204,25.495009221323574,25.229957752378986,25.3649845123291,2560900
2014-04-29,25.660050735151273,25.805077827748857,25.59503740608913,25.760068893432617,1571900
2014-04-30,25.56501524271793,25.695041821645052,25.550012909658232,25.665035247802734,1631000
2014-05-01,25.77505278884771,25.780052929723542,25.62502376217922,25.640026092529297,1376100
2014-05-02,25.54501250172024,25.680037313296513,25.510003878740836,25.540010452270508,1210100
2014-05-05,25.359979233102674,25.43499472610014,25.244956876170264,25.42999267578125,1049600
2014-05-06,25.76505065289775,25.815059692650273,25.605019436422566,25.630023956298828,2093900
2014-05-07,25.29496035836619,25.409982681274418,25.254951598542803,25.409982681274414,1680300
2014-05-08,25.109922194969982,25.269953415562757,25.09491986420273,25.149930953979492,2439700
2014-05-09,25.144936420119215,25.214949861587613,25.06992283614159,25.16994285583496,1363600
2014-05-12,25.610025128720295,25.69004075430264,25.55001388646428,25.660036087036133,1472800
2014-05-13,25.710039245074483,25.75504814338153,25.630023637831133,25.690034866333008,1411900
2014-05-14,25.82006171046807,25.930081979336943,25.800057331501883,25.815059661865234,1239000
2014-05-15,26.27015250140907,26.290156883200783,26.135125785899277,26.195138931274414,2438400
2014-05-16,26.605215999765655,26.6402227098034,26.52019834130069,26.61021614074707,2750800
2014-05-19,26.645236161261142,26.695247134671057,26.550218173367654,26.62023162841797,1779100
2014-05-20,26.4101879784988,26.485201567698503,26.300165758404574,26.36517906188965,1663700
2014-05-21,26.410613123109027,26.440905080034106,26.2944894609216,26.32478141784668,1361000
2014-05-22,26.223797106700818,26.294482815636545,26.183407199011892,26.23894500732422,1127300
2014-05-23,26.132918767244522,26.233896430706103,26.122822734288228,26.20865249633789,1534700
2014-05-27,26.420714728248598,26.461104651716,26.294493087680216,26.35002899169922,1055000
2014-05-28,26.58227131566166,26.58731933252765,26.501489563883695,26.567123413085938,1026400
2014-05-29,26.506544846740482,26.557032733195655,26.45100701604615,26.511592864990234,737900
2014-05-30,26.521688887159208,26.6479105200522,26.501494889648175,26.617618560791016,1003500
2014-06-02,26.668103995704463,26.67820195652773,26.476246592040585,26.587322235107422,1135000
2014-06-03,26.319738362656285,26.43586204673757,26.304590455348645,26.425764083862305,1341100
2014-06-04,26.395464580214572,26.410612484299843,26.259144999381586,26.360122680664062,3063200
2014-06-05,26.355081645256373,26.430813481789226,26.223810047016087,26.395471572875977,910700
2014-06-06,26.4510033902657,26.55702909288169,26.400515510731175,26.486345291137695,893200
2014-06-09,26.572172528666023,26.658002294637825,26.546928593144244,26.627710342407227,677500
2014-06-10,26.501495819770575,26.516641799932746,26.375274182447583,26.491397857666016,1046700
2014-06-11,26.264200943879874,26.33488475913152,26.24400501781097,26.269248962402344,872600
2014-06-12,26.501492204855165,26.506540222224206,26.304584859659247,26.360122680664062,1143500
2014-06-13,26.344979599249132,26.466151289319907,26.314685713736793,26.380321502685547,1094500
2014-06-16,26.314691204789185,26.329839113700892,26.208665472355683,26.259153366088867,1117400
2014-06-17,26.14806558726251,26.264189221344797,26.11272369541089,26.254091262817383,761400
2014-06-18,26.208657755659253,26.32478141784668,26.07738811500929,26.32478141784668,1857900
2014-06-19,26.471196944604248,26.48129490480571,26.269241592552923,26.28438949584961,1147600
2014-06-20,26.168271028164828,26.213708969092185,26.09758529274711,26.148075103759766,1139500
2014-06-23,26.057198558597154,26.092540467636194,25.981464795805156,26.077394485473633,1101400
2014-06-24,25.991556709311386,26.02185059257474,25.885531006873368,25.91582489013672,1532100
2014-06-25,25.774455739342244,25.885531386949648,25.75930976048275,25.86533546447754,1273100
2014-06-26,25.49172415228022,25.70377559041243,25.466478282606857,25.678531646728516,1884600
2014-06-27,25.68862850836742,25.7391163935713,25.592698830094932,25.723970413208008,807400
2014-06-30,25.532113549057044,25.703775058943492,25.51191762413172,25.648237228393555,1068200
2014-07-01,25.819900123332765,25.961267753414585,25.819900123332765,25.870389938354492,1066500
2014-07-02,26.087488704570266,26.14807648097661,26.057196742356552,26.117782592773438,1102000
2014-07-03,26.178368306218907,26.304589950754174,26.17332028787285,26.289443969726562,637100
2014-07-07,26.11273220935184,26.143024168821988,26.042048402602454,26.127878189086914,914700
2014-07-08,25.830001410819538,25.85019733942757,25.64824190532675,25.734073638916016,1660900
2014-07-09,25.75425981687014,25.870385408090154,25.70377193667905,25.86533546447754,908600
2014-07-10,25.345303022631356,25.562404374600856,25.32510710012508,25.547256469726562,1423000
2014-07-11,25.55230641334772,25.633088177383637,25.466474705690644,25.547256469726562,1192200
2014-07-14,25.910777788726683,25.951169637508364,25.77950813216493,25.78960609436035,910300
2014-07-15,25.951166351736955,26.01680020871301,25.804748807425852,25.925920486450195,1016400
2014-07-16,26.223808127243696,26.249053996896052,26.112734389928995,26.14302635192871,790700
2014-07-17,25.920883629870655,25.991567460734398,25.70378219165205,25.764368057250977,1127200
2014-07-18,25.779496974194014,25.850180752979004,25.65832340628509,25.80474090576172,2739400
2014-07-21,25.713871902460212,25.824947558726606,25.622992170240313,25.799701690673828,889300
2014-07-22,26.087479986147777,26.11777386422675,26.036992115338304,26.057188034057617,868200
2014-07-23,26.21370850957824,26.228856415611183,26.10263477927618,26.158172607421875,683000
2014-07-24,26.597420653439244,26.632762553934054,26.496442969458727,26.577224731445312,1399500
2014-07-25,26.72364008233219,26.748884019756964,26.582272491962264,26.668102264404297,994900
2014-07-28,27.08716465884763,27.132604526194022,26.930649132212423,27.092212677001953,2070300
2014-07-29,27.329503748393666,27.349697742398675,27.203282137414927,27.208330154418945,1960000
2014-07-30,27.349705986308873,27.465831598282847,27.238632244839554,27.38504981994629,2039000
2014-07-31,27.137646268170005,27.19823210195693,26.945788880857673,26.955886840820312,1864800
2014-08-01,26.77413614757501,26.875113854152865,26.597426605555935,26.69840431213379,2385300
2014-08-04,27.152797606162384,27.152797606162384,26.885208355280863,27.112407684326172,1712800
2014-08-05,27.01647951385156,27.03667543888946,26.814526041440825,26.91045379638672,1621100
2014-08-06,26.75898424387875,26.880157850154173,26.7337403043182,26.829668045043945,1232900
2014-08-07,26.915497934455676,26.96598581016981,26.582272947170985,26.658004760742188,1294200
2014-08-08,26.65295338085496,26.758979062071145,26.486339945239155,26.753931045532227,1331500
2014-08-11,26.49139721696686,26.58227694772062,26.456055313450317,26.5267391204834,1316700
2014-08-12,26.592365192492338,26.8094664939095,26.551975282873816,26.764026641845703,1071200
2014-08-13,26.885206680199296,26.955890483500703,26.748887091265498,26.87510871887207,1152900
2014-08-14,27.385040106705066,27.47591788985929,27.3597942450629,27.4102840423584,1834200
2014-08-15,27.385051815675364,27.410295762122196,27.001336896120744,27.172998428344727,1465900
2014-08-18,27.21338563750402,27.263873521778248,27.152797865187754,27.233579635620117,929400
2014-08-19,27.17803982836619,27.253771643896368,27.142696003265247,27.193185806274414,901300
2014-08-20,27.16260719299316,27.239050581062955,27.06578058626939,27.162607192993164,1018000
2014-08-21,27.07087686333439,27.15751283581647,27.055588962793628,27.096357345581055,1135300
2014-08-22,27.335876355522867,27.3817419981611,27.14731846647059,27.16770362854004,791400
2014-08-25,27.46838058922333,27.595784948275316,27.41741767918079,27.4887638092041,957500
2014-08-26,27.320585749582122,27.442892821810844,27.3052978515625,27.3052978515625,958600
2014-08-27,27.43780892191388,27.483674579095364,27.351172927665893,27.402135848999023,2361300
2014-08-28,27.34607093703717,27.52443625810289,27.26453222683053,27.468379974365234,1807500
2014-08-29,27.539720826544478,27.595779043578318,27.422509074580915,27.54991340637207,1206500
2014-09-02,27.254345593009194,27.295115929028288,27.121845889020378,27.17790412902832,1239000
2014-09-03,27.590693530024037,27.636559186760316,27.473481728150585,27.560117721557617,1377400
2014-09-04,27.51424785660785,27.626362377231583,27.4276118764515,27.478572845458984,1200000
2014-09-05,27.422516918673633,27.529536121421987,27.346073520118306,27.524438858032227,887500
2014-09-08,27.096352413244276,27.25943174681727,27.07087193563581,27.091257095336914,892200
2014-09-09,27.167708916646195,27.167708916646195,27.014822115402456,27.086170196533203,765700
2014-09-10,27.203382134237632,27.305306020946407,27.09126566445433,27.290016174316406,1194700
2014-09-11,27.096353120129407,27.096353120129407,26.892507349907966,27.05048942565918,922400
2014-09-12,27.177899021678837,27.264533053383964,27.091263045937456,27.19828224182129,847300
2014-09-15,27.132031971405137,27.228858580193098,27.07087648203112,27.182992935180664,834300
2014-09-16,27.08107126319128,27.391938221965443,27.08107126319128,27.325687408447266,1215200
2014-09-17,27.346069256478856,27.43780054282849,27.269625869842137,27.310396194458008,1592100
2014-09-18,27.53462857086954,27.646745025321867,27.509148088685695,27.590686798095703,1376700
2014-09-19,27.555013790925262,27.59578411773224,27.493860244750977,27.493860244750977,1343900
2014-09-22,27.42251575500732,27.473476722524104,27.31039929362684,27.351167678833008,997100
2014-09-23,27.177896209574765,27.23395248921167,27.101452823832357,27.16770362854004,1548100
2014-09-24,27.060682499693456,27.213569271178276,27.01991411959061,27.16770362854004,1240000
2014-09-25,27.050492051887304,27.060682688957247,26.72943255117415,26.877222061157227,1627500
2014-09-26,27.009727549963763,27.081073689049905,26.882323174728086,27.045400619506836,877400
2014-09-29,26.31155388553812,26.36761212545349,26.209629989695323,26.275880813598633,1621500
2014-09-30,25.914044796095975,25.98539286724406,25.79683302383551,25.92933464050293,2014400
2014-10-01,25.827405073980945,25.878366026671422,25.5522112637666,25.5674991607666,2226100
2014-10-02,25.536931947577045,25.557317113117264,25.17510400740187,25.368757247924805,5464500
2014-10-03,25.715297914118366,25.796836634234634,25.64395177702119,25.689817428588867,3443800
2014-10-06,25.919153981599113,25.985404820407897,25.77646166173747,25.87838363647461,3992500
2014-10-07,25.924235817182222,25.95990887859085,25.700004867751428,25.71019744873047,1259800
2014-10-08,25.94971170586048,26.209617614746097,25.873270278097895,26.209617614746094,3777000
2014-10-09,25.878372403796845,25.93443063199206,25.55731482346531,25.587890625,2568700
2014-10-10,25.501256671872394,25.562410219161688,25.33308198678157,25.358562469482422,4375600
2014-10-13,25.878372927534976,25.959911640004723,25.68981501945548,25.705102920532227,1782900
2014-10-14,25.71528828153706,25.812116811929585,25.598076536778056,25.65413475036621,1933300
2014-10-15,25.48087164450341,25.51654470928282,24.869330336228085,25.297409057617188,3897900
2014-10-16,24.905004105120646,25.37894848663064,24.87442830246599,25.256641387939453,2811700
2014-10-17,25.414618438923473,25.60317827102974,25.3330797351064,25.577695846557617,2097800
2014-10-20,25.353474720538347,25.491071701049805,25.292321154989967,25.491071701049805,1293600
2014-10-21,25.613371625999232,25.73568066672198,25.58789114285923,25.705102920532227,1079200
2014-10-22,25.7411339660007,25.833783678557392,25.60730769425216,25.63304328918457,1220000
2014-10-23,26.075705817756933,26.101441415874383,25.941879529446023,25.967615127563477,2005600
2014-10-24,26.0551095941447,26.09113981458496,25.96760819121827,26.075698852539062,1238500
2014-10-27,25.720548579316755,25.926435317574434,25.71540028184771,25.869815826416016,1010600
2014-10-28,26.02937236394976,26.10143280029297,25.98304751722918,26.10143280029297,1261200
2014-10-29,26.07569787825271,26.173493906722292,25.93672333453299,26.09113883972168,1396900
2014-10-30,25.730844483282485,26.02938095574541,25.72569618555883,25.967615127563477,1414800
2014-10-31,26.224967552433547,26.35364746980221,26.152907112867048,26.260997772216797,1437400
2014-11-03,25.880106216709066,25.90584377283615,25.705101437944137,25.787456512451172,1675700
2014-11-04,25.69996449810212,25.818349838256836,25.65363962904153,25.818349838256836,1526200
2014-11-05,25.905847654573613,26.034527600491025,25.844079866813146,25.993349075317383,1087900
2014-11-06,26.02423188175344,26.08084940625116,25.82863782235199,25.921287536621094,723000
2014-11-07,25.72054657287949,25.782312393188477,25.643337824868233,25.782312393188477,1308800
2014-11-10,25.87496808371195,25.967617817331803,25.777172015335648,25.92643928527832,758800
2014-11-11,26.01393792604564,26.060262784382488,25.941877471632786,26.02937889099121,791800
2014-11-12,25.71539397087846,25.880104106462174,25.705099341967017,25.84922218322754,731100
2014-11-13,25.802899645069196,25.87496009040135,25.74113186607032,25.813194274902344,1090800
2014-11-14,25.68966432409715,25.895553022962545,25.684517990200586,25.874963760375977,1379300
2014-11-17,25.555835847033837,25.80290108632994,25.55068755007976,25.761722564697266,1071500
2014-11-18,25.766872614531838,25.828638437682702,25.699958494076668,25.70510482788086,850500
2014-11-19,25.597009296444615,25.612450258431593,25.49921326469418,25.602157592773438,1206100
2014-11-20,25.267586326762398,25.344795055475174,25.21611514995357,25.288175582885742,2115600
2014-11-21,25.535238088479012,25.58670925989105,25.41685282343186,25.478618621826172,1492100
2014-11-24,25.473486618856963,25.524957819221424,25.334512021672403,25.463191986083984,1616600
2014-11-25,25.633043139783155,25.782312338421153,25.607307545000744,25.694808959960938,1441900
2014-11-26,25.772021883383793,25.813200412507395,25.710256053198727,25.777170181274414,2025800
2014-11-28,25.69995905994701,25.746283919205183,25.57127911350766,25.607309341430664,673200
2014-12-01,25.46833284047139,25.46833284047139,25.210972967026652,25.252151489257812,1619600
2014-12-02,25.57642488183194,25.617603406261992,25.48892346266825,25.586719512939453,1507700
2014-12-03,25.63818444970543,25.66392003747416,25.52494550732364,25.56612205505371,729200
2014-12-04,25.42716093493195,25.48377846811084,25.334511206456867,25.416866302490234,985400
2014-12-05,25.797757482335875,25.916142808315726,25.75658091671261,25.777170181274414,1337800
2014-12-08,25.741125634852683,25.813188026240386,25.622740365679125,25.643329620361328,1359400
2014-12-09,25.22127589019584,25.329366601342237,25.11833151427042,25.241865158081055,1456700
2014-12-10,25.246997359795852,25.25729198797543,25.005080469824215,25.04625701904297,1819700
2014-12-11,24.902144927225887,24.994794649992972,24.78375960669022,24.850671768188477,1812900
2014-12-12,24.721989224569388,24.80434430689681,24.36168696657445,24.387422561645508,2783400
2014-12-15,24.16609293893248,24.299919211563715,23.71828730095483,23.91387939453125,3837400
2014-12-16,23.94990615433544,24.469774132263712,23.85211012170031,24.14550018310547,3158700
2014-12-17,23.93961843377165,24.12491788676585,23.831527740691808,24.037416458129883,3279200
2014-12-18,23.913883528098737,24.23815758023751,23.903588895578416,24.23301124572754,3278100
2014-12-19,24.41830490639387,24.557279478345638,24.310214227153633,24.469778060913086,2793200
2014-12-22,24.634491746659553,24.644786379033672,24.50066348929639,24.593313217163086,1898000
2014-12-23,24.438898341745833,24.50581247229801,24.38742714193672,24.46463394165039,2555300
2014-12-24,24.54183671596873,24.62419179366662,24.408008487522213,24.55727767944336,1009100
2014-12-26,24.644786004042455,24.773465961510407,24.5881665085965,24.716846466064453,892800
2014-12-29,24.62419267963385,24.758018949395446,24.61389804911373,24.69110679626465,1110900
2014-12-30,24.3513935706884,24.438894991067155,24.289625783185603,24.39771842956543,1575700
2014-12-31,24.444037485276265,24.474919408195962,24.284473684025684,24.310209274291992,1178400
2015-01-02,24.34625055894813,24.361693490926605,24.114626214276736,24.22786521911621,1446500
2015-01-05,23.810931508920337,23.85211002575882,23.574160927598328,23.671958923339844,2599600
2015-01-06,23.388860841681627,23.512394425068017,23.167531228926634,23.32709503173828,3408100
2015-01-07,23.399159156849134,23.53298739022575,23.28077385101598,23.50724983215332,2122400
2015-01-08,23.486667055905354,23.682259183108318,23.486667055905354,23.584463119506836,1601600
2015-01-09,23.430042165485133,23.532986503395424,23.337392457715865,23.460926055908203,1401900
2015-01-12,23.527836921055677,23.553572513252117,23.352832145220113,23.48151206970215,1603100
2015-01-13,23.66166789724875,23.707992753996358,23.39401338754036,23.52783966064453,1884300
2015-01-14,23.167535730464657,23.352835159798758,23.085180646705066,23.28592300415039,2740800
2015-01-15,23.20871554240123,23.37857205305277,23.14180141953841,23.29621696472168,2449700
2015-01-16,23.11091820572375,23.28592300415039,23.018268491056702,23.28592300415039,2908800
2015-01-20,23.327101318911776,23.41975104054781,23.21901063150315,23.34769058227539,3186200
2015-01-21,23.368281834898774,23.57416859556064,23.31680867210801,23.553579330444336,1860100
2015-01-22,23.867551484718472,24.150646921627615,23.867551484718472,24.10947036743164,1682600
2015-01-23,24.047712471492506,24.2021280366895,24.0322695405225,24.104331970214844,1994200
2015-01-26,24.217564507748158,24.38742297237799,24.130063090332847,24.35139274597168,1847200
2015-01-27,24.1506483227137,24.25359265942559,23.975645502853368,24.1763858795166,1935200
2015-01-28,24.16094105425079,24.16094105425079,23.903581214443477,23.939611434936523,1783400
2015-01-29,23.939615302171568,24.0425596474242,23.805789027793193,24.027118682861328,1774800
2015-01-30,23.738878164543475,23.75432109472435,23.532991409301758,23.532991409301758,2044800
2015-02-02,23.532983005643516,23.75945894458466,23.522688377032605,23.72342872619629,1701700
2015-02-03,23.82123386800873,24.1146240234375,23.816087533483834,24.1146240234375,2197900
2015-02-04,23.991091594881333,24.15580178343166,23.944766731632782,24.037416458129883,1502600
2015-02-05,24.08374427732093,24.253600821079573,24.04771404187211,24.22786521911621,1742500
2015-02-06,24.4543389726631,24.490371168234415,24.191832715646257,24.23301124572754,1475700
2015-02-09,23.780056098634194,23.939617986341183,23.774907800869283,23.867557525634766,2097600
2015-02-10,23.61534029072337,23.64107588291981,23.38371603395574,23.48151206970215,3488000
2015-02-11,23.265329748400745,23.37856674194336,23.188121011599186,23.37856674194336,2363000
2015-02-12,23.589602744796167,23.749164581298825,23.56386519123153,23.749164581298828,1955100
2015-02-13,23.682252683922776,23.780050684185667,23.63078149899482,23.744020462036133,1847300
2015-02-17,23.769755604960174,23.872699936369013,23.661664940555806,23.810932159423828,1813100
2015-02-18,24.032273012596413,24.088892519498877,23.970507170294056,24.0219783782959,1820300
2015-02-19,23.903591744905505,23.97050588251362,23.785206402060762,23.805795669555664,1288500
2015-02-20,23.882997777607684,24.09403280180055,23.805789027793193,24.027118682861328,1339300
2015-02-23,22.832966698890807,23.0131178123785,22.735168697140455,22.997676849365234,3921100
2015-02-24,22.9462089539201,23.20871518028587,22.9462089539201,23.182979583740234,3624100
2015-02-25,23.044004440307617,23.05944540515579,22.91017619995643,23.044004440307617,2392300
2015-02-26,22.95134832103192,23.095469188740267,22.94105369283853,23.085174560546875,1497400
2015-02-27,23.007971579851407,23.049148135900193,22.951352097221925,22.966793060302734,1527100
2015-03-02,22.956505365002265,23.09547996520996,22.930769764260205,23.09547996520996,1229500
2015-03-03,23.09548192896082,23.141806799635606,22.9822448833674,23.064599990844727,1554700
2015-03-04,23.054064469361254,23.064594084183366,22.91191768174076,23.03826904296875,1490600
2015-03-05,22.91191406647095,22.996148963437747,22.880325226989015,22.948766708374023,2063100
2015-03-06,22.738178805242914,22.769767645201977,22.50653333716496,22.538122177124023,2860700
2015-03-09,22.690796939117952,22.711856166118967,22.55917978283927,22.611827850341797,1882700
2015-03-10,22.559188160928393,22.56445397379349,22.253837289285435,22.29595375061035,2652000
2015-03-11,22.148533916012216,22.21170958589609,22.064299020060936,22.138004302978516,1868800
2015-03-12,22.138017959054284,22.153813392507587,21.948488824171225,22.095901489257812,3466300
2015-03-13,21.827394570905636,21.906365689185836,21.690513575314785,21.87477684020996,2318900
2015-03-16,21.895823794994456,22.03270471383069,21.858971162680167,21.980058670043945,1503400
2015-03-17,22.122217631972873,22.29068747523672,22.101158399485154,22.243305206298828,2411500
2015-03-18,22.26435527407145,22.75923498391094,22.22750263654713,22.685529708862305,3266700
2015-03-19,22.51180201737355,22.522331632974723,22.338068380751228,22.411773681640625,2259100
2015-03-20,22.775029774472436,23.017206846396263,22.701324494967974,22.932971954345703,3535800
2015-03-23,22.753976443655695,22.78029947535731,22.62762307984192,22.74871063232422,1855900
2015-03-24,22.70659925032886,22.743451904598647,22.627628129282723,22.6486873626709,1780600
2015-03-25,22.922443659639104,22.95403049077513,22.743444252700982,22.764503479003906,2176700
2015-03-26,22.732919408753578,22.753978639474575,22.538126545381292,22.70659637451172,1982800
2015-03-27,22.69079866328729,22.748710537781314,22.57497692261781,22.70132827758789,1982900
2015-03-30,22.711859034954063,22.8224169781968,22.685536002037033,22.738182067871094,1937600
2015-03-31,22.38018949696105,22.53813175556155,22.37492569222335,22.42230796813965,2073300
2015-04-01,22.580241585768867,22.63815346246896,22.48021325858058,22.59603500366211,2098600
2015-04-02,22.68027229106731,22.759241390139728,22.659213061320525,22.717124938964844,1316900
2015-04-06,22.753982216236988,23.054069272067007,22.72765716953824,22.911922454833984,1205100
2015-04-07,22.932978443637374,23.02247716312711,22.880330366009165,22.89612579345703,3491300
2015-04-08,23.206737410770995,23.23832424220782,22.906648453892508,23.04353141784668,2843100
2015-04-09,23.38047208907887,23.49629583188198,23.348883247863895,23.44891357421875,2915200
2015-04-10,23.527883529663082,23.585795403193476,23.45417823910387,23.527883529663086,2179900
2015-04-13,23.854301650024432,23.906947725811857,23.727948256487924,23.833242416381836,3990200
2015-04-14,23.95432129814718,24.054349609144843,23.901675241478582,24.028026580810547,2965300
2015-04-15,23.970121729818658,24.175444222572136,23.9437986937793,24.159650802612305,1623300
2015-04-16,23.9227385503839,23.96485701309768,23.801650982560044,23.9174747467041,2202300
2015-04-17,23.617385864257812,23.68582735660444,23.559473986758256,23.617385864257812,1772400
2015-04-20,23.98065396101809,24.09647774220469,23.93327168765258,23.9595947265625,2092800
2015-04-21,24.054351710372362,24.18070506906004,23.991176035187774,24.006969451904297,2424900
2015-04-22,24.017501352128544,24.03329677866719,23.82797230021437,24.012237548828125,1820800
2015-04-23,24.112268511739032,24.312327200424072,24.085945475724426,24.275474548339844,2009600
2015-04-24,25.13361425756845,25.186260319289026,24.986201669777497,25.11781883239746,3276600
2015-04-27,25.94964094253558,26.070728494313247,25.875935650872528,26.04966926574707,4058700
2015-04-28,25.902251203888977,26.107573602331833,25.81801632226324,26.097043991088867,2511900
2015-04-29,26.39713611907355,26.460311790746168,26.212872906562424,26.41292953491211,4139500
2015-04-30,26.144442180270772,26.29711862391811,26.054943442606675,26.12864875793457,3540900
2015-05-01,25.865406609077738,25.928582287855992,25.717994014170323,25.918052673339844,2339300
2015-05-04,25.83381214612323,25.90225362143138,25.77063648108703,25.849605560302734,2028400
2015-05-05,25.359993541303353,25.38631858007907,25.017790128722464,25.044113159179688,3675800
2015-05-06,25.35999450383049,25.460024835010433,25.281025409461584,25.40211296081543,2533800
2015-05-07,25.317878816507243,25.396849921569483,25.080967509639137,25.36526107788086,1678800
2015-05-08,25.965434359800927,26.102317337162518,25.844346808023257,26.04966926574707,2105900
2015-05-11,25.87594348192587,25.99703107034929,25.812765777107337,25.8443546295166,1823900
2015-05-12,25.507404137596627,25.62849167491142,25.444228467762457,25.52846336364746,1872300
2015-05-13,25.386316879014583,25.48108138896548,25.270493142781625,25.438962936401367,1752900
2015-05-14,25.61269665437554,25.65481309551942,25.460020287552776,25.62322425842285,1807100
2015-05-15,25.586370012903075,25.696929931640625,25.52319435099453,25.696929931640625,1465300
2015-05-18,25.528461644676746,25.633753751204356,25.481079393412045,25.507402420043945,1436200
2015-05-19,25.112557313201826,25.233644872825256,25.080968468305787,25.191526412963867,3006900
2015-05-20,25.452229957177476,25.57459620342273,25.409666725686996,25.436269760131836,2084900
2015-05-21,25.595868706053245,25.63311050558461,25.505422886101464,25.516063690185547,3228800
2015-05-22,25.63842260965648,25.696946000731042,25.574579832813903,25.595861434936523,1570000
2015-05-26,25.42562649337366,25.441586688875805,25.159612410863854,25.218135833740234,2555000
2015-05-27,25.313903513886583,25.638439021131866,25.271340282396103,25.436269760131836,2437400
2015-05-28,25.383058254693946,25.41498066892227,25.25005123969824,25.372417449951172,1506300
2015-05-29,25.585230341528106,25.60651195172548,25.17556847809587,25.271333694458008,1765200
2015-06-01,25.287287656958068,25.313890677913253,25.12236029237902,25.255367279052734,1868500
2015-06-02,25.393696628133615,25.521384243295554,25.351135442763496,25.420297622680664,1930800
2015-06-03,25.409662383134076,25.665037669379732,25.40434299487015,25.484148025512695,1219200
2015-06-04,25.367096406066732,25.505422799639184,25.196847600350246,25.250049591064453,1358100
2015-06-05,24.904230158956672,25.186204335336566,24.86166694692351,25.1010799407959,1312000
2015-06-08,25.271329811388703,25.3138930252434,25.159604419308742,25.202165603637695,1239400
2015-06-09,25.01595658408939,25.08512079174986,24.904231192155688,25.00531578063965,1817700
2015-06-10,25.212809463258225,25.372417475508644,25.19684927089098,25.308574676513672,2004700
2015-06-11,25.196843880192212,25.29792845943503,25.0638368935185,25.255367279052734,1549600
2015-06-12,25.127679384679524,25.297928163266693,25.03723560897251,25.244726181030273,1640300
2015-06-15,24.835068630625692,24.914873647025576,24.74994422691122,24.86699104309082,1908500
2015-06-16,24.718024235749212,24.856352673789136,24.664822239288366,24.819110870361328,2513400
2015-06-17,24.80314583917968,24.925512040804165,24.680779637555197,24.851028442382812,2014900
2015-06-18,24.80846323916782,24.930829420979837,24.739299039178245,24.845705032348633,1378000
2015-06-19,24.93614990591919,25.06383750925406,24.872307119014557,24.88294792175293,1597900
2015-06-22,25.22876779586221,25.329854418805702,25.175565805542572,25.18088722229004,1500400
2015-06-23,25.175561695923612,25.228763677558646,25.154280091459395,25.170242309570312,1165700
2015-06-24,25.14364847323565,25.223453504363416,25.090446472167972,25.09044647216797,792900
2015-06-25,25.047881096818557,25.06384128856991,24.808468072918668,24.81378746032715,1068800
2015-06-26,24.71270830895716,24.845715348263145,24.64354408025067,24.739309310913086,1530000
2015-06-29,24.350923901541513,24.452008499621368,24.026386468856273,24.031705856323242,2229200
2015-06-30,24.185994549125308,24.201956770625873,23.733771520619364,23.840177536010742,2659300
2015-07-01,23.69120654777348,23.776330947875977,23.63800455878159,23.776330947875977,2269300
2015-07-02,24.05830705896706,24.122149851361986,23.999783653635966,24.037025451660156,1438900
2015-07-06,23.489044067428114,23.680572500157613,23.45180225860351,23.547565460205078,1855300
2015-07-07,23.313465428057437,23.31878684427925,22.914444451498454,23.260263442993164,3642200
2015-07-08,22.754837487755527,22.882523069449107,22.6165090731408,22.63779067993164,2405800
2015-07-09,23.212385349026388,23.228345541737646,22.887847900390625,22.887847900390625,1641300
2015-07-10,23.446478659806836,23.451800077444776,23.254948215364454,23.340072631835938,1884000
2015-07-13,23.739092638136167,23.76569363654113,23.584806035576957,23.632686614990234,1590300
2015-07-14,23.78697318105431,23.79229459798876,23.664606975398755,23.696529388427734,1144800
2015-07-15,23.776330947875977,23.834854353482527,23.69120654777348,23.776330947875977,1361400
2015-07-16,24.06894874572754,24.154073148552644,24.04234572085494,24.06894874572754,1362700
2015-07-17,24.074271126379628,24.132794541134786,24.015747711624474,24.10619354248047,927700
2015-07-20,24.233874251725577,24.361561860805388,24.196632455228485,24.265796661376953,1418700
2015-07-21,24.249835290797698,24.30835666135444,24.170030285317125,24.22323226928711,1190000
2015-07-22,23.91997864099797,24.05830705896706,23.91997864099797,24.037025451660156,1026900
2015-07-23,24.06895411335236,24.06895411335236,23.813578818399865,23.856142044067383,1411700
2015-07-24,23.563517052411264,23.669923042264536,23.350705072704717,23.446470260620117,1549700
2015-07-27,23.377316639324007,23.4092390595802,23.281551408081796,23.35071563720703,1064700
2015-07-28,23.72844811948265,23.856135733180498,23.648645136756542,23.834854125976562,1662100
2015-07-29,23.882733356360472,24.058303546722456,23.882733356360472,23.98381996154785,1380100
2015-07-30,24.122153033342396,24.122153033342396,23.872099188315858,23.946582794189453,1279500
2015-07-31,24.12746754786991,24.154070569902412,23.951899373704066,23.978500366210938,1302600
2015-08-03,24.079588461629687,24.175353672242576,23.941262062703256,24.031705856323242,1312200
2015-08-04,24.138111933388508,24.175353734330727,24.052987527016867,24.10087013244629,1307900
2015-08-05,24.60097988076678,24.675463488964066,24.52117485511191,24.56905746459961,1840300
2015-08-06,24.41475808890243,24.41475808890243,24.249830751750974,24.329633712768555,1119700
2015-08-07,24.18067799850514,24.26048099726666,24.127473969804615,24.20195960998535,1132600
2015-08-10,23.919984844873753,24.20728052945247,23.909344038460507,24.185998916625977,1011000
2015-08-11,23.935940861241036,24.052985642377443,23.845495044949594,24.037025451660156,2769400
2015-08-12,23.504420506557707,23.585118585104404,23.283848084399118,23.55821990966797,2428200
2015-08-13,23.574360949817187,23.644299154403075,23.504422745231295,23.552841186523438,1487800
2015-08-14,23.39682855798911,23.568982563725058,23.391447590926195,23.542081832885742,1220300
2015-08-17,23.30536835645214,23.482903312251135,23.273088713878476,23.386066436767578,1766200
2015-08-18,23.47214804658673,23.525945409216604,23.386071035036238,23.45062828063965,1255200
2015-08-19,22.939549728223106,22.966448414933737,22.729737098746643,22.794294357299805,2092500
2015-08-20,22.643648983587262,22.65440886345112,22.43383645683512,22.466114044189453,2668000
2015-08-21,22.28320896025186,22.369288033038053,21.79902648925781,21.799026489257812,4091200
2015-08-24,20.830652749385287,21.045844204950598,20.47558489807701,20.658498764038086,5488600
2015-08-25,21.54079050055936,21.54079050055936,21.06736596971257,21.099645614624023,4754500
2015-08-26,21.15344720192026,21.185726853288653,20.626225209664476,21.051231384277344,4004700
2015-08-27,21.363258257258575,21.632249175790378,21.347119458862778,21.605350494384766,2477700
2015-08-28,21.298698089632087,21.519270530480004,21.28793820809834,21.465473175048828,2604600
2015-08-31,21.320218128735224,21.400914162926767,21.261039805652203,21.34173583984375,1478200
2015-09-01,20.631604245974465,20.723062232600228,20.42717260949429,20.529388427734375,3068300
2015-09-02,20.884450180484603,20.90596994179506,20.5455211226758,20.739194869995117,2181800
2015-09-03,20.72843465364814,20.86293008130428,20.680016217602436,20.74457550048828,1712100
2015-09-04,20.27652950299656,20.357227578767326,20.15817492470004,20.271150588989258,2994100
2015-09-08,21.018945693969727,21.0781240116903,20.85217062150606,21.018945693969727,2241600
2015-09-09,21.605348742037144,21.616108624174256,21.148065038517185,21.158824920654297,2717500
2015-09-10,20.94900768604983,21.115782760030058,20.862930691920095,21.013566970825195,1981400
2015-09-11,20.95439291940387,21.067368612409297,20.916734355068723,21.045848846435547,1749300
2015-09-14,20.690777870901847,20.87369175027604,20.593940990513303,20.86831283569336,1753200
2015-09-15,20.970535302184153,21.126550553804215,20.932876731412165,21.088891983032227,2216600
2015-09-16,21.379391857106697,21.481607632676845,21.320213546741872,21.438568115234375,1595600
2015-09-17,21.03509147043462,21.250285051343457,20.927496732218284,20.992053985595703,2448300
2015-09-18,20.59932354186169,20.733818991387185,20.470207007332633,20.513246536254883,2182200
2015-09-21,20.706919581194896,20.74457814155407,20.588562933073135,20.690778732299805,1537200
2015-09-22,20.314187141902057,20.35184774720453,20.15279304987424,20.3303279876709,2349500
2015-09-23,20.62084338433992,20.636982181627978,20.34109260199996,20.43254852294922,2330800
2015-09-24,20.06134222578164,20.265773836361213,19.932225688150247,20.222736358642578,2605400
2015-09-25,20.491734277381383,20.61009097303085,20.41641712641843,20.475595474243164,1747300
2015-09-28,20.09900629735794,20.104385213957936,19.9376121202601,19.98603057861328,2273900
2015-09-29,19.916085668708117,19.959123143786456,19.786969138997865,19.92684555053711,2203100
2015-09-30,20.335708417786922,20.378747940063477,20.190453108459618,20.378747940063477,1981200
2015-10-01,20.71229638290328,20.76071482017359,20.373367322011113,20.534761428833008,2006400
2015-10-02,20.53476648051393,20.954393724166675,20.44868946555094,20.949012756347656,2371300
2015-10-05,21.035080143496156,21.320211792498817,21.035080143496156,21.271793365478516,1920300
2015-10-06,21.234140864649355,21.390154016382823,21.223380983109536,21.26641845703125,1860200
2015-10-07,21.836681894869017,21.992697113341187,21.7129463240166,21.8259220123291,2665600
2015-10-08,21.653760516135357,21.976548671878582,21.632240758489264,21.944271087646484,1902100
2015-10-09,21.965798433110272,22.035734591263104,21.77750356701835,21.8259220123291,1527400
2015-10-12,21.831302052832967,21.949656651271603,21.772123727494815,21.885099411010742,1163200
2015-10-13,21.15881771984347,21.36863021951912,21.153436754487334,21.271793365478516,2186000
2015-10-14,21.449335163304955,21.573070738950744,21.341738385975365,21.40629768371582,1335700
2015-10-15,21.519269035655668,21.75598025624241,21.470850598235945,21.73984146118164,1218900
2015-10-16,21.696806948985376,21.755983223023645,21.540791734664687,21.718324661254883,1531500
2015-10-19,21.556933104384314,21.59997263853477,21.481615971858957,21.583831787109375,1247600
2015-10-20,21.39553583331906,21.508511515619354,21.38477595135175,21.44933319091797,1740300
2015-10-21,21.362161088176702,21.41119444197508,21.209613800048828,21.209613800048828,1931800
2015-10-22,21.2423062830536,21.438437646608527,21.2423062830536,21.394853591918945,1968100
2015-10-23,21.759881666229028,21.81436434138827,21.645471165846946,21.74353790283203,1318900
2015-10-26,21.64002283949182,21.689056205496463,21.509266504045616,21.54740333557129,1087700
2015-10-27,21.422091513299804,21.487468627243985,21.334921335273904,21.367610931396484,1196300
2015-10-28,21.3349246738881,21.61822831638054,21.329477446165747,21.574642181396484,1327500
2015-10-29,21.345821837770536,21.44388856607832,21.23685857539507,21.373062133789062,1454600
2015-10-30,21.383955385128207,21.422092209359892,21.253199074690247,21.285888671875,1501800
2015-11-02,21.21506574518825,21.31313247459586,21.13334485621617,21.269548416137695,1159800
2015-11-03,20.975348081345143,21.30223579155205,20.975348081345143,21.258651733398438,1555600
2015-11-04,21.950563206164027,21.95601043336142,21.73808601434683,21.814359664916992,2256600
2015-11-05,21.58553795709192,21.623674784713007,21.443887179970908,21.52560806274414,1452900
2015-11-06,21.7108364018855,21.81435238881857,21.563738455307668,21.716285705566406,2306700
2015-11-09,21.98325411025752,21.999599950968346,21.678159461007763,21.78712272644043,2129200
2015-11-10,21.54739472368838,21.612771826131386,21.460224560997506,21.607324600219727,1693000
2015-11-11,21.748983612406704,21.765329452963776,21.55285223043447,21.65091896057129,1059400
2015-11-12,21.656364834969274,21.7162947305628,21.536505043782217,21.558298110961914,2039000
2015-11-13,21.285885539441246,21.345815419643476,21.166025779036783,21.20416259765625,1922600
2015-11-16,21.089754560107,21.373058158266424,21.0570670422854,21.367610931396484,1322900
2015-11-17,21.498366849489784,21.590986339968364,21.405749437312345,21.471126556396484,1512000
2015-11-18,21.531056124604298,21.699949264526367,21.52560681908685,21.699949264526367,2064700
2015-11-19,21.819806358065332,21.98325018790119,21.80346259857206,21.90152931213379,1664200
2015-11-20,22.026841058568245,22.092218188913836,21.917877789124596,21.961463928222656,1571100
2015-11-23,22.097666047488612,22.195732775731862,21.934220114882283,21.983253479003906,1739300
2015-11-24,21.661812190343262,21.868842173168588,21.645468429012755,21.80891227722168,1632600
2015-11-25,21.923325898069645,21.966909956485363,21.808913328337937,21.87973976135254,1412200
2015-11-27,21.928774741454895,21.939671276436897,21.836157311560196,21.857948303222656,917300
2015-11-30,21.78712005996801,21.814360353416948,21.68360403524041,21.738086700439453,1650100
2015-12-01,22.14669418334961,22.19572753589573,22.032281641874743,22.14669418334961,1896800
2015-12-02,22.021392159667954,22.08677136952528,21.8089149233855,21.8633975982666,1623500
2015-12-03,21.96145455519551,21.988694841355045,21.536498193564448,21.607324600219727,2949000
2015-12-04,21.4602224683746,21.748973214450185,21.411189126748518,21.716285705566406,2664300
2015-12-07,21.558296741275722,21.558296741275722,21.362163305722156,21.471126556396484,2271400
2015-12-08,20.926313101334966,20.980793689396066,20.828246380184012,20.90452003479004,3859200
2015-12-09,21.1169974452178,21.362164250502705,20.904520240071296,21.046173095703125,2607300
2015-12-10,21.078865186290027,21.231414608365725,21.03528112162675,21.095211029052734,2911200
2015-12-11,20.83369524689206,20.8445897016337,20.539495089639598,20.632112503051758,3195100
2015-12-14,20.692038873841366,20.757415982669862,20.310668595456974,20.653902053833008,3843400
2015-12-15,20.953555912633284,21.057071952007036,20.877282248864077,20.942659378051758,2110000
2015-12-16,21.520158767700195,21.547399059340876,21.28588851864849,21.520158767700195,2406300
2015-12-17,21.65636306966443,21.727189493074434,21.53650328824767,21.56919288635254,2259300
2015-12-18,21.580094508841082,21.585541737326103,21.345824196254952,21.400304794311523,2472600
2015-12-21,21.618227095707276,21.699950055037238,21.35671653547306,21.498367309570312,2067500
2015-12-22,21.44388762572042,21.590987711731458,21.33492436812321,21.558298110961914,1789800
2015-12-23,21.79256160513836,22.005038748260358,21.79256160513836,21.977798461914062,1860200
2015-12-24,21.89608137441647,22.059527292762358,21.89608137441647,21.98870086669922,673500
2015-12-28,21.792568515891176,21.885185934499095,21.678158029975055,21.80891227722168,1397800
2015-12-29,21.89063735520718,22.00504785217585,21.857947751086922,21.945117950439453,1426900
2015-12-30,21.683604275245035,21.80891128913804,21.59643408826289,21.62912368774414,2014400
2015-12-31,21.59643401872781,21.61822708497848,21.454783244700852,21.503816604614258,1872500
2016-01-04,20.866381222904003,21.03527435511208,20.735626992672795,21.024377822875977,3553100
2016-01-05,20.96989266374757,21.03526976459596,20.76286275304367,20.975339889526367,1776500
2016-01-06,20.23984369133969,20.337910390976656,20.152673522584692,20.2507381439209,2970400
2016-01-07,19.912952939994614,20.087293268226034,19.77130220266933,19.825782775878906,3062900
2016-01-08,20.07640424614152,20.081853552480812,19.695035934448242,19.695035934448242,3396200
2016-01-11,19.978339949959597,19.989236485664797,19.700485563532936,19.847585678100586,2019200
2016-01-12,19.93474975365724,19.97288657774398,19.77130592495676,19.945646286010742,2430900
2016-01-13,19.94019526977708,20.000125153428737,19.50434440453895,19.59696388244629,4412800
2016-01-14,19.629651584735385,19.92385170092664,19.455311236985207,19.84212875366211,3039800
2016-01-15,18.899602268297432,19.05215164477698,18.72526190515029,18.866914749145508,5174400
2016-01-19,19.01401483066481,19.030358590249737,18.730711220819995,18.861465454101562,2862800
2016-01-20,18.218584511548094,18.349340822601537,17.815423202543666,18.25127410888672,6271700
2016-01-21,18.087826658524648,18.403817723014985,17.918933556863887,18.256717681884766,3851900
2016-01-22,18.850568309379,18.959531552442087,18.665331419662053,18.823328018188477,3098000
2016-01-25,18.436509392677493,18.490989971846343,18.256719740478708,18.267616271972656,3418400
2016-01-26,18.38747507550225,18.621745294580116,18.30030490642449,18.572711944580078,3474000
2016-01-27,18.34388630178514,18.888700299390408,18.33843907626129,18.5236759185791,3974500
2016-01-28,19.00311690849689,19.014013440190347,18.605402854039845,18.774293899536133,4345900
2016-01-29,18.959531100742254,19.286420822143555,18.87781022911764,19.286420822143555,3303600
2016-02-01,18.741610445798187,19.090291222376532,18.698024309575214,19.041257858276367,3167600
2016-02-02,18.469197212735885,18.469197212735885,18.21858116905477,18.27851104736328,3530200
2016-02-03,18.10962593712917,18.175003062867884,17.646532594201453,18.169553756713867,5310100
2016-02-04,18.02245451205295,18.420168623768106,18.02245451205295,18.33844566345215,3719300
2016-02-05,18.213137659024977,18.3384446672817,18.082381345282553,18.15865707397461,3211600
2016-02-08,17.493983118752105,17.499430345933447,17.16164614656038,17.36322784423828,7661200
2016-02-09,16.949168891920316,17.36322777923934,16.91647929405132,17.232471466064453,5588000
2016-02-10,17.3305342864536,17.61928610116482,17.276052674733513,17.352327346801758,4346500
2016-02-11,16.71489746755511,16.92192637716367,16.556900873020563,16.73124122619629,6385200
2016-02-12,17.134410066461953,17.412264443643867,16.992758224459934,17.390472412109375,3999000
2016-02-16,17.45584291879353,17.635630477234482,17.42315332712213,17.570253372192383,3546400
2016-02-17,17.771836081652093,17.90259238541347,17.717355500760405,17.826318740844727,2613100
2016-02-18,17.72825218680765,17.755492477490446,17.526669463492862,17.586599349975586,2846000
2016-02-19,17.42860477011089,17.608393400482566,17.34143458806102,17.532119750976562,2952400
2016-02-22,17.134405480733093,17.335986134868477,17.134405480733093,17.216127395629883,4041200
2016-02-23,17.270609449437533,17.27605667663608,16.93282420984719,16.93827247619629,3298600
2016-02-24,16.524212501368645,16.812964364013936,16.415249259840106,16.80751609802246,4904000
2016-02-25,17.01999291381263,17.15074817737458,16.88923765025068,17.145299911499023,3664100
2016-02-26,17.6737705174447,17.695563582532436,17.493982926223563,17.532119750976562,4557100
2016-02-29,17.39046825512423,17.51577630330968,17.28150500604572,17.308746337890625,3074500
2016-03-01,17.439499286327344,17.651978541575446,17.374122173028447,17.586599349975586,4455500
2016-03-02,17.952048396524066,18.08698272863413,17.867713902769644,18.002649307250977,4706200
2016-03-03,18.00265541478417,18.08136749267578,17.929564708994842,18.08136749267578,3015000
2016-03-04,18.019514487994456,18.266897656681234,18.013893118134487,18.160072326660156,3548700
2016-03-07,17.822737312531622,18.1600753230935,17.811492426213857,18.086984634399414,4086100
2016-03-08,18.131965286016406,18.148831544150788,17.918317794799805,17.918317794799805,3223100
2016-03-09,18.21630274241231,18.244413890445962,17.980164380494767,18.053255081176758,2663000
2016-03-10,18.1432122717506,18.28377015844398,17.856474054211514,18.030765533447266,2399600
2016-03-11,18.221923732705733,18.407461166381836,18.216302361113915,18.407461166381836,4363200
2016-03-14,18.266903576239184,18.34561564824056,18.199434247601054,18.261280059814453,2060200
2016-03-15,18.115096201153197,18.205053138404267,18.04200551940465,18.18818473815918,2063900
2016-03-16,18.04762997286376,18.351235492231684,18.0420086016501,18.317502975463867,2692100
2016-03-17,18.16007757240794,18.407460812554216,18.137587796986818,18.289390563964844,3143300
2016-03-18,18.446815315865322,18.49179271823088,18.266901416917396,18.345613479614258,2161900
2016-03-21,18.31188499677172,18.373730822537958,18.20506175346686,18.300640106201172,2221400
2016-03-22,17.92393914483671,18.07574297446763,17.88458311274087,17.99140739440918,2416200
2016-03-23,17.88458191282899,17.895826799065198,17.72715779500753,17.76651382446289,1937700
2016-03-24,17.502266547439277,17.57535724473914,17.44042181015267,17.547245025634766,2781100
2016-03-28,17.61471282342396,17.642823969429596,17.530378313035577,17.59222412109375,2315600
2016-03-29,17.39544163455869,17.586600416329663,17.2886173571287,17.575355529785156,3181100
2016-03-30,17.738399720441294,17.878957566316014,17.648442784871172,17.704666137695312,2673700
2016-03-31,17.597839989104106,17.682175545490093,17.4853943678747,17.496639251708984,2136000
2016-04-01,17.15930485977301,17.38981967853721,17.15368241634322,17.384197235107422,2396700
2016-04-04,17.356089935226283,17.42917957126223,17.28299922681866,17.311111450195312,1799700
2016-04-05,16.765745004578736,16.765745004578736,16.636432002708606,16.66454315185547,4306000
2016-04-06,16.557715484752556,16.776985391908287,16.49024724358162,16.75449562072754,2776800
2016-04-07,16.535225993363177,16.6251829348657,16.38342325243842,16.450891494750977,2644400
2016-04-08,16.692654527924777,16.77136659944667,16.597075124346105,16.642053604125977,2519100
2016-04-11,16.878187839290575,16.945655010575763,16.78260845299377,16.788230895996094,2178300
2016-04-12,16.748880456257332,17.029996265950498,16.642056148309848,16.996261596679688,2842100
2016-04-13,17.850851639510637,17.968919749789517,17.732783529231757,17.95767593383789,3883600
2016-04-14,18.00827578654914,18.025144191405516,17.862096527833835,17.95767593383789,2515000
2016-04-15,18.115098380869803,18.115098380869803,17.940805855649067,17.946428298950195,2629500
2016-04-18,17.845231465431624,18.06450252614109,17.817120313419192,18.025146484375,1835300
2016-04-19,18.429949002642115,18.508661074262182,18.29501463550574,18.46930503845215,2526100
2016-04-20,18.862870516528993,18.93596122802324,18.7504237630171,18.868494033813477,3553800
2016-04-21,19.12148881389044,19.155223469721804,18.91908731312995,18.95281982421875,3139800
2016-04-22,18.834756176132032,18.992180317555054,18.801021512365782,18.924713134765625,2214400
2016-04-25,18.72230824438674,18.84599985887666,18.654841065911747,18.77290916442871,2274600
2016-04-26,19.402605716252978,19.419474117587264,19.239560231468023,19.31264877319336,3393800
2016-04-27,18.91908663364181,19.22268994624977,18.91908663364181,19.166467666625977,2120300
2016-04-28,18.86848785350392,19.222692115644332,18.851619451919092,18.997800827026367,1599100
2016-04-29,18.80101945620214,18.89097640499764,18.654840218688015,18.73917579650879,2474100
2016-05-02,18.83475306664806,18.83475306664806,18.59299337809376,18.688573837280273,1543200
2016-05-03,18.486172422631427,18.503038681406835,18.25565759214796,18.334369659423828,1887200
2016-05-04,17.974541577291628,18.086987239551192,17.856473471063357,17.912696838378906,2694000
2016-05-05,17.83960490582949,17.968917891055224,17.789003985980905,17.822738647460938,2842200
2016-05-06,17.507885135375236,17.79462327286044,17.491018879998695,17.732778549194336,3701700
2016-05-09,17.676561432469168,17.7271623611946,17.474157717567433,17.55286979675293,2544400
2016-05-10,17.625953234991528,17.783377328442526,17.6090859082484,17.755266189575195,1975000
2016-05-11,17.52475461270629,17.74402453846712,17.468531252355167,17.575355529785156,2629600
2016-05-12,17.648447776680943,17.721538477737184,17.361709561308928,17.423555374145508,2422000
2016-05-13,17.45728880329742,17.56411309564283,17.31110954729408,17.32235336303711,3205500
2016-05-16,17.42917650009482,17.56973437509558,17.42917650009482,17.530378341674805,2184800
2016-05-17,17.68780158119491,17.81711563466079,17.56973348690122,17.654067993164062,3197600
2016-05-18,17.751194206722626,17.99686588361668,17.71691476730505,17.968299865722656,2508700
2016-05-19,18.196835564600693,18.202548987470134,17.814044950140165,17.911170959472656,2748100
2016-05-20,17.78547360485935,17.928305873445424,17.739767322500757,17.7740478515625,3125300
2016-05-23,17.756904913521584,17.825464871598836,17.688344955444336,17.688344955444336,1915100
2016-05-24,18.191115767156354,18.27681490071907,18.12255580647202,18.22539520263672,3600300
2016-05-25,18.722450510703197,18.87670959333162,18.699596828955197,18.756731033325195,2930700
2016-05-26,18.642467415594865,18.739592307459198,18.54534034428318,18.631040573120117,2015800
2016-05-27,18.72817021870583,18.81958280225948,18.67675050424141,18.722457885742188,1604700
2016-05-31,18.773873912893706,18.819579105969773,18.476782529833084,18.53391456604004,2665000
2016-06-01,18.265391162321432,18.505349430900726,18.248251986531063,18.448217391967773,2713800
2016-06-02,18.471068723749003,18.579620455657306,18.431073686259307,18.57390594482422,1813800
2016-06-03,18.653895743227,18.653895743227,18.322523823418685,18.591049194335938,2365800
2016-06-06,18.45964360099796,18.69960077160369,18.453929089632584,18.568195343017578,2380300
2016-06-07,18.613899155601995,18.728163207682552,18.556764950114626,18.585330963134766,1702100
2016-06-08,18.5339146362032,18.65389539980798,18.52820230433987,18.562482833862305,1234900
2016-06-09,18.48820809312709,18.48820809312709,18.34537583304971,18.4139347076416,2142100
2016-06-10,17.83689563616411,17.854035902931514,17.63693130583037,17.716917037963867,4574400
2016-06-13,17.545514148461066,17.78547238684135,17.51123471147064,17.551227569580078,3611700
2016-06-14,17.408399655955623,17.47695963677287,17.088455621497637,17.225574493408203,5259800
2016-06-15,17.345553689928437,17.45981886838143,17.231287421751546,17.27128028869629,3106600
2016-06-16,17.048460973121646,17.459817545897465,16.922768959426655,17.431251525878906,2934300
2016-06-17,17.648350328023756,17.79689598083496,17.53408519566984,17.79689598083496,3633500
2016-06-20,18.499635482920212,18.505347814535526,18.253963813961263,18.282529830932617,4604700
2016-06-21,18.442503722473393,18.659609403337104,18.333951971765376,18.5282039642334,5571200
2016-06-22,18.705317951522293,18.882428599061004,18.59676401456856,18.653898239135742,3905100
2016-06-23,19.13952580586753,19.282358088000873,18.939561482659922,19.270931243896484,3843200
2016-06-24,17.311269973921906,18.145410962965176,17.299844220983324,17.52837562561035,12283700
2016-06-27,16.722802886455792,16.84278147344078,16.351439192333608,16.785648345947266,11380900
2016-06-28,17.25985103090918,17.294131560403972,16.922767875333665,17.219858169555664,5415500
2016-06-29,17.368404906390605,17.56265689298542,17.271278913093198,17.516950607299805,3814300
2016-06-30,17.551230918530415,17.939734910964525,17.499811208371558,17.888315200805664,7365000
2016-07-01,17.991152785689756,18.008293050568703,17.83689367095049,17.89974021911621,4244000
2016-07-05,17.459815443735828,17.488382550038718,17.259850058510317,17.311269760131836,4670600
2016-07-06,17.094165423158582,17.248424530029297,16.951333158957635,17.248424530029297,4908000
2016-07-07,17.396970191389244,17.425536208300258,17.071311714095728,17.15129852294922,3543000
2016-07-08,17.516950675658393,17.522664097606867,17.368404974169504,17.431251525878906,2607300
2016-07-11,17.78547252549352,17.8426056474054,17.711200229814647,17.756906509399414,2991400
2016-07-12,17.90545003276342,18.09398854954599,17.871170599636642,18.019716262817383,3499100
2016-07-13,18.019716573369585,18.059709427660653,17.89973692077284,17.951156616210938,4596900
2016-07-14,18.231115261422495,18.32252784913571,18.15684294255201,18.219688415527344,3296600
2016-07-15,18.208258587685584,18.231111184641662,18.08256549039399,18.202545166015625,2603300
2016-07-18,18.27110555897225,18.465357552934773,18.21968584941018,18.3568058013916,2021400
2016-07-19,18.29966983598473,18.368230895165347,18.225397534653215,18.265390396118164,2079200
2016-07-20,18.642471070644326,18.682463937423282,18.545343980289868,18.608190536499023,2157400
2016-07-21,18.596763190407767,18.69389027814364,18.533916635892975,18.55677032470703,1598100
2016-07-22,18.482492436891267,18.51106063069426,18.425360408179664,18.4996337890625,1307800
2016-07-25,18.37965756870533,18.43679179093673,18.333952370367943,18.373945236206055,1706700
2016-07-26,18.699597194662413,18.722450876857362,18.459640069956738,18.585330963134766,2288900
2016-07-27,18.711021250814895,18.739587259583274,18.59675503629461,18.688167572021484,1914000
2016-07-28,18.488206947430744,18.516772961786543,18.40822123545562,18.4996337890625,3564800
2016-07-29,18.756738341387667,18.84243641216206,18.613906043982453,18.711030960083008,2064700
2016-08-01,18.43107795715332,18.54534422637277,18.368233579558044,18.43107795715332,2305800
2016-08-02,18.453930967882282,18.459645479829287,18.299671837029102,18.373945236206055,2489100
2016-08-03,19.310927675406273,19.33949370121976,19.128102494862272,19.253795623779297,4894700
2016-08-04,19.379476457287005,19.573728382647765,19.356624956233393,19.568016052246094,3225500
2016-08-05,19.716567673093635,19.882253646850586,19.71085534064754,19.882253646850586,2282500
2016-08-08,19.97366572704185,20.053651455990845,19.967953394737346,20.042226791381836,1864200
2016-08-09,20.013657451414787,20.173631079647347,20.00794511943569,20.11078453063965,2057700
2016-08-10,20.319429474234834,20.331020970956537,20.180333724426358,20.232494354248047,1949100
2016-08-11,20.39476876935729,20.487498522652185,20.354199640469005,20.458520889282227,1712000
2016-08-12,20.429540634155273,20.464315116247583,20.36578852241175,20.429540634155273,1402800
2016-08-15,20.42954099619328,20.522270739231303,20.42954099619328,20.510679244995117,1499100
2016-08-16,20.470111192872636,20.55124944592471,20.4237474243507,20.487497329711914,5832100
2016-08-17,20.557044094237256,20.64977383218838,20.481700491260916,20.62079620361328,6275300
2016-08-18,20.77148765013835,20.8062621417399,20.643983391784705,20.783079147338867,3547100
2016-08-19,20.56284188657695,20.649776996475172,20.48749827205527,20.638185501098633,1236700
2016-08-22,20.59182184298265,20.655573969320987,20.52806971664431,20.63239097595215,1560600
2016-08-23,20.771488272545128,20.829443549432277,20.67875850301443,20.684553146362305,2186000
2016-08-24,20.875811206263407,20.881605850073903,20.70773779467944,20.730920791625977,1546600
2016-08-25,20.73091851536256,20.788873790513108,20.7135323749878,20.783079147338867,1411900
2016-08-26,20.910583286973758,21.061268328020898,20.690349263118378,20.78887367248535,2167800
2016-08-29,20.783076155770278,20.956944167046956,20.771484660238272,20.939558029174805,996800
2016-08-30,21.177176775252377,21.21774590153492,21.12501615419603,21.194562911987305,1764400
2016-08-31,21.553897435458044,21.571285788715013,21.414803874516032,21.559694290161133,2816900
2016-09-01,22.104477605259728,22.133455241168786,21.808902181624287,21.953792572021484,3845900
2016-09-02,22.31890875569992,22.515959722027542,22.255158858202396,22.400049209594727,5074800
2016-09-06,22.365278908157038,22.376870403736376,22.116067280330597,22.2145938873291,2456700
2016-09-07,22.075499016085843,22.150842634877428,21.89583414384493,21.936403274536133,3343800
2016-09-08,22.023339375518354,22.16243512329647,21.976973389308345,22.133455276489258,2098400
2016-09-09,22.266752369670716,22.278343865285716,22.087089714767497,22.12765884399414,3216600
2016-09-12,21.6871878100746,22.058108985137984,21.64661868654213,22.023334503173828,2540700
2016-09-13,21.50752837411271,21.542300650388896,21.327863506896012,21.42059326171875,3756800
2016-09-14,21.507526818071092,21.716169304040182,21.455366196578822,21.50172996520996,2553200
2016-09-15,21.750940092740937,21.95378792285091,21.67559869750287,21.930604934692383,2220100
2016-09-16,21.594459892555083,21.61764288248886,21.484344006647042,21.542299270629883,3115000
2016-09-19,21.93060731968062,22.000154080868093,21.785716944209913,21.872652053833008,2221200
2016-09-20,21.94799023436694,21.9769678630356,21.808896732416837,21.907421112060547,1896000
2016-09-21,22.168223631587797,22.272544860839844,22.023333281054544,22.272544860839844,2290100
2016-09-22,22.098678940995427,22.150839560480527,21.884239610416962,21.913219451904297,2787000
2016-09-23,21.58866226529257,21.640822880005178,21.5249101572159,21.565479278564453,1992200
2016-09-26,21.4379788021767,21.484342568088206,21.32206607112075,21.351043701171875,2931700
2016-09-27,21.51332051281138,21.791509744903813,21.42638762138646,21.785715103149414,2403400
2016-09-28,21.727763838842577,21.750944620975577,21.46116384122007,21.692989349365234,1579200
2016-09-29,21.785712502655972,21.895828369657277,21.385815943792178,21.536500930786133,2729400
2016-09-30,21.536504855762423,21.89003771800137,21.536504855762423,21.79730796813965,2363000
2016-10-03,21.826289302093482,21.92481592163535,21.72776489340362,21.8031063079834,2585500
2016-10-04,22.156634448082,22.237772699103115,21.9364004732736,22.000152587890625,3671800
2016-10-05,22.127661212898474,22.26096011046389,22.029134595048927,22.203004837036133,1996400
2016-10-06,22.13925159142158,22.17982072294211,22.05231647481938,22.14504623413086,1436400
2016-10-07,22.249366573243485,22.371073962791854,22.11606768790216,22.34209632873535,1939900
2016-10-10,22.382663664844706,22.463801918041224,22.324708401376217,22.336299896240234,1494200
2016-10-11,22.139249335289428,22.156635472497367,21.721964355485866,21.79730796813965,3158400
2016-10-12,21.86685299621334,21.890035984555844,21.72775948786122,21.837875366210938,1410600
2016-10-13,21.461163019561187,21.716171510928028,21.32206948868092,21.6698055267334,1971900
2016-10-14,21.95379235539321,22.005952983855583,21.82049346284534,21.832082748413086,1356200
2016-10-17,21.71037286375049,21.77412498132495,21.611848471754776,21.66400909423828,1405900
2016-10-18,22.203002391749767,22.307323641112074,22.092884289171923,22.2145938873291,3085300
2016-10-19,22.185231758818457,22.29680529861563,22.16174459682092,22.208721160888672,1321800
2016-10-20,22.196977427343526,22.46709884270661,22.185232725796507,22.33791160583496,2402100
2016-10-21,22.337908766357547,22.519946017014767,22.31441936624936,22.449480056762695,2043900
2016-10-24,22.51994463033715,22.531689329668055,22.308546762597874,22.36139678955078,1361000
2016-10-25,22.36139672209662,22.437733907408717,22.296801996007662,22.384883880615234,1686900
2016-10-26,22.232207269918703,22.420117978501672,22.220462570623223,22.384883880615234,1961700
2016-10-27,22.408376408089616,22.455355211831183,22.285060408376985,22.3320369720459,1809500
2016-10-28,22.13238206321397,22.308550341366384,22.120637361998963,22.226337432861328,2064800
2016-10-31,22.103020125488246,22.196975489589487,22.026680692133308,22.097148895263672,1660100
2016-11-01,22.161739498815344,22.173481957076582,21.850510593160678,22.02080535888672,2193400
2016-11-02,21.944471202215986,21.95621590336586,21.721328600586503,21.785921096801758,2143200
2016-11-03,21.868130587836767,21.94446777327379,21.733067665753897,21.780046463012695,1342700
2016-11-04,21.715453288718543,21.874003380689288,21.686092658369702,21.744813919067383,1875500
2016-11-07,22.584541329550454,22.690241392689963,22.531691297980704,22.60215950012207,3019600
2016-11-08,22.26743971322081,22.643263380340795,22.226334384642005,22.53756332397461,1732100
2016-11-09,22.4259948191905,22.878155774873427,22.420123588109924,22.725479125976562,3672400
2016-11-10,23.17176888254456,23.28334244467161,22.872286786466578,22.983858108520508,4515100
2016-11-11,22.854654145849317,23.054309496890223,22.795932906160928,23.036693572998047,3073800
2016-11-14,23.207001751190134,23.330317770032636,23.15415170881863,23.277467727661133,2270000
2016-11-15,23.201122351978952,23.48299066599271,23.160017022867034,23.459501266479492,2129000
2016-11-16,23.01321157776452,23.077806306226144,22.907511520295028,22.936874389648438,2345300
2016-11-17,23.054319389511306,23.154148227904223,22.97210872264224,23.071937561035156,1694500
2016-11-18,22.92513581614664,22.977985859004363,22.87228577328891,22.91339111328125,1374400
2016-11-21,23.148274228375218,23.189381800943003,23.03670293161298,23.177637100219727,2003100
2016-11-22,23.295076723755024,23.365544919311386,23.212866069011604,23.330310821533203,1492100
2016-11-23,23.054317359697528,23.50060699779706,23.048446129754957,23.436012268066406,1922200
2016-11-25,23.359671403114074,23.430139598530065,23.318566075824243,23.389034271240234,698800
2016-11-28,23.107166876555418,23.13652974583392,22.948619030828098,22.97797966003418,2464100
2016-11-29,23.030829171804832,23.183505784293725,22.98385037407141,23.08367919921875,1198300
2016-11-30,23.201122293630014,23.318567050828314,23.136529805239757,23.218740463256836,2535000
2016-12-01,23.136529805239757,23.330311750555385,23.107166935885864,23.218740463256836,2059600
2016-12-02,23.259845265348435,23.412521878196863,23.206995237810062,23.306821823120117,1821300
2016-12-05,23.35380241895427,23.482991882899235,23.3361864884427,23.406652450561523,1990800
2016-12-06,24.310973531120563,24.493010781456743,24.187655300806313,24.440160751342773,4701800
2016-12-07,24.898194793117046,25.291632159180594,24.874705393332594,25.22703742980957,3757500
2016-12-08,24.96866492033965,25.06262029508869,24.874709545590612,24.980409622192383,2276900
2016-12-09,24.933429187498902,25.0450027277816,24.868834451561064,25.03912925720215,2326100
2016-12-12,24.305099829431402,24.457778688337772,24.19352854028633,24.322715759277344,3793900
2016-12-13,24.58110066816763,24.763137961134003,24.469527111758037,24.698545455932617,4343200
2016-12-14,24.722025365373682,24.786620091689162,24.352077416594334,24.375564575195312,2701200
2016-12-15,24.387310145525138,24.48126550350172,24.28748355770671,24.305099487304688,2618300
2016-12-16,24.29335826071054,24.410803034990167,24.25812639647758,24.287487030029297,1919400
2016-12-19,23.952770509316483,24.076086512372157,23.88230230179377,24.011491775512695,2041200
2016-12-20,23.69438652724228,23.888170696644973,23.659154671039783,23.823575973510742,2867800
2016-12-21,23.82945598399809,23.852943147889455,23.74137183916869,23.794221878051758,1393100
2016-12-22,23.688514709472653,23.764854129468848,23.635664686409473,23.688514709472656,1382400
2016-12-23,23.306821309557026,23.441881990274076,23.242228824053303,23.412521362304688,1477700
2016-12-27,23.44775545991135,23.477116087880738,23.412521362304688,23.412521362304688,748100
2016-12-28,23.49473364735865,23.535841217455758,23.347928257249986,23.353801727294922,1167000
2016-12-29,23.39490705731955,23.412522987309398,23.277462297218122,23.353801727294922,1405500
2016-12-30,23.653287614855213,23.723755826511074,23.55933223938691,23.594566345214844,1742900
2017-01-03,24.11719184672405,24.1230653173873,23.92340987621838,24.011491775512695,2353000
2017-01-04,24.08196270839211,24.252257551575802,23.98213608726088,24.24051284790039,1398700
2017-01-05,24.10544349618603,24.19939885191985,24.029104069629685,24.1700382232666,1573900
2017-01-06,24.105442003084658,24.23463144924375,24.099570773746624,24.164165496826172,2313300
2017-01-09,23.93514412813611,23.952762294010476,23.85293348762889,23.876422882080078,1896500
2017-01-10,23.952766818932524,24.117188131007826,23.905788021155367,23.929277420043945,1764200
2017-01-11,24.070214500749696,24.281612396240234,23.97038566336813,24.281612396240234,1917700
2017-01-12,24.22875450227999,24.275733290530333,24.099567314735374,24.181777954101562,1318300
2017-01-13,24.12306166543588,24.275738278476194,24.12306166543588,24.1700382232666,1592900
2017-01-17,24.487133357513052,24.498878054575638,24.16416202854364,24.181777954101562,1989000
2017-01-18,24.539990503898622,24.65156179830029,24.404929808547372,24.610456466674805,3071400
2017-01-19,24.563476251322278,24.616324035489505,24.36382085309233,24.469518661499023,2159500
2017-01-20,24.46364514137228,24.551729253547183,24.451900443744158,24.510623931884766,1206200
2017-01-23,24.422543506148788,24.622198915819624,24.404927577083598,24.592838287353516,1394100
2017-01-24,24.704408988952782,24.810109040995947,24.657432432529326,24.72202491760254,1331000
2017-01-25,25.04499576048283,25.16243825852813,25.003890438152563,25.15069580078125,1415700
2017-01-26,25.191803676276717,25.26814085972845,25.144824880239693,25.244653701782227,1626300
2017-01-27,25.309248088982706,25.332737488767158,25.197676800115232,25.22703742980957,1353900
2017-01-30,25.033258153842453,25.050874085524907,24.90406868131061,24.956918716430664,1412400
2017-01-31,25.24465279912638,25.27401342556355,24.93342388669021,25.015634536743164,1681000
2017-02-01,25.309248612643685,25.32686678288278,25.056743159917485,25.121337890625,2221200
2017-02-02,25.02151002982832,25.050870658640196,24.857088716423917,24.933425903320312,2379200
2017-02-03,25.086106030291813,25.22116672173821,25.05087192988612,25.121337890625,6750700
2017-02-06,25.015637079551432,25.17418716651521,25.015637079551432,25.10959243774414,4395200
2017-02-07,25.062611687175213,25.185927654166015,25.05086698935627,25.15069580078125,2162100
2017-02-08,24.95104667984411,25.027383874717113,24.780751878839496,25.003896713256836,1868800
2017-02-09,25.003894802875145,25.362098068557184,25.003894802875145,25.2857608795166,1744100
2017-02-10,25.12721579848348,25.2916371492704,25.115471096274,25.2329158782959,1484600
2017-02-13,25.215293989120905,25.450183518550464,25.203549288642172,25.414949417114258,2528800
2017-02-14,25.432566255314967,25.585242873393803,25.420821555451603,25.55000877380371,1664100
2017-02-15,25.71443038530027,25.943446415118807,25.679196288377305,25.890596389770508,2236900
2017-02-16,25.884725913713304,25.925831241283685,25.773152390245972,25.902341842651367,1954700
2017-02-17,25.66745969322944,25.82600981933238,25.643970287864637,25.78490447998047,1892100
2017-02-21,24.269864477793977,24.469517627515145,24.258119779562357,24.416669845581055,7484000
2017-02-22,24.609453527177337,24.91067083986301,24.609453527177337,24.808258056640625,3839000
2017-02-23,24.838379004265057,24.86850027551954,24.62150217426367,24.711868286132812,2682700
2017-02-24,24.446795897130748,24.543185336183523,24.404623363071252,24.501012802124023,2402300
2017-02-27,24.272088341187242,24.380526743008758,24.2359414412116,24.314258575439453,2040200
2017-02-28,24.205822809130737,24.302212254788518,24.187750506227918,24.278114318847656,2004000
2017-03-01,24.51306368272454,24.699819240888324,24.51306368272454,24.603429794311523,2652400
2017-03-02,24.603428553158448,24.657647757754344,24.543186013876593,24.56125831604004,2198400
2017-03-03,24.663670827787218,24.754036933845892,24.61547725649999,24.705841064453125,1643700
2017-03-06,24.609451887844408,24.627526488113414,24.47089220901169,24.56125831604004,1552500
2017-03-07,24.44076538085938,24.48896123980823,24.392571820015565,24.440765380859375,1260400
2017-03-08,24.573302430182476,24.621495992468407,24.404619216918945,24.404619216918945,1446100
2017-03-09,24.519082502598742,24.519082502598742,24.40461848664774,24.440765380859375,1883800
2017-03-10,24.392581019220895,24.452823567521268,24.31426386794568,24.446800231933594,1989200
2017-03-13,24.729948767184244,24.862485162259116,24.70585082296946,24.79621696472168,2070200
2017-03-14,24.507027932751974,24.579319406536115,24.452808752887744,24.549198150634766,1501500
2017-03-15,24.615479334207862,24.802232598604196,24.60945370097239,24.790185928344727,1917300
2017-03-16,24.958860641374418,25.019103170014386,24.84439891771641,24.94681167602539,2324800
2017-03-17,24.778135712473073,24.820305950575275,24.567282223856452,24.645599365234375,2367000
2017-03-20,24.609453051781607,24.609453051781607,24.488967967519393,24.494991302490234,2041500
2017-03-21,24.790181661647566,24.82632626241651,24.452817499803594,24.482938766479492,2746100
2017-03-22,24.278108457426924,24.45883833713877,24.26003615888727,24.398595809936523,2633900
2017-03-23,24.36847223071957,24.476910607863328,24.356423266803052,24.428714752197266,2164600
2017-03-24,24.43474578857422,24.501011657616825,24.308232788516488,24.43474578857422,1741100
2017-03-27,24.398597885425765,24.567278814425137,24.3443786870895,24.513059616088867,2366500
2017-03-28,24.549206703254924,24.796204764664076,24.54318336921801,24.729936599731445,1819000
2017-03-29,24.531130434725238,24.681739040443137,24.525104803557753,24.61547088623047,1623100
2017-03-30,24.62149820222447,24.79018143062716,24.609449236045325,24.729936599731445,1692600
2017-03-31,24.6576473365909,24.687768605717345,24.567281231106048,24.591379165649414,1625900
2017-04-03,24.51306062419877,24.53715855736266,24.247990253712157,24.43474578857422,2209600
2017-04-04,24.392572476458337,24.434742705120932,24.32027868608952,24.398595809936523,1522600
2017-04-05,24.663662412935633,24.802222043007184,24.488958191257012,24.507030487060547,2678500
2017-04-06,24.46487567589918,24.597412056892882,24.422705427056858,24.48897361755371,1807400
2017-04-07,24.5010079064404,24.53715480065204,24.39859515333165,24.440765380859375,1330700
2017-04-10,24.651621703902297,24.699817572989026,24.531136627396528,24.591379165649414,1422200
2017-04-11,24.74801434803165,24.790184585973506,24.585356731067787,24.772109985351562,1882700
2017-04-12,24.76006228350183,24.778136885047847,24.633551563208368,24.681747436523438,1292600
2017-04-13,24.25401580997676,24.38052882162495,24.18172430196751,24.19377326965332,2842600
2017-04-17,24.247988191261157,24.48293727436164,24.235939225704055,24.452816009521484,1544000
2017-04-18,24.205822237339127,24.241969140396556,24.013043350577398,24.19377326965332,2775200
2017-04-19,24.061235513871708,24.127503683209316,23.87448227094442,23.934724807739258,2413400
2017-04-20,24.097379513502677,24.145575375620176,24.07328158244393,24.11545181274414,2083300
2017-04-21,24.163648582300983,24.181720882221132,24.031112254605798,24.061233520507812,1405400
2017-04-24,24.5974063873291,24.663672264445836,24.555233850101107,24.5974063873291,2764200
2017-04-25,24.820302473742284,24.93476420425649,24.79018120761805,24.84440040588379,2075500
2017-04-26,24.844404961480965,24.94681774470335,24.80223242344771,24.808258056640625,1759400
2017-04-27,25.001030626595558,25.001030626595558,24.850422008363054,24.958860397338867,1520600
2017-04-28,24.85042288288462,24.934763344366058,24.79018035271365,24.802227020263672,1864200
2017-05-01,24.850421735217864,24.94681115790299,24.826323805020305,24.868494033813477,1027900
2017-05-02,24.940788342403458,24.976932940345375,24.868494550309304,24.94681167602539,3087500
2017-05-03,24.946815402932856,25.133570946585195,24.922717468634715,25.073326110839844,1751700
2017-05-04,25.922762269493145,25.928787902935973,25.66974081943375,25.784202575683594,4575400
2017-05-05,25.711902618408203,25.72997491659089,25.615513197925434,25.711902618408203,1682500
2017-05-08,25.82637398796168,25.82637398796168,25.669741982935793,25.71793556213379,1478100
2017-05-09,25.958904174557084,25.995051073932526,25.82034450744262,25.850465774536133,2309500
2017-05-10,26.193853796379322,26.205902763077525,26.103489993300926,26.163732528686523,2127200
2017-05-11,26.26012636129387,26.290247634030326,26.187834847105215,26.248077392578125,2781900
2017-05-12,26.314342079649194,26.356512315505565,26.254099542170238,26.344463348388672,1615400
2017-05-15,26.50711980521326,26.663751774714054,26.501096470969358,26.645679473876953,1882900
2017-05-16,26.736041852679495,26.772186449322454,26.705920589442005,26.754114151000977,1803300
2017-05-17,26.52868064243235,26.52868064243235,26.224033420514495,26.260589599609375,2555900
2017-05-18,26.22403520716776,26.37635882850455,26.1935709477552,26.272777557373047,1963100
2017-05-19,26.315429154456275,26.473847029277625,26.309337232012737,26.41291618347168,1857000
2017-05-22,26.47384079472933,26.504305048320962,26.394631875972234,26.443376541137695,1622900
2017-05-23,26.528679478241752,26.56523565573239,26.40072820847702,26.467748641967773,1535800
2017-05-24,26.437288580014194,26.479939010035224,26.28496495157505,26.364173889160156,1350100
2017-05-25,26.47993474269426,26.48602898844322,26.382447729174572,26.43119239807129,1337400
2017-05-26,26.38244844958764,26.40682078470152,26.272775265848974,26.29105567932129,1442900
2017-05-30,26.510400943685642,26.5347732799222,26.419008169209423,26.449472427368164,1244500
2017-05-31,26.778493445470023,26.808957705280307,26.45556578351371,26.498218536376953,2077200
2017-06-01,26.644437335812217,26.699273911411208,26.528672264780184,26.69318199157715,1440000
2017-06-02,26.69318973803434,26.7236539945917,26.60179464408848,26.68100357055664,1055800
2017-06-05,26.80895837914199,26.851608808803242,26.754121780395508,26.754121780395508,952600
2017-06-06,26.918628640188764,26.99174332245025,26.900350550691854,26.967370986938477,1466400
2017-06-07,26.92471648747591,26.985647317034832,26.83941565036691,26.973461151123047,1285600
2017-06-08,26.94299689848033,27.028297735589334,26.918624566656764,26.973461151123047,1286500
2017-06-09,26.967371071924,27.04048807868975,26.815047460906126,26.936906814575195,2017600
2017-06-12,26.711467944363875,26.77849070364853,26.656631352610408,26.6688175201416,1323500
2017-06-13,26.705371892304818,26.754114230616974,26.60179064644715,26.723649978637695,1145300
2017-06-14,26.687101666502418,26.687101666502418,26.528686101188764,26.61398696899414,1414100
2017-06-15,26.632251171870987,26.754110487010195,26.607878843988523,26.69318199157715,1510200
2017-06-16,26.723662899141676,26.833336118711237,26.668826289356897,26.808963775634766,1551200
2017-06-19,26.863790196292427,26.942999119110645,26.82723169554394,26.91862678527832,1172400
2017-06-20,26.626171888229763,26.656636150403955,26.44338399091041,26.50431251525879,1492200
2017-06-21,26.540872906170303,26.577429093661465,26.461663959482152,26.48603630065918,1368200
2017-06-22,26.400724526150793,26.41900261234672,26.345887943289597,26.388538360595703,1214900
2017-06-23,26.492119114423623,26.49821335975955,26.376354020050478,26.419004440307617,1158100
2017-06-26,26.827236470632783,26.906445407549725,26.74193561131028,26.754121780395508,1571600
2017-06-27,26.778489550721492,26.936905073258934,26.729744882695385,26.8759765625,1716600
2017-06-28,26.955187385800368,27.223276106018663,26.943001217934917,27.204998016357422,2781300
2017-06-29,28.460142774529274,28.521073613179116,28.25298257166749,28.3504695892334,5372800
2017-06-30,28.28345295914237,28.326105717578933,28.11285122249348,28.265174865722656,1750900
2017-07-03,28.594191292093466,28.801351516666635,28.563727031712663,28.78307342529297,1371500
2017-07-05,28.557636900386047,28.734332890041284,28.50280029408871,28.728240966796875,1625000
2017-07-06,28.661215215579446,28.844003109511306,28.64293479919434,28.642934799194336,1427200
2017-07-07,28.56372621977364,28.64293282965742,28.484517285615844,28.60637664794922,1381400
2017-07-10,28.953669953519576,29.063343130653163,28.92320569859884,29.032878875732422,1573500
2017-07-11,29.099902283108953,29.185205459594727,29.038973767035873,29.185205459594727,2066900
2017-07-12,29.23394699766409,29.367992518439785,29.191296572739798,29.355806350708008,1406300
2017-07-13,29.276592997514687,29.483753169095525,29.270501076706495,29.46547508239746,1156700
2017-07-14,29.12427573569083,29.428922976282312,29.09990339861775,29.374086380004883,1358800
2017-07-17,29.447197584992615,29.46547567205646,29.32533824792876,29.3375244140625,722400
2017-07-18,29.148648332094528,29.28269386291504,29.10599790397419,29.28269386291504,997700
2017-07-19,29.313158035278324,29.36799463188066,29.252227192234614,29.31315803527832,1607000
2017-07-20,29.30706378883695,29.355808463271917,29.270507607284728,29.31315803527832,1490400
2017-07-21,29.20956997555135,29.233942307104382,29.020690216699013,29.16082763671875,1425400
2017-07-24,29.270497666187023,29.435007400121822,29.185196839170434,29.380170822143555,1320200
2017-07-25,30.09914078602502,30.16006928922318,29.965095289860983,29.98946762084961,2062700
2017-07-26,29.94072636966924,30.093049969290487,29.88588978083464,30.074771881103516,1657200
2017-07-27,30.147889553686678,30.184448057966836,29.80668381989359,29.89807891845703,1264500
2017-07-28,29.63608438522603,29.855430779160862,29.599528202419616,29.79450225830078,2270600
2017-07-31,30.361146219378348,30.574398365853835,30.300215374475297,30.519561767578125,1966700
2017-08-01,30.939971806181045,30.98871647842952,30.769370101859177,30.952157974243164,1913300
2017-08-02,30.829088482946595,30.89677747801629,30.755247009860614,30.890625,1305600
2017-08-03,30.81062253904158,30.872156696409345,30.706014002040856,30.80447006225586,1187600
2017-08-04,30.83523714093974,30.995227358522506,30.77370063619434,30.80447006225586,1029800
2017-08-07,30.804470045806543,30.81062252258898,30.675244559599026,30.718318939208984,622500
2017-08-08,30.552177692010677,30.74293499721054,30.533715566033653,30.632171630859375,1180400
2017-08-09,30.46602458949882,30.626017151491585,30.44141233543482,30.5767879486084,1406400
2017-08-10,29.99221352091012,29.998365999037897,29.641461235795013,29.65376853942871,1670800
2017-08-11,29.463011797347693,29.53070079501277,29.339941105900117,29.395322799682617,1403600
2017-08-14,29.70299693517337,29.770685929603744,29.635307940742997,29.641460418701172,1085500
2017-08-15,29.524542585646866,29.56146449306307,29.432241338173252,29.481468200683594,920000
2017-08-16,29.616847718558976,29.666074583625765,29.524544118913926,29.55531120300293,756900
2017-08-17,29.22302009146522,29.352243238397982,29.044567737675525,29.05072021484375,1395700
2017-08-18,28.98303042506467,29.24763153613571,28.952263345321512,29.124563217163086,1264900
2017-08-21,29.106104714917286,29.167641229442175,29.019955941960454,29.118412017822266,1075700
2017-08-22,29.173793418374515,29.309171401610968,29.173793418374515,29.247634887695312,1052200
2017-08-23,29.13071513978043,29.247630979530516,29.118407838641843,29.192249298095703,1064900
2017-08-24,29.35224424528724,29.401471106455045,29.173791885375977,29.173791885375977,881300
2017-08-25,29.49377888336504,29.57377518491269,29.278406933865426,29.395322799682617,1312000
2017-08-28,29.598382599053036,29.610689900920498,29.426085067664225,29.4630069732666,1037500
2017-08-29,29.469166145231622,29.635311237119975,29.426091752598904,29.586084365844727,1370500
2017-08-30,29.83221471957205,29.869136622797882,29.739913482573964,29.758373260498047,1335200
2017-08-31,29.875296483810864,29.893758613675825,29.659924530204997,29.782995223999023,1273900
2017-09-01,29.9368337149718,29.99221541112473,29.84453010559082,29.84453010559082,724700
2017-09-05,29.592232136423792,29.610691916792803,29.204560317028765,29.3276309967041,1445700
2017-09-06,29.192247411391794,29.370699745301394,29.167635158082987,29.278398513793945,858100
2017-09-07,29.450702600595548,29.450702600595548,29.08764537521779,29.204561233520508,989300
2017-09-08,29.499925711262364,29.610689077611976,29.4383915510138,29.450698852539062,1088400
2017-09-11,29.579918038623532,29.906053269572162,29.5737655623732,29.826059341430664,946500
2017-09-12,29.912213180659503,30.109125317444988,29.899905878688184,30.029129028320312,924500
2017-09-13,29.91221017864213,29.949129733472983,29.70299076088278,29.746065139770508,1009900
2017-09-14,29.733763473964935,29.75222325487873,29.6230000937261,29.690689086914062,1147200
2017-09-15,29.60454167227206,29.68453797220204,29.57377458687688,29.65376853942871,1222500
2017-09-18,29.887601935912716,29.97990553738311,29.869142154569875,29.942983627319336,900200
2017-09-19,30.121436231920395,30.367575258733115,30.07220701813098,30.299888610839844,1262100
2017-09-20,30.17681467377888,30.281423220748138,30.096818383675537,30.146047592163086,922200
2017-09-21,30.182968871666677,30.23835056068316,30.109127402104033,30.139894485473633,720200
2017-09-22,30.12143451987776,30.275272283158667,30.059898006138607,30.219890594482422,827200
2017-09-25,29.97989706884076,30.08450559673846,29.727603289783296,29.826059341430664,832700
2017-09-26,29.936825605023074,29.95528538294716,29.659917199273494,29.758373260498047,621700
2017-09-27,30.20143219696617,30.207584674932814,30.02913229798495,30.07836151123047,1032600
2017-09-28,30.090660755231696,30.31218511337044,30.04758637886771,30.287572860717773,1012100
2017-09-29,30.18296659257059,30.496796922426196,30.18296659257059,30.40449333190918,882300
2017-10-02,30.17681539140743,30.256809336035232,30.146048309059974,30.207582473754883,927400
2017-10-03,30.30604339862971,30.509110399920484,30.293736094244363,30.49064826965332,917500
2017-10-04,30.55832599143666,30.595247890965346,30.44141016399529,30.49679183959961,716300
2017-10-05,30.349117595901358,30.601411465739265,30.342965117437238,30.57064437866211,1044400
2017-10-06,30.3244952340822,30.484487801782592,30.3244952340822,30.45987319946289,884600
2017-10-09,30.59525125846021,30.619863513477547,30.472180593862795,30.515254974365234,608300
2017-10-10,30.89062738860392,31.136766433715817,30.87216525837127,31.13676643371582,1596900
2017-10-11,30.773700084097218,30.804469509606715,30.638324470841326,30.767547607421875,1359300
2017-10-12,30.549999720262466,30.68674276163142,30.512704870204512,30.59972381591797,1141600
2017-10-13,30.68052813883265,30.717820617802165,30.47541002014656,30.59972381591797,1509300
2017-10-16,30.62459087875827,30.699178217112554,30.581081400460874,30.668100357055664,1122900
2017-10-17,30.574862954493483,30.574862954493483,30.425688284865817,30.52513885498047,1356700
2017-10-18,30.56243754326076,30.81728220021338,30.5437912985429,30.761341094970703,1476800
2017-10-19,30.487848283849665,30.599730487327854,30.450555796749573,30.574867248535156,1770700
2017-10-20,30.742698664934366,30.798639781433018,30.661896674172656,30.79242515563965,2006100
2017-10-23,30.5500006265118,30.6121563406971,30.357314118795752,30.382177352905273,1061500
2017-10-24,30.500274658312325,30.587293608033733,30.46297980653663,30.48162841796875,902600
2017-10-25,30.686749452013345,30.748907548995092,30.413260938560523,30.574867248535156,1643500
2017-10-26,30.599731438955203,30.655672542434022,30.46298599243164,30.46298599243164,1022500
2017-10-27,30.52514171902639,30.630806922336056,30.419474144627877,30.56865119934082,1055200
2017-10-30,30.264076252676308,30.320017340322554,30.16462569364835,30.295156478881836,1692700
2017-10-31,30.419475556725477,30.419475556725477,30.270300866176562,30.313810348510742,1104800
2017-11-01,30.313810823062806,30.3883981695049,30.152202139501107,30.257869720458984,1601400
2017-11-02,29.990588200695214,30.07139252192826,29.922215495889436,30.052743911743164,1383700
2017-11-03,30.096253383694407,30.102470377452235,29.990588200695214,30.052743911743164,703700
2017-11-06,29.953301429400792,30.02167415264574,29.872499457464972,29.996810913085938,717400
2017-11-07,29.959519382533216,29.996811871976,29.816559307127964,29.866283416748047,1531600
2017-11-08,30.003019817122482,30.114901993879503,29.95951034517124,30.052743911743164,1208800
2017-11-09,30.24543810087047,30.30137920347429,30.10247803223604,30.257869720458984,1339200
2017-11-10,30.301378253141174,30.431906698093364,30.251651776346673,30.282732009887695,1159800
2017-11-13,29.8538508422506,30.009242532865837,29.828989973779827,29.996810913085938,1059400
2017-11-14,29.8600654725989,30.065181254998386,29.847633853803654,30.034103393554688,905400
2017-11-15,29.853842811411344,30.15219449260376,29.810333339430475,30.10247039794922,838000
2017-11-16,30.083829390271188,30.11490725122061,29.934652338189622,30.00302505493164,712100
2017-11-17,29.909792422738313,30.077615735810014,29.909792422738313,30.00924301147461,614100
2017-11-20,30.046529769897464,30.09003924254497,29.97815706399754,30.04652976989746,767900
2017-11-21,30.040314666404285,30.108685000121675,29.984373578025775,30.052743911743164,984100
2017-11-22,30.568651199340824,30.61837530351924,30.438122758397522,30.56865119934082,1168900
2017-11-24,30.5189208986559,30.550001127346587,30.45055056036661,30.48162841796875,420100
2017-11-27,30.5997252252923,30.705392786445827,30.48162841796875,30.48162841796875,929700
2017-11-28,30.68674145001469,31.009956356770086,30.605939501642094,30.97266387939453,1736900
2017-11-29,30.99131679237897,31.121845233480723,30.76755239558234,30.94780731201172,1701700
2017-11-30,30.972670543713694,31.065904128301778,30.804847246148523,30.860788345336914,1995200
2017-12-01,30.798626908303504,30.91672608882097,30.556216295161367,30.80484390258789,1770900
2017-12-04,30.78619717370734,30.842138270245236,30.612159260517767,30.668100357055664,1190000
2017-12-05,30.618370517081424,30.66809698457516,30.48162747365059,30.50649070739746,1151600
2017-12-06,30.20814466787212,30.24543952839791,30.121125697734378,30.177066802978516,1185300
2017-12-07,30.121116703578686,30.407036768966798,30.09625347065231,30.344881057739258,1201300
2017-12-08,30.63080169301185,30.717820638784744,30.48784165765803,30.686742782592773,1249400
2017-12-11,31.034826769904534,31.25237417522576,31.034826769904534,31.20265007019043,1830100
2017-12-12,31.202643451978705,31.469917276734247,31.19021183558445,31.420190811157227,1019400
2017-12-13,31.985822197903907,32.141213874774124,31.936098094271625,31.973390579223633,2272400
2017-12-14,31.66261101216205,31.762061602409194,31.612886902583032,31.643964767456055,1425600
2017-12-15,31.2337245786953,31.271019431784154,31.134274008213644,31.183998107910156,1374200
2017-12-18,31.507220275300945,31.637751105481563,31.438849918935794,31.513437271118164,1454100
2017-12-19,31.438843720197063,31.50721406308176,31.333176151941245,31.41398048400879,874700
2017-12-20,31.805567738515414,31.81799935737347,31.61288357393767,31.76205825805664,7156100
2017-12-21,31.768280018022324,32.02312231511469,31.743416776576918,31.99204444885254,2968900
2017-12-22,31.979605692924462,32.15364360203299,31.9174476031795,32.11013412475586,2048300
2017-12-26,31.954748154760544,32.147434710694135,31.954748154760544,32.02312088012695,1407400
2017-12-27,31.936091437250134,32.029325001284604,31.898796588983352,31.998247146606445,1459500
2017-12-28,31.936101910056653,32.04176712483084,31.923670289891025,32.02312088012695,1207300
2017-12-29,32.153646942101645,32.23445128161958,32.09770584106445,32.09770584106445,2013400
2018-01-02,32.321466963273146,32.5949554455243,32.25309424993819,32.57630920410156,2119600
2018-01-03,32.116353055227925,32.42713643236505,32.116353055227925,32.41470718383789,2283600
2018-01-04,32.35255715045046,32.51416587465667,32.3401255277354,32.48308563232422,2857400
2018-01-05,32.33391329100369,32.43336390898278,32.25310892293013,32.427146911621094,1871100
2018-01-08,32.09148932021147,32.22823238159543,32.08527232541428,32.16607666015625,1255300
2018-01-09,32.30903960264499,32.476862910829716,32.30903960264499,32.41470718383789,1272700
2018-01-10,33.49002026375228,33.67648983184984,33.37813804867589,33.5148811340332,2724500
2018-01-11,33.67026378803991,33.77593134992322,33.620539689750785,33.751068115234375,1322700
2018-01-12,33.80079986487091,34.111583233765415,33.782151250396765,34.08050537109375,2119700
2018-01-16,33.96240332731631,34.31048152490069,33.95618870373834,34.1240119934082,3301500
2018-01-17,34.161310655304874,34.62127112918875,34.080508678734205,34.5715446472168,2682700
2018-01-18,34.16752434596061,34.521817196926776,34.1302294880893,34.42858123779297,2950600
2018-01-19,34.24832631785703,34.409934997558594,34.24832631785703,34.409934997558594,3266100
2018-01-22,34.40370849212528,34.49694442549436,34.329121168082985,34.47829818725586,1814800
2018-01-23,34.416158189005955,34.534257416130366,34.34778545142646,34.47209930419922,2032400
2018-01-24,34.72071357684116,34.7393598176618,34.434793485844516,34.559104919433594,2080200
2018-01-25,34.55910534382891,34.55910534382891,34.22967577281288,34.2607536315918,1517000
2018-01-26,34.322919828243215,34.465879909268175,34.19238899679504,34.44723129272461,1798200
2018-01-29,33.96240854960945,34.15509510539744,33.943762304919645,34.024566650390625,1628200
2018-01-30,33.87538478646669,33.91267964165843,33.657837392236814,33.68891525268555,1703900
2018-01-31,33.65162324452025,33.73864220957426,33.471368319143245,33.508663177490234,1548200
2018-02-01,33.570815107414546,33.707560534801196,33.50244476480992,33.64540481567383,1299800
2018-02-02,33.396783364513155,33.427861229816116,33.07356834896621,33.123294830322266,1617600
2018-02-05,32.95547252746908,33.12951047539769,32.03555393384911,32.06041717529297,3265900
2018-02-06,31.755839979716196,32.644680471524396,31.681252646240203,32.53901290893555,3959500
2018-02-07,31.992031633022417,32.44577493773255,31.992031633022417,32.159854888916016,2349700
2018-02-08,32.526593279906265,32.532807904913206,31.606672286987305,31.606672286987305,2723400
2018-02-09,31.79935028573542,32.134996851777004,31.17156900132903,31.942310333251953,3197400
2018-02-12,31.687472359791727,32.110137935868394,31.569375531892558,31.936100006103516,2054900
2018-02-13,32.09148836335158,32.19715356086537,31.998252412883996,32.12256622314453,1414200
2018-02-14,32.52658612222672,33.13572119570146,32.50172288549172,33.06734848022461,1806200
2018-02-15,33.47758292161622,33.49001454017667,33.09842685433321,33.409210205078125,2080100
2018-02-16,33.359481841085746,33.6640505508416,33.32840398198952,33.45893478393555,1681500
2018-02-20,32.21578842761252,32.40225787789522,32.03553359820125,32.333885192871094,3009300
2018-02-21,32.52036856535451,32.89952462019842,32.433349609375,32.433349609375,1987500
2018-02-22,32.43335256541776,32.54753236666345,32.2049929629264,32.37626266479492,1844900
2018-02-23,32.32551830557824,32.51581718712228,32.30648914335831,32.496788024902344,1393000
2018-02-26,32.217683076096456,32.45238494873047,32.1859669992186,32.45238494873047,1565200
2018-02-27,32.008355001817726,32.147908654232786,31.811713858631123,31.818056106567383,2137300
2018-02-28,31.919543011225844,31.963945997777216,31.462823812661693,31.481855392456055,1902700
2018-03-01,31.672154307433683,31.71655729406287,31.253495847943306,31.46282386779785,2673600
2018-03-02,31.17102513114012,31.41207159005756,31.03781620112551,31.38669776916504,2283700
2018-03-05,30.8855844601574,31.380364428845525,30.841181470885335,31.278871536254883,1556300
2018-03-06,31.367675691769577,31.393049518387915,31.14565833853104,31.323272705078125,1675300
2018-03-07,31.152002826587903,31.278869539171414,30.949017054366795,31.234466552734375,1216900
2018-03-08,31.158347627710633,31.209095284816897,31.006109495954792,31.139318466186523,1278200
2018-03-09,31.24715375388246,31.462826458028964,31.202750763597724,31.431110382080078,1311400
2018-03-12,31.354982738967248,31.437446449702318,31.310579760828556,31.329608917236328,1408200
2018-03-13,31.33595308879528,31.405727467784622,31.031472072383654,31.107593536376953,1423600
2018-03-14,31.08222320527416,31.107597029454492,30.8538636272133,30.910953521728516,1693200
2018-03-15,31.069534995847086,31.35498445650396,31.056848084286674,31.24080467224121,1176500
2018-03-16,31.450135872847543,31.602373975832386,31.44379120701758,31.456478118896484,2542100
2018-03-19,31.49453214254724,31.50721663194186,31.190051161905252,31.354978561401367,1204000
2018-03-20,31.469171409986178,31.500887486222197,31.32327552347528,31.3613338470459,1257800
2018-03-21,31.354987236059465,31.494540855814183,31.13931455997544,31.297897338867188,1291900
2018-03-22,30.6889439452135,30.758720763950347,30.39080750871296,30.46692657470703,2613500
2018-03-23,30.327366833101056,30.454231100840442,30.00385665893555,30.003856658935547,2916500
2018-03-26,30.524012420220718,30.6508791265284,30.21953377695097,30.600133895874023,2863800
2018-03-27,30.68893954431164,30.69528179065936,30.067295351646155,30.200504302978516,2286800
2018-03-28,30.130726911230884,30.416176386977707,30.01020487470715,30.276622772216797,1806100
2018-03-29,30.099006640047133,30.32736618877565,29.95945304476176,30.238557815551758,2413000
2018-04-02,30.194160869208314,30.27662459378121,29.756473259917513,30.02923583984375,2018900
2018-04-03,30.003857935546833,30.105350805925163,29.807216860315574,30.099008560180664,1849900
2018-04-04,29.654983721820724,30.213195857652643,29.64229680739483,30.194164276123047,2019900
2018-04-05,30.18148134228977,30.365435561524553,30.14976284469398,30.282974243164062,2159600
2018-04-06,30.029233798725002,30.206845729011484,29.800874219910344,29.921396255493164,1887200
2018-04-09,30.29565193067289,30.54938533573253,30.19415905260525,30.276622772216797,1316500
2018-04-10,30.587452076666683,30.682600307405597,30.51133058833768,30.612823486328125,1193000
2018-04-11,30.955362578268183,30.955362578268183,30.695286878839934,30.701631546020508,1309400
2018-04-12,31.01878280140645,31.190050019546586,30.94900601338914,31.145647048950195,1291200
2018-04-13,31.462818235395957,31.462818235395957,31.113936651573507,31.164684295654297,1471600
2018-04-16,30.968048321945393,31.00610906424516,30.79677861126862,30.91730308532715,1157800
2018-04-17,31.069537933650366,31.082224846410398,30.94267122583123,30.980731964111328,965100
2018-04-18,30.929985547334528,31.012449273674868,30.752373601168834,30.809463500976562,1059900
2018-04-19,31.380359243540784,31.545284259330252,31.31058243770565,31.34229850769043,1710500
2018-04-20,31.519912628579135,31.577002526436456,31.405732832864498,31.475509643554688,1267400
2018-04-23,31.627751256201904,31.735586389286436,31.570661356397952,31.68484115600586,1283500
2018-04-24,31.779987922296836,31.9639445265605,31.61506289695156,31.703868865966797,1599700
2018-04-25,31.67215297677792,31.900512566866006,31.55163093524529,31.792675018310547,1277800
2018-04-26,31.710207035834884,31.80535523180944,31.640430240251803,31.69117546081543,812400
2018-04-27,31.659465790526863,31.925886116588536,31.6467788778781,31.862451553344727,925000
2018-04-30,31.938567246975477,32.07177860587245,31.881477355957035,31.88147735595703,1108500
2018-05-01,31.843427573511292,31.843427573511292,31.659470939855932,31.79902458190918,871300
2018-05-02,31.83707129713429,31.944908822975602,31.653117150337877,31.69117546081543,1024400
2018-05-03,31.684841434654743,31.70387059482965,31.247151392381454,31.61506462097168,1839000
2018-05-04,30.428866614899515,31.107600764644282,30.428866614899515,31.06954002380371,1793800
2018-05-07,30.968043822190452,31.05050754196698,30.8982670146704,30.94901466369629,1441400
2018-05-08,30.68260098241529,30.860215372642212,30.64454265719508,30.8475284576416,1335100
2018-05-09,31.12663200746696,31.469171438603084,31.120289760126592,31.424768447875977,1538400
2018-05-10,31.39305242826904,31.691186449434618,31.316930941358176,31.672157287597656,1320800
2018-05-11,31.95760286968971,32.00200585501651,31.811707000790037,31.83073616027832,1100500
2018-05-14,31.887829509678,31.976635489942893,31.818052690960876,31.85611343383789,821200
2018-05-15,31.93222873055271,32.027379366622995,31.792675109591272,31.837078094482422,1336000
2018-05-16,31.881481885738165,32.021035510229275,31.830736653056743,31.91320037841797,1257300
2018-05-17,31.804283142089844,31.906794836536946,31.682551268706284,31.804283142089844,1202500
2018-05-18,32.015700939227024,32.04773537152271,31.823489457311865,31.893966674804688,1085800
2018-05-21,31.94523168827133,32.10540633376481,31.93241742334332,32.015708923339844,798500
2018-05-22,32.457796304639906,32.52827355325678,32.34247034218894,32.361690521240234,1347300
2018-05-23,32.04774565533791,32.079780097913144,31.746616518173855,31.881162643432617,1401700
2018-05-24,31.746611498722668,31.772240026359253,31.451890763114683,31.60565948486328,1222100
2018-05-25,31.4390875926609,31.57363374412156,31.394238875507348,31.483936309814453,960100
2018-05-29,31.003403238930915,31.15717197026754,30.74071692445378,30.856042861938477,1928000
2018-05-30,30.779157985505584,31.246867619386467,30.779157985505584,31.163576126098633,1510800
2018-05-31,30.99700736999512,31.06748462618556,30.843238588845807,30.997007369995117,1432500
2018-06-01,31.291713015710545,31.36859614689397,31.169981187664234,31.246864318847656,1294200
2018-06-04,31.522373034560314,31.541593211326855,31.38141855408221,31.44548988342285,920600
2018-06-05,31.362204168587752,31.394238617137827,31.150772408828093,31.21484375,825500
2018-06-06,31.400641126787345,31.669735842407952,31.330166325242217,31.618478775024414,2087100
2018-06-07,31.727396731450323,31.797873972424956,31.548001895566774,31.59925651550293,884400
2018-06-08,31.59284089526634,31.676129932574703,31.432666285575603,31.6376895904541,750900
2018-06-11,31.285313489587825,31.68254593316493,31.285313489587825,31.580034255981445,1949500
2018-06-12,31.63129305680713,31.746619014403063,31.548003988376784,31.560815811157227,1044000
2018-06-13,31.797876595099016,31.804282506592642,31.586444854736328,31.586444854736328,1110500
2018-06-14,31.631292195406477,31.765840771651966,31.47752588551368,31.496746063232422,1598400
2018-06-15,31.099522004440008,31.16359091024311,30.977787661713187,31.080299377441406,1417700
2018-06-18,30.88809021596001,31.08670773446497,30.84324149308342,31.080299377441406,878600
2018-06-19,30.70227914323791,30.881676433098615,30.593361542314863,30.811199188232422,1606800
2018-06-20,31.221242770682622,31.22765112542119,30.907301822486946,30.913707733154297,1131600
2018-06-21,30.606175395863872,30.63180392893679,30.292231975899238,30.381929397583008,1674800
2018-06-22,30.83682634790437,30.93933803294165,30.689465953417745,30.721500396728516,2119200
2018-06-25,30.26660626417245,30.317860886885736,30.11283750788965,30.215349197387695,1575200
2018-06-26,30.317865326356962,30.49726019822962,30.176910816130263,30.433191299438477,1206800
2018-06-27,30.240970616220316,30.343482281601233,29.82451560082048,29.837329864501953,1586700
2018-06-28,29.965472826126504,30.138461735704674,29.88858968100436,30.074390411376953,1118800
2018-06-29,30.36911482036714,30.542101292739314,30.183311638549664,30.202531814575195,1551900
2018-07-02,29.632310840177222,29.818114024454893,29.619496574633462,29.805299758911133,1413300
2018-07-03,30.02954919321491,30.06799199739593,29.92703749280392,29.939851760864258,1328500
2018-07-05,30.14487628618182,30.279422439726776,30.067993119023534,30.183319091796875,1171300
2018-07-06,29.86936824706251,30.22816034532337,29.798891009540625,30.202531814575195,1050800
2018-07-09,30.40756423178813,30.683064909233334,30.388344050036306,30.65743637084961,1316200
2018-07-10,30.343488680413373,30.458814633795612,30.317860147645895,30.401151657104492,1198800
2018-07-11,30.170492686345252,30.285818612725556,29.920620660544873,29.965469360351562,1190300
2018-07-12,30.433181244172157,30.503658475999497,30.311449399061033,30.4652156829834,1288000
2018-07-13,30.42677794397992,30.43318385466325,30.240974761237513,30.39474105834961,703000
2018-07-16,30.24098215899323,30.48444837372885,30.215353621848042,30.433191299438477,993200
2018-07-17,30.23456538809059,30.273008183109358,30.13205371211169,30.13846206665039,1084100
2018-07-18,30.228165318914254,30.44600297797326,30.17050233727888,30.38833999633789,1524700
2018-07-19,30.324266113593435,30.36911482036714,30.11924031167922,30.202531814575195,1015800
2018-07-20,30.2666067444759,30.420373059127364,30.215349676877743,30.356304168701172,866300
2018-07-23,30.52929252194796,30.69587310031356,30.503663988638955,30.618989944458008,894400
2018-07-24,31.1828006585624,31.310940871361517,30.97777729571232,31.016220092773438,1379000
2018-07-25,30.843229269297414,31.112323943981465,30.80478891867907,31.073881149291992,991400
2018-07-26,30.952148451156503,31.0162173298131,30.75353101680738,30.779159545898438,938400
2018-07-27,30.990590367049524,31.09951039915604,30.791975366733045,30.888078689575195,1051900
2018-07-30,30.84964354475765,31.009818220599442,30.82401501004578,30.862455368041992,1093700
2018-07-31,31.21483458514334,31.272497553231993,31.009811241732795,31.02262306213379,1392400
2018-08-01,30.48443499716792,30.6125727385234,30.362700721181163,30.37551498413086,1264800
2018-08-02,29.74121892431779,29.88217335617139,29.696370231286274,29.862953186035156,1337700
2018-08-03,30.19612538347477,30.298637060629417,30.157682588015085,30.23456573486328,1236100
2018-08-06,29.818117520612322,29.843746054704773,29.645128581595557,29.74123191833496,1327900
2018-08-07,30.13846766759363,30.196130648802317,29.92063001014655,29.946258544921875,930300
2018-08-08,30.151271822067358,30.27300365531319,30.087200506618935,30.208934783935547,1011200
2018-08-09,30.285819833910285,30.317854271625208,30.055167971849333,30.093610763549805,893200
2018-08-10,30.285830979605212,30.285830979605212,29.59387513877098,29.722015380859375,1715500
2018-08-13,29.574646345175164,29.664343755293874,29.427285965112837,29.465728759765625,1177200
2018-08-14,29.504167378752644,29.581050519474836,29.452912766294844,29.484947204589844,1178900
2018-08-15,29.062091841149556,29.062091841149556,28.863474375094892,29.00442886352539,1680900
2018-08-16,29.27652501073034,29.334831976835257,29.166391003291704,29.205263137817383,1038100
2018-08-17,28.933161589796033,29.16638944172874,28.874854626812855,29.10160255432129,950000
2018-08-20,29.133996403469784,29.244130401873345,29.108081649245303,29.185823440551758,870100
2018-08-21,29.179342568427145,29.31539130511292,29.127513066051595,29.211734771728516,1079700
2018-08-22,29.276525497436523,29.32187508612013,29.127519352995066,29.276525497436523,1163200
2018-08-23,28.881347662057028,28.965566946867856,28.77121113915091,28.816560745239258,1533400
2018-08-24,28.881336582199477,28.959078381188235,28.84246444702148,28.842464447021484,918700
2018-08-27,29.0303431255844,29.412577143635176,29.0303431255844,29.36722755432129,907700
2018-08-28,29.263564245060774,29.30891629910779,29.088645838361423,29.095123291015625,888200
2018-08-29,29.069206111562448,29.237649522916293,29.03033645614748,29.211734771728516,1023000
2018-08-30,28.77120064851281,28.868379752621646,28.686978923042968,28.72585105895996,1235100
2018-08-31,28.570367137987596,28.648111415675665,28.414883525346383,28.512060165405273,1074000
2018-09-04,28.434317132726513,28.609238042929217,28.3371404968588,28.57036590576172,948600
2018-09-05,28.49910361057386,28.57036548728612,28.298267945201168,28.363052368164062,1248800
2018-09-06,28.278832479798428,28.304744765583365,27.980817715282658,28.052082061767578,1317000
2018-09-07,27.74110984802246,27.864201226165193,27.72167501762283,27.74110984802246,1477000
2018-09-10,27.90307596048596,27.922510792698027,27.773504645881903,27.799419403076172,1200400
2018-09-11,27.553233574228383,27.805896273151873,27.50788398577377,27.734634399414062,1293200
2018-09-12,27.69576398886709,27.851250067083427,27.61802218544261,27.8123779296875,1365300
2018-09-13,28.207568653239594,28.291787908485688,28.162219063070985,28.252918243408203,1767000
2018-09-14,28.188137437090738,28.265881726770672,28.11039561877865,28.214052200317383,1330900
2018-09-17,28.298267054412765,28.324181811329094,28.175175666111073,28.201087951660156,780100
2018-09-18,28.0520783438592,28.129820133644955,28.032643514254495,28.04560089111328,1087500
2018-09-19,28.5120615101508,28.719377122396043,28.48614922106678,28.62867546081543,1191600
2018-09-20,29.049785331147547,29.088657476726198,28.861907001235913,29.017393112182617,1353900
2018-09-21,29.108082478745562,29.19230419669172,29.03034068522368,29.10160255432129,887100
2018-09-24,29.25061044087932,29.25708789377736,28.868376464352963,28.92668342590332,2116800
2018-09-25,29.12104155042304,29.179348516798385,28.97203540776765,28.997947692871094,1242400
2018-09-26,29.2959647826454,29.367229132931474,29.07569427783726,29.088651657104492,1699300
2018-09-27,29.270050789195704,29.33483521585785,29.05625773274918,29.075695037841797,1427200
2018-09-28,28.635148483969637,28.699932898114465,28.473184977240585,28.499099731445312,1541400
2018-10-01,28.505582724186752,28.63515404902473,28.492625344566207,28.576847076416016,995800
2018-10-02,28.16869337256065,28.272349920142492,28.10390895708464,28.246435165405273,1354700
2018-10-03,28.499103657407062,28.699936851742468,28.43431676297038,28.609237670898438,1301800
2018-10-04,28.810069889071514,28.926683813735725,28.479662945400573,28.635149002075195,1219100
2018-10-05,28.58980126131463,28.58980126131463,28.311223809020785,28.388965606689453,1222000
2018-10-08,28.14925949198014,28.26587342086528,27.96785867406597,28.220523834228516,1343000
2018-10-09,28.129822557191257,28.278831168221732,27.993773795503067,28.181652069091797,1296800
2018-10-10,28.486140620573046,28.492618073046494,27.96785545349121,27.96785545349121,1500200
2018-10-11,27.882649981363166,27.895759190373266,27.25997630517619,27.384510040283203,3867500
2018-10-12,27.72534255235599,27.72534255235599,27.187877473351683,27.515600204467773,2150300
2018-10-15,27.292755686861085,27.5483790830119,27.259983905361917,27.371408462524414,1887800
2018-10-16,27.168215947093717,27.391067512775997,27.096116543442673,27.35173988342285,1770000
2018-10-17,27.122336298850946,27.423840637763213,27.004355905306802,27.220651626586914,1490800
2018-10-18,26.788054422899705,26.83393540365683,26.224370944653963,26.31613540649414,12463200
2018-10-19,26.637311397997674,26.715964177624826,26.460340768591497,26.519330978393555,9964600
2018-10-22,26.61764664430066,26.650418424762616,26.381685824452067,26.447229385375977,6436700
2018-10-23,26.027739031642756,26.086729223996638,25.73278806987333,25.824552536010742,8433200
2018-10-24,25.686904472444233,25.686904472444233,25.260866460208856,25.280529022216797,4870800
2018-10-25,25.555825132269007,25.765567524966148,25.46406064767828,25.65414047241211,3032700
2018-10-26,25.319860750234966,25.503384692922204,25.057681546116463,25.339523315429688,3658900
2018-10-29,26.82738623475941,26.89948564443343,26.178494048019544,26.33580207824707,4054400
2018-10-30,26.545544528127458,26.689743347890847,26.44722669641127,26.65696907043457,2676200
2018-10-31,26.97813959588994,27.122338421579883,26.919149394500998,26.93225860595703,2499400
2018-11-01,27.18132809809002,27.240318298339844,27.08956611999616,27.240318298339844,2240500
2018-11-02,27.745011466929093,27.764674033420526,27.351742634815878,27.50249481201172,2120500
2018-11-05,27.43695394719464,27.541825145976198,27.214102337243013,27.332082748413086,2119500
2018-11-06,27.253424552675625,27.391067504882812,27.22065027806106,27.391067504882812,2043000
2018-11-07,27.62703028515085,27.71223640441895,27.417287914092572,27.712236404418945,2092000
2018-11-08,27.699125762694244,27.797443587941263,27.391068077550823,27.482830047607422,1586600
2018-11-09,27.030578912520763,27.11578504428385,26.919151855122383,27.024023056030273,2799200
2018-11-12,27.030575589990836,27.030575589990836,26.74217794769825,26.794614791870117,1609600
2018-11-13,27.20754106828046,27.541819666870598,27.187878503772605,27.391067504882812,2919100
2018-11-14,27.594255930732324,27.594255930732324,27.096118425948195,27.377960205078125,1899500
2018-11-15,27.168217889847952,27.80399835773438,27.10267183623895,27.790891647338867,2151200
2018-11-16,27.41728733395836,27.71223581804379,27.377959702594723,27.686019897460938,1909900
2018-11-19,27.653252460952853,27.686026745358767,27.29931369244141,27.469728469848633,1588300
2018-11-20,27.043677410175015,27.12888601638215,26.847044280741997,26.906034469604492,1539800
2018-11-21,27.646691431570204,27.71223498153823,27.443502426147457,27.44350242614746,1519000
2018-11-23,27.476273326796818,27.4893825364385,27.33863037604826,27.358295440673828,775600
2018-11-26,28.210381405319776,28.367686961299864,28.20382554863001,28.29558753967285,2172100
2018-11-27,28.105503382842915,28.210374561496856,27.97441378444396,28.085838317871094,1571300
2018-11-28,28.0334069798235,28.393901538768777,27.90231736739075,28.361129760742188,1936400
2018-11-29,28.00062971454627,28.177600281600814,27.980964651322946,28.059619903564453,1519600
2018-11-30,27.686022919781124,27.935090444628003,27.666357851789467,27.88265609741211,1542000
2018-12-03,28.492219924926758,28.57742604938063,28.367683665557124,28.492219924926758,2232700
2018-12-04,28.35457940104196,28.393907042492764,27.74501721067919,27.88921356201172,3637100
2018-12-06,26.742180705038614,26.87982368469238,25.942538751578677,26.879823684692383,5616400
2018-12-07,27.12234560159208,27.299316252607774,26.663533080476633,26.77495765686035,2877800
2018-12-10,26.702851412498426,26.781504174299148,26.21126727567304,26.486553192138672,3089800
2018-12-11,26.78805725270477,26.814275673143023,26.283363910736266,26.388235092163086,2524500
2018-12-12,27.12233955242011,27.377962935654676,27.043684280404452,27.10267448425293,2489200
2018-12-13,27.17476595466484,27.24031199551334,26.991242040940634,27.083003997802734,1969800
2018-12-14,26.67007284058963,26.932252004796702,26.67007284058963,26.80771827697754,1247000
2018-12-17,26.86016162588988,26.91915183262168,26.5717664487159,26.676637649536133,1965000
2018-12-18,26.984684119123294,27.056783508369485,26.656961440968335,26.73561668395996,1923000
2018-12-19,26.951920561682616,27.12889116183557,26.41445540580759,26.440673828125,3763500
2018-12-20,26.971582135847164,27.063344101748832,26.702849592709686,26.86015510559082,4317100
2018-12-21,26.853611562836203,27.16822520387852,26.48656106479002,26.58487892150879,4191900
2018-12-24,26.57175606956706,26.79460759680323,26.401338872096392,26.460329055786133,1771100
2018-12-26,26.637310033871174,27.024023056030277,26.22437858640344,27.024023056030273,2421200
2018-12-27,26.41445839732222,26.676637649536133,26.119507363663235,26.676637649536133,3242700
2018-12-28,26.879825573553493,27.102677199269003,26.794619437490784,26.919153213500977,2190500
2018-12-31,26.984691037013455,27.14199906299914,26.774948669250037,26.94536590576172,1719900
2019-01-02,26.460336161090318,26.814277358271394,26.381683395158863,26.794614791870117,2565000
2019-01-03,26.565205950730306,26.72251397463896,26.407900427147865,26.499662399291992,1479400
2019-01-04,27.089564509920272,27.430393979632637,27.04368102327406,27.273088455200195,3060900
2019-01-07,26.89948111543128,27.043677410175015,26.781500737706292,26.906034469604492,2212300
2019-01-08,27.207540982241927,27.246868611459377,26.840493110850154,26.97813606262207,2888300
2019-01-09,27.17477226663454,27.24687167815175,26.958476532409293,27.161663055419922,2733700
2019-01-10,26.95847491896477,27.30586024421907,26.938809853156595,27.220651626586914,1690600
2019-01-11,27.063351528573193,27.3058657193401,27.01091467633887,27.148557662963867,2055900
2019-01-14,26.814274122639983,27.08300666577746,26.801164913178884,26.86015510559082,2763000
2019-01-15,26.84049310314348,27.043679603226703,26.748731135321886,27.01746368408203,1962600
2019-01-16,27.155111582020936,27.391072399585088,27.13544901399944,27.227210998535156,1480500
2019-01-17,26.971585439494646,27.22720880448136,26.96502958379807,27.19443702697754,1632500
2019-01-18,27.55493166434615,27.594256797340325,27.397623631390363,27.476276397705078,1600300
2019-01-22,27.142003725009044,27.246874926903814,27.037132523114273,27.12234115600586,2288100
2019-01-23,27.332077033850204,27.364848807806315,27.16165980875671,27.292749404907227,1219900
2019-01-24,26.984690269504153,27.181325921475036,26.984690269504153,27.141998291015625,1410300
2019-01-25,27.443502131040987,27.561482519975694,27.37140272665576,27.436948776245117,1606200
2019-01-28,27.22065190772122,27.325523091918427,27.161661710339896,27.27964210510254,1331300
2019-01-29,27.65979708279278,27.758112395095125,27.554925916141446,27.581144332885742,1605200
2019-01-30,27.90231676791454,27.97441617821983,27.73845538097573,27.843326568603516,1879800
2019-01-31,27.463169940509452,27.62047547459138,27.384514673142107,27.613922119140625,1925700
2019-02-01,27.253420760343985,27.4959348567239,27.220646490289983,27.338626861572266,1496700
2019-02-04,27.37796265824006,27.522161488481107,27.34519087872887,27.509052276611328,1492500
2019-02-05,27.640135085173448,27.771224683106016,27.587700746196088,27.751562118530273,901900
2019-02-06,27.672912622966216,27.77122795776396,27.561485576470417,27.594257354736328,1242000
2019-02-07,27.528714582013347,27.594258140411355,27.27309120380403,27.410734176635742,1048200
2019-02-08,27.26652936687,27.36484718322754,27.17476740511013,27.36484718322754,974000
2019-02-11,27.404180258340467,27.47627717096759,27.299309066860683,27.318971633911133,1515900
2019-02-12,27.54837636509877,27.633584988851272,27.509051231310238,27.594257354736328,1085800
2019-02-13,27.889204774526284,27.97441338732492,27.725343403935266,27.74500846862793,1592400
2019-02-14,27.686026467296045,27.876103813176304,27.613927042850126,27.77123260498047,2038700
2019-02-15,28.046524340374987,28.131730487936576,27.954762335107354,28.053077697753906,1562100
2019-02-19,26.978140973774593,27.233764359406923,26.82738878482031,27.214101791381836,6951900
2019-02-20,27.42384230682578,27.67291231950294,27.377961317691355,27.613922119140625,3107900
2019-02-21,27.52653384863544,27.53325470653497,27.331595634504243,27.43242645263672,2306100
2019-02-22,27.371923463627503,27.405532875440716,27.291257798195293,27.36520004272461,1601300
2019-02-25,27.331591960717592,27.398810787614515,27.24420543436449,27.28453826904297,1952800
2019-02-26,27.250935096490608,27.459315046133707,27.23749081518549,27.39881706237793,1667600
2019-02-27,27.546698784657373,27.68785987762078,27.519810224787904,27.64752960205078,1823800
2019-02-28,27.472759258806644,27.66097663237357,27.412261275202,27.445873260498047,2357400
2019-03-01,27.40553866330966,27.52653462277777,27.217323866018955,27.29798698425293,2006400
2019-03-04,27.358483647440195,27.418981624262962,27.230764271795366,27.34503936767578,2050100
2019-03-05,27.47948130508427,27.640807543792683,27.43242760510812,27.560144424438477,1677900
2019-03-06,27.613920285137624,27.65425056085485,27.50636604526711,27.53997802734375,1071500
2019-03-07,27.51981485975419,27.5399825651701,27.351765178617903,27.472761154174805,2177500
2019-03-08,27.32487917845442,27.499649718572922,27.32487917845442,27.472761154174805,1630600
2019-03-11,27.51981221995468,27.607198763748816,27.506367939045244,27.566865921020508,1770800
2019-03-12,27.560143110129115,27.647529647732174,27.546698830172165,27.607196807861328,1232700
2019-03-13,27.546698802749372,27.67441561586193,27.499645105063998,27.640806198120117,1975700
2019-03-14,27.65424919128418,27.748356582276017,27.573586079610333,27.65424919128418,2359300
2019-03-15,27.64753385292897,27.876081518490835,27.64753385292897,27.83574867248535,2898200
2019-03-18,27.842466278564203,27.943297099680652,27.768526582544343,27.91640853881836,2314800
2019-03-19,27.88952454094399,27.97018766507744,27.768528572626572,27.815582275390625,2119500
2019-03-20,27.781972985502623,27.869356968629717,27.68786301529465,27.70130729675293,1949500
2019-03-21,27.69458334546439,27.741637043196604,27.553422252267744,27.607196807861328,3258600
2019-03-22,27.331595902851614,27.371928743347446,27.116492548675676,27.17026710510254,2574300
2019-03-25,27.264380874894908,27.33159972087703,27.123217195557086,27.17699432373047,2316200
2019-03-26,27.264378213775707,27.318152772465858,27.163547390409438,27.277822494506836,1508300
2019-03-27,27.284542037680293,27.371928576103535,27.096327244984913,27.324874877929688,2269800
2019-03-28,27.143382317772353,27.237489718885893,27.07616091395242,27.23076629638672,2618900
2019-03-29,27.34504133392811,27.365206472907623,27.170268248657823,27.277822494506836,1968100
2019-04-01,27.822301622592665,28.12479152695419,27.802136483713344,28.071014404296875,3113300
2019-04-02,28.33989842558199,28.434005837741378,28.279400437160287,28.33317756652832,2877400
2019-04-03,28.64238744166931,28.716329710042434,28.568445173296187,28.602054595947266,2406100
2019-04-04,28.35333690195894,28.528107408147633,28.35333690195894,28.43400001525879,1447100
2019-04-05,28.63565960525618,28.67599244476211,28.514663650972587,28.554996490478516,1407400
2019-04-08,28.53483382913538,28.62222037353132,28.454170707357655,28.608776092529297,1140100
2019-04-09,28.74993778801609,28.76338206929463,28.608776680943127,28.65583038330078,1624800
2019-04-10,28.64910001781886,28.696153708773682,28.40038728502424,28.595325469970703,4159900
2019-04-11,28.675994282597536,28.73649226361663,28.548277462328052,28.62894058227539,1388000
2019-04-12,29.01209585018226,29.08603811761462,28.904544160526427,28.931432723999023,1618200
2019-04-15,28.931431565392415,28.931431565392415,28.783547036449967,28.83060073852539,908000
2019-04-16,29.12636947631836,29.200309175742557,29.025538650559444,29.12636947631836,1297600
2019-04-17,29.32802593580339,29.32802593580339,29.12636686658868,29.2137508392334,1443100
2019-04-18,29.13309358567288,29.166703009931506,29.065874737155635,29.072595596313477,917400
2019-04-22,28.965035042088488,29.112919540682196,28.917981349669386,29.05242156982422,695400
2019-04-23,28.944878826294662,29.059151381888825,28.911266837722536,29.0053768157959,1144700
2019-04-24,28.81042735620043,28.82387163355193,28.709596558181037,28.79026222229004,1134300
2019-04-25,28.581883617398802,28.80370781297635,28.554995059076052,28.743209838867188,1607300
2019-04-26,28.951597213745117,28.965041495179232,28.870934089374934,28.951597213745117,1025800
2019-04-29,28.998649489928084,29.159978294965644,28.998649489928084,29.106201171875,1250500
2019-04-30,29.086039637613727,29.328031593044177,29.025541648756114,29.28769874572754,1825500
2019-05-01,29.254083834211993,29.32130266956267,29.0322570619332,29.03898048400879,2108300
2019-05-02,29.24064128946768,29.334748690236744,29.17342245012816,29.220476150512695,2154200
2019-05-03,29.933004257088623,30.20188473553458,29.906118260631455,30.047279357910156,2373900
2019-05-06,29.166696926124814,29.489351947328284,29.126366651120733,29.435577392578125,2412600
2019-05-07,29.09276080622624,29.09948422963455,28.917990261130846,29.0053768157959,2457200
2019-05-08,28.817158396651923,28.90454494820195,28.763383832475874,28.796993255615234,2055800
2019-05-09,28.366780892212144,28.783543298283618,28.31300377440467,28.756654739379883,2214100
2019-05-10,28.60877526073236,28.88437660267472,28.501223580077646,28.810434341430664,1450800
2019-05-13,28.407112873244667,28.48105513255589,28.23234235833709,28.279396057128906,1615700
2019-05-14,28.33989842558199,28.460894402425396,28.26595615481828,28.33317756652832,1500200
2019-05-15,28.380228443963738,28.682715791688807,28.31973046157184,28.608776092529297,1593300
2019-05-16,28.66998956850212,28.819629499865183,28.656385466611457,28.724403381347656,1561500
2019-05-17,28.282281835742094,28.45232921783852,28.26187438548287,28.30268669128418,1784100
2019-05-20,28.098627992993997,28.227863058440573,28.051014937581208,28.173446655273438,1857700
2019-05-21,28.33669954609751,28.452333131079858,28.275482376334498,28.350303649902344,1550400
2019-05-22,28.261881183362785,28.459136816773,28.261881183362785,28.363910675048828,1583500
2019-05-23,28.357107515432958,28.4523362525141,28.234673162474973,28.438732147216797,1777700
2019-05-24,28.54075444027937,28.608774955791887,28.47953727367678,28.567962646484375,978400
2019-05-28,28.363906700891498,28.45233207498199,28.268680572509766,28.268680572509766,1573200
2019-05-29,28.003404450238286,28.282284675809642,28.003404450238286,28.268680572509766,2005000
2019-05-30,28.112237809165936,28.18025573223638,28.02381243340041,28.08502960205078,1927300
2019-05-31,27.58848977786321,27.772141272360855,27.547677469735753,27.7313289642334,2017600
2019-06-03,27.799343147420142,27.860560304026404,27.710920383768713,27.77893829345703,1837300
2019-06-04,27.94898990773881,28.06462089071624,27.87416863888643,28.01700782775879,1873200
2019-06-05,27.962594943892235,28.010208008438692,27.860565465739867,27.982999801635742,1450100
2019-06-06,27.90817865128808,28.06462194900723,27.826556625242745,28.010208129882812,1575100
2019-06-07,28.19385995111852,28.295886836141516,28.159850989444188,28.200660705566406,1411700
2019-06-10,28.282287509732484,28.43192747159045,28.26188005537912,28.323097229003906,959900
2019-06-11,28.486345998014144,28.49995010368377,28.377515747374996,28.397920608520508,1232200
2019-06-12,28.221071803249075,28.221071803249075,28.03742027282715,28.03742027282715,1507800
2019-06-13,28.017005751426083,28.023809099754285,27.8741665731395,27.92177963256836,1178700
2019-06-14,27.71092585016157,27.758538915279168,27.64970868147931,27.72452735900879,1684000
2019-06-17,27.887769098548727,27.91497730088914,27.615692264578527,27.642900466918945,1121500
2019-06-18,27.989796792491443,28.18704976021104,27.93538039124685,28.051013946533203,1701500
2019-06-19,28.30268431543693,28.309485068474363,28.159845149198567,28.173446655273438,1186100
2019-06-20,28.26868166437329,28.34350034333635,28.19386039069274,28.329898834228516,2226700
2019-06-21,27.96259673023137,28.10543593299577,27.90818031314917,27.955793380737305,2861400
2019-06-24,27.92178551742541,28.07142807557919,27.901380657574506,27.9285888671875,902000
2019-06-25,27.948997314070233,28.03061935866707,27.86057191883815,27.874176025390625,1164800
2019-06-26,28.153053976163175,28.166658082838023,27.983006534804648,27.996610641479492,1695100
2019-06-27,28.207464991638606,28.275482917246475,28.139444471313197,28.16665267944336,1267400
2019-06-28,28.34349952921892,28.47953796884723,28.2686808524049,28.391115188598633,1703400
2019-07-01,28.56796525208845,28.601974215587894,28.39791783987364,28.47953987121582,1219800
2019-07-02,28.58156699332297,28.66999236688463,28.54075468366742,28.622379302978516,1209000
2019-07-03,28.595172796064087,28.67679482550892,28.58836944669179,28.635982513427734,751300
2019-07-05,28.656388263666116,28.68359387538577,28.49994496872925,28.622379302978516,1028200
2019-07-08,28.32990189955612,28.47954186839094,28.282288828374433,28.438732147216797,991400
2019-07-09,28.39111712843918,28.472739159906073,28.336700710982853,28.459135055541992,1250600
2019-07-10,28.40471751319157,28.49994623996886,28.28228576819862,28.329898834228516,1193300
2019-07-11,28.343503219880965,28.39111888546081,28.29589014901888,28.363910675048828,1043100
2019-07-12,28.350304587056844,28.377512795565913,28.295888170038705,28.316295623779297,883600
2019-07-15,28.43192860636102,28.438731956322894,28.329901709392736,28.363910675048828,1036400
2019-07-16,28.268683254934427,28.38431425187954,28.221070186225543,28.22787094116211,856200
2019-07-17,28.173458907047362,28.187063013755157,28.01021481598993,28.04422378540039,1042300
2019-07-18,28.15985293776833,28.193861901795675,28.07142755552313,28.18025779724121,948500
2019-07-19,28.023813402045366,28.180256706288812,28.023813402045366,28.11903953552246,1380700
2019-07-22,28.15985293776833,28.193861901795675,28.05102269605025,28.18025779724121,1124500
2019-07-23,28.445529824667553,28.472738032318208,28.323095484957104,28.329898834228516,1472400
2019-07-24,27.914980908202228,27.9829988281259,27.88777270234583,27.948989868164062,1443600
2019-07-25,27.894576995325295,27.962597518595782,27.70412471960324,27.82655906677246,2571300
2019-07-26,27.914978878957296,27.982996793936486,27.867365819528434,27.92177963256836,926300
2019-07-29,27.772141840365443,27.846960514720077,27.61569595336914,27.61569595336914,1269400
2019-07-30,27.49326710484459,27.534079421946938,27.411645065357742,27.472862243652344,1471900
2019-07-31,27.275603474322338,27.41164192100754,27.15316913177741,27.316415786743164,2099800
2019-08-01,27.282405334884796,27.466056838679886,27.003527702022055,27.017131805419922,3585300
2019-08-02,26.806269623894657,26.813070377608007,26.547796872595374,26.772260665893555,2878000
2019-08-05,26.139687005783337,26.18049931661574,25.731574276329084,25.840404510498047,5503800
2019-08-06,26.26892147217031,26.26892147217031,25.89481771329711,26.064865112304688,3278800
2019-08-07,25.833603366412675,26.098876922672638,25.76558543727031,26.030858993530273,3152300
2019-08-08,25.922025878235175,26.139686341037887,25.83360050437239,26.085269927978516,3152700
2019-08-09,25.724775197822517,25.75878416513674,25.527519554794985,25.697566986083984,3493800
2019-08-12,25.03777783870421,25.207825223277734,24.976560676469052,25.024173736572266,4140400
2019-08-13,25.003771170464802,25.31666039118758,24.969762205849932,25.173818588256836,4210400
2019-08-14,24.684077707061483,24.765699720968364,24.4868221282959,24.4868221282959,10349000
2019-08-15,24.748942832559525,24.817918764713703,24.56960119893763,24.583396911621094,6716800
2019-08-16,24.859303809224173,25.02484708495814,24.824815846051507,24.91448402404785,4915600
2019-08-19,25.32834821733916,25.355937009927136,24.56959984901522,25.217985153198242,3778100
2019-08-20,25.080024897501463,25.10761631500719,24.92137819373714,24.94896697998047,2650800
2019-08-21,25.15590483219238,25.17659708368169,24.9696666749999,25.011051177978516,2403800
2019-08-22,24.997255039447026,25.031742998130618,24.87999282240771,24.969663619995117,1970100
2019-08-23,24.921380987971112,25.024844868324557,24.555801243186732,24.576496124267578,4864100
2019-08-26,24.70065695359219,24.73514491659727,24.528214507303883,24.555803298950195,1718900
2019-08-27,24.714449729247857,24.721346268524478,24.479927924903794,24.52821159362793,2604700
2019-08-28,24.479926167225102,24.57649349773976,24.38335620544803,24.50751495361328,2355300
2019-08-29,24.81791291218897,24.935175126714242,24.74203782595424,24.80411720275879,3380500
2019-08-30,24.95586813484887,24.969663844698974,24.72134632992235,24.762733459472656,2621800
2019-09-03,24.66616715012734,24.776530214039607,24.63857835759652,24.74894142150879,2868200
2019-09-04,25.39732217545491,25.39732217545491,25.29385565967186,25.328346252441406,4398600
2019-09-05,25.369732044180324,25.445607142112255,25.328347540772313,25.383527755737305,3022200
2019-09-06,25.507683412570103,25.507683412570103,25.404219535425877,25.452503204345703,1645700
2019-09-09,25.618050975650732,25.94914017714185,25.590459551044038,25.831880569458008,4295200
2019-09-10,26.23883568576979,26.300915053766964,26.052597581778265,26.294015884399414,4841300
2019-09-11,26.65959739822246,26.700981892241554,26.549234362067654,26.625106811523438,3324100
2019-09-12,26.480266271030192,26.776867541119017,26.445778301981967,26.72168731689453,2713600
2019-09-13,26.990700198641747,27.101063290782,26.970005309871677,26.997596740722656,2659900
2019-09-16,26.58372928102277,26.638909497923276,26.438878251488035,26.480262756347656,2391600
2019-09-17,26.238841491393607,26.452668426380356,26.21125007034282,26.418180465698242,1838100
2019-09-18,26.26642958100111,26.397484867476134,26.22504245467417,26.349201202392578,1531100
2019-09-19,26.514745026134435,26.528540735212353,26.36989402770996,26.36989402770996,1197800
2019-09-20,26.47335966068094,26.528539863917842,26.294018079820674,26.321609497070312,2640800
2019-09-23,26.204351102221676,26.335406393173248,26.149168265234174,26.28712272644043,1220400
2019-09-24,26.266434058173026,26.335409982545947,26.100888155910017,26.149171829223633,1602400
2019-09-25,26.10088520944005,26.259531922598786,26.045702371160896,26.197452545166016,1197400
2019-09-26,26.500949934298347,26.54923623282695,26.280223846435547,26.280223846435547,2228500
2019-09-27,26.4733671931419,26.494059446335502,26.218150457859558,26.30782127380371,1729400
2019-09-30,26.51475106204012,26.625114128524437,26.39749145507812,26.397491455078125,1716400
2019-10-01,26.25953608514384,26.273331796900464,26.031913419316982,26.11468505859375,2880100
2019-10-02,25.735315252923908,25.749110966319925,25.54217789664297,25.611156463623047,3445500
2019-10-03,25.618046484558327,25.81118116042066,25.480092016972687,25.762897491455078,2888000
2019-10-04,25.397320570998332,25.693921757491868,25.362832611670335,25.666330337524414,2289800
2019-10-07,25.652530090533194,25.749100043339535,25.631837844848633,25.631837844848633,1898800
2019-10-08,25.3421397687523,25.404219146593704,25.204185303408895,25.300752639770508,2605100
2019-10-09,25.459406038426277,25.54217768685927,25.355939504437593,25.473201751708984,2461800
2019-10-10,25.62003486692144,25.829805364781013,25.564097312267968,25.801837921142578,2559400
2019-10-11,26.899640200903793,26.955577757142876,26.675884641194113,26.710845947265625,6553300
2019-10-14,26.61994556833197,26.822724886640028,26.612954373766115,26.73881721496582,6630500
2019-10-15,26.487088994257057,27.081439168338196,26.487088994257057,26.990537643432617,5600900
2019-10-16,27.158356424089323,27.20031159080844,27.011517341637344,27.032493591308594,2589400
2019-10-17,27.326174483303777,27.431058399265844,27.151365289323717,27.179332733154297,2406500
2019-10-18,27.046484381312894,27.158362182241067,27.025508127194232,27.081445693969727,1742200
2019-10-21,27.410083377199044,27.42406843342901,27.32617570719599,27.3751220703125,1297300
2019-10-22,27.521962704764626,27.640831688327616,27.41008491602074,27.417076110839844,2700200
2019-10-23,27.361133273865804,27.521957397460938,27.361133273865804,27.521957397460938,2799600
2019-10-24,27.738719871856446,27.752704926578474,27.535943246828186,27.591880798339844,2458500
2019-10-25,27.42406814705893,27.66180876573231,27.42406814705893,27.633838653564453,2189900
2019-10-28,26.584983842976648,26.724831738487197,26.570998786687916,26.633930206298828,5189100
2019-10-29,26.52904130160568,26.584981521876532,26.473103748711345,26.550020217895508,2099700
2019-10-30,26.438148896085192,26.55002669655045,26.319277232691196,26.522056579589844,1980100
2019-10-31,26.354238526008785,26.43115501390585,26.21439327606194,26.424163818359375,1667600
2019-11-01,26.41716242249798,26.654903013943166,26.39618617446283,26.61994171142578,2145400
2019-11-04,26.934600830078125,26.969562135271016,26.87166941378027,26.934600830078125,1896800
2019-11-05,26.871669769287113,26.934601186417535,26.829714602074617,26.87166976928711,1575200
2019-11-06,26.864675926912405,26.941592399835248,26.81572956548453,26.920616149902344,1957900
2019-11-07,26.95557858552207,27.01151881085694,26.829715745895363,26.878662109375,2692200
2019-11-08,26.75279960409753,26.773778522548675,26.61994556833197,26.73881721496582,1627100
2019-11-11,26.20040593071947,26.44513776414248,26.193412068406282,26.368221282958984,1919100
2019-11-12,26.424158828719705,26.494081440489733,26.34024849374368,26.34724235534668,1858300
2019-11-13,25.69695133852449,25.885745586811087,25.68996014445903,25.801837921142578,2968100
2019-11-14,25.766876213797193,25.787855132590984,25.59906086770788,25.738908767700195,2654000
2019-11-15,25.71793140829726,25.89973448952384,25.68996396050448,25.878755569458008,5856800
2019-11-18,26.03957748413086,26.08852384275293,25.941682099510228,26.03957748413086,1967400
2019-11-19,26.48009245850037,26.48009245850037,26.137467977300282,26.179420471191406,2079700
2019-11-20,25.997623036879034,26.05356059082975,25.88574526160104,25.941682815551758,1946700
2019-11-21,25.74589691818328,25.808828332369966,25.661989255059872,25.7598819732666,2140300
2019-11-22,26.07454871443565,26.109510031421756,25.93470077911373,26.004623413085938,1680900
2019-11-25,26.242359935106425,26.291306304588804,26.17942850757521,26.28431510925293,1634000
2019-11-26,26.186419694924982,26.24235725402832,26.09551816058315,26.24235725402832,2238400
2019-11-27,26.389200566823035,26.40318295688858,26.291305164725458,26.30529022216797,4131000
2019-11-29,26.060557933943866,26.088528048344386,26.018602762343082,26.053564071655273,1197100
2019-12-02,25.850786554218683,25.87176280563564,25.682968540752537,25.738908767700195,3596600
2019-12-03,25.382291806512207,25.417253108215984,25.207482630616976,25.403270721435547,3648000
2019-12-04,25.44522707225951,25.564098716916654,25.389289514532482,25.50116729736328,2990300
2019-12-05,25.52913854496847,25.550117466195456,25.375308237774377,25.431245803833008,1910600
2019-12-06,25.83680303851174,25.857779291179817,25.675978877510147,25.78086280822754,2120300
2019-12-09,25.801837901077295,25.899730622177195,25.73191262359408,25.752891540527344,2625900
2019-12-10,25.766870445292806,25.780855498898845,25.65499268382072,25.668977737426758,1631000
2019-12-11,25.85777592903055,25.983638763427734,25.794844511831958,25.983638763427734,2748700
2019-12-12,26.22138449070624,26.571002950582322,26.186423178194065,26.522056579589844,3951500
2019-12-13,26.95557743633546,27.088434132153374,26.73881574084584,26.87166976928711,3773500
2019-12-16,27.45902506014273,27.45902506014273,27.20729942566146,27.214290618896484,2293000
2019-12-17,27.200310899585308,27.284218563514635,27.137379484794177,27.20730209350586,1582900
2019-12-18,27.277225119129152,27.403087950635133,27.242263814238953,27.291210174560547,1792200
2019-12-19,27.172345737523614,27.270238474497898,27.137384426800946,27.186330795288086,1373700
2019-12-20,27.312192882003895,27.35414538674401,27.179336170654988,27.193321228027344,1905100
2019-12-23,26.96256949693053,27.116399765014652,26.96256949693053,27.11639976501465,1651900
2019-12-24,27.144375969212863,27.186331143042953,27.05347442626953,27.05347442626953,579900
2019-12-26,27.095421662267153,27.21429061889648,27.081436608420827,27.214290618896484,1116900
2019-12-27,27.389107868026866,27.410086788671226,27.249262623075477,27.270238876342773,1401900
2019-12-30,27.396094441894,27.417070689580505,27.235270319085956,27.25624656677246,1308900
2019-12-31,27.137384462924604,27.33316993713379,27.137384462924604,27.33316993713379,1321500
2020-01-02,27.36812560725516,27.528949737548828,27.32617310992945,27.528949737548828,2046900
2020-01-03,27.011520030328352,27.221290550050977,26.99753497336326,27.102418899536133,1694800
2020-01-06,26.76678210656353,27.02550162621899,26.76678210656353,27.011516571044922,1807500
2020-01-07,26.759792346452578,26.84370001461622,26.72483104033245,26.808738708496094,2638800
2020-01-08,26.501075834219247,26.836709178732693,26.501075834219247,26.745807647705078,2299600
2020-01-09,26.89963989996944,26.934601205649827,26.76678320405666,26.920616149902344,1542500
2020-01-10,26.794756664167057,26.808741721662294,26.66190261902778,26.668893814086914,1529500
2020-01-13,26.73182152563209,26.955577079718537,26.675883970798782,26.934600830078125,2120200
2020-01-14,26.79475099788557,26.91362262776882,26.766780888809933,26.836706161499023,1466300
2020-01-15,26.787763602918865,26.89264752576085,26.731823376835038,26.815731048583984,1264700
2020-01-16,26.794755618814925,27.02550505741855,26.773779367078912,27.004526138305664,1364600
2020-01-17,27.151364497863195,27.16534688568259,27.04647791758195,27.10940933227539,1213300
2020-01-21,26.696865809527885,26.738820984968797,26.51506271666111,26.522056579589844,2374600
2020-01-22,26.654903013943166,26.682873122907637,26.584980408908397,26.61994171142578,1783600
2020-01-23,26.48009563036563,26.48009563036563,26.186417468445047,26.375211715698242,2911300
2020-01-24,26.675884842419144,26.69686109274495,26.158448439576894,26.23536491394043,5358000
2020-01-27,25.543117898252948,25.696950838465483,25.43124012374653,25.529132843017578,3943600
2020-01-28,25.648003022536123,25.780857038663875,25.606047859212225,25.682964324951172,3447700
2020-01-29,25.801839013001302,25.815821401723916,25.578083450165526,25.661991119384766,1904700
2020-01-30,25.606047965293254,25.920705023085066,25.5850717172326,25.899728775024414,3015900
2020-01-31,25.522140432993883,25.543116681159177,25.26342359190838,25.375301361083984,2838000
2020-02-03,25.23545760535184,25.43823692866472,25.19350243479084,25.214481353759766,1980600
2020-02-04,25.675976517170664,25.703943962364782,25.52214356540765,25.550113677978516,1990500
2020-02-05,25.82980271899842,25.88574293529846,25.74589506192469,25.857772827148438,1575700
2020-02-06,25.99062917552484,26.018599286188483,25.892736455578667,25.941682815551758,1713100
2020-02-07,26.165439191920786,26.235364470786813,26.053561413111794,26.081531524658203,2172200
2020-02-10,26.116489062978456,26.179420471191406,26.025590214630174,26.179420471191406,1327600
2020-02-11,26.72483139722821,26.794754010402244,26.675885034531042,26.745807647705078,2362300
2020-02-12,26.913623841071853,26.997531504705027,26.885653730735285,26.990537643432617,1794000
2020-02-13,26.7458103097063,26.941595779981427,26.70385513720007,26.71784019470215,4016900
2020-02-14,26.843696430759742,26.850690291476035,26.37520912306829,26.52903938293457,5071000
2020-02-18,25.263427663995852,25.347335337558114,25.032678227478574,25.046663284301758,9250200
2020-02-19,25.41725498431437,25.41725498431437,25.25643085070517,25.33334732055664,7777900
2020-02-20,25.15853735355897,25.340340398016505,25.130567244046045,25.291391372680664,5853300
2020-02-21,25.31936195591638,25.494171142578125,25.249439348202287,25.494171142578125,4318400
2020-02-24,24.773960131345135,24.927793081489092,24.711028712411398,24.822906494140625,5695000
2020-02-25,24.725010103753572,24.752980211884267,24.235543880971708,24.347421646118164,5912300
2020-02-26,24.85787050440464,25.081626092199336,24.815917998803766,24.9417781829834,8365000
2020-02-27,24.65359812885084,24.862524830410138,24.336600964058807,24.365419387817383,7766500
2020-02-28,23.889926482429512,24.235739324057757,23.608953720373826,24.1853084564209,9456400
2020-03-02,23.96917891545889,24.33660424900921,23.738636990824077,24.32940101623535,7591400
2020-03-03,24.156492388905015,24.300581774041085,23.299164807173867,23.464866638183594,11539200
2020-03-04,23.767454056173285,23.961971560959906,23.558524590111958,23.940359115600586,6846700
2020-03-05,23.536907709562144,23.63777219332144,23.371205894371844,23.580135345458984,7171700
2020-03-06,23.00378052415103,23.299162497676242,22.95334965659376,23.241525650024414,5397600
2020-03-09,22.081610880374193,22.528286816682535,21.793433521854958,21.937522888183594,11090600
2020-03-10,22.84528433786701,22.874102764715992,22.20408945599763,22.81646728515625,10959700
2020-03-11,22.528286931542066,22.57151319200583,22.0960202044903,22.2689266204834,7740400
2020-03-12,20.647932934714515,20.792022340229234,19.956307086176047,20.568683624267578,9113600
2020-03-13,21.267514445289606,21.555691868503892,20.43900383824665,21.541282653808594,8070300
2020-03-16,19.401559662444523,20.6767460380368,19.32951497824973,20.273296356201172,6648800
2020-03-17,21.000946890717508,21.50525835000851,20.575884728379194,21.397192001342773,9833700
2020-03-18,20.482226441143744,20.98653649794464,20.165230645292432,20.60470199584961,12957900
2020-03-19,20.734386827894056,21.274720036716268,20.68395457412772,20.950519561767578,10479400
2020-03-20,21.325148273101302,21.368374539690446,20.597499477182538,20.755996704101562,7821300
2020-03-23,21.000947602207827,21.05858308172473,20.035552289696067,20.266094207763672,8219300
2020-03-24,21.12342520293562,21.670962998163954,20.777612292519315,21.31794548034668,7844200
2020-03-25,21.23148880097459,21.91591129942121,20.950516019616042,21.397192001342773,7512700
2020-03-26,21.109013068738385,21.764617136033895,21.05137759164004,21.706981658935547,7979500
2020-03-27,20.763199914649906,21.25310215017711,20.575884273175497,20.799222946166992,6997500
2020-03-30,20.47502683186629,20.82804437001969,20.366960462903158,20.792022705078125,4858800
2020-03-31,20.237273377694525,20.438998205419924,20.07877618214183,20.179637908935547,6349000
2020-04-01,18.2632610861716,18.58746015774799,18.08315003280529,18.111967086791992,8466600
2020-04-02,17.377112906863598,17.946263051299,17.254637350597026,17.672494888305664,6857900
2020-04-03,17.550021872114083,17.650883624529992,17.377115421913242,17.52840805053711,4787200
2020-04-06,18.464982241242364,18.464982241242364,18.205623291750282,18.320894241333008,5738400
2020-04-07,18.846819164988883,18.89004542994331,18.36412152156019,18.443370819091797,5343900
2020-04-08,18.65229846314335,18.854023318312144,18.443370375770446,18.738752365112305,3658100
2020-04-09,18.868432223453436,19.41596992929724,18.854023011003775,19.279085159301758,5430600
2020-04-13,19.163816804340527,19.235861502211474,18.940479477665086,19.048545837402344,2393800
2020-04-14,19.38715173980994,19.560058168890986,19.25026696815231,19.34392547607422,4450400
2020-04-15,18.392939737581028,18.501006085802107,18.292076621654935,18.335304260253906,4751600
2020-04-16,18.212826874997337,18.29207478954842,18.03271585462246,18.19841766357422,4177700
2020-04-17,18.594665723418203,18.738755123195027,18.464985538446733,18.70273208618164,5217000
2020-04-20,18.45777924605344,18.73154741128998,18.364120739479638,18.38573455810547,4659000
2020-04-21,17.78776796150168,17.967879014324108,17.636473962578933,17.780563354492188,4815000
2020-04-22,18.097558234317276,18.126375286691676,17.874219551259188,17.989490509033203,3187400
2020-04-23,17.96787776809603,18.263259764306447,17.946263948566664,18.018308639526367,2688900
2020-04-24,18.126374731880414,18.14078394469568,17.787766475550622,17.996694564819336,2343400
2020-04-27,18.284868116309255,18.681113140812137,18.234437256168754,18.601863861083984,4985900
2020-04-28,18.731549736291353,18.854025308763408,18.56584789534043,18.645095825195312,4608300
2020-04-29,19.134993407747242,19.286287371411415,19.005313260074512,19.149402618408203,4871200
2020-04-30,18.717136467803307,18.745954889972452,18.450572933428724,18.537025451660156,2843000
2020-05-01,18.256053944542952,18.292075600559798,18.0975567342755,18.212827682495117,3700900
2020-05-04,17.852606921237456,17.87421936676062,17.67970048636118,17.838197708129883,3704900
2020-05-05,17.960672673302565,18.018308149675796,17.874218771673643,17.931854248046875,3439500
2020-05-06,17.94626212069246,17.975080543796384,17.8165819650009,17.88142204284668,3178600
2020-05-07,18.061539431201215,18.38573993470499,18.061539431201215,18.16240119934082,3561600
2020-05-08,18.50100601848493,18.55864149560234,18.38573506425011,18.464982986450195,2447100
2020-05-11,18.18401511903456,18.3929446388564,18.11197040964294,18.364126205444336,2868000
2020-05-12,18.443369678106414,18.45777889024587,18.032716751098633,18.032716751098633,3179100
2020-05-13,17.982289595005177,17.982289595005177,17.672499691209616,17.79497528076172,4114900
2020-05-14,17.261841907521386,17.722927117517557,17.204206428039146,17.67970085144043,5744500
2020-05-15,17.405932476544226,17.557226479306408,17.326683171566973,17.52840805053711,3705700
2020-05-18,17.95346656593334,18.277666952263335,17.931852748798665,18.19841766357422,5019900
2020-05-19,18.03992141499441,18.155192364203348,17.924649091647364,17.939058303833008,4313300
2020-05-20,18.126376852757687,18.23444321324017,18.06874136889114,18.10476303100586,3509600
2020-05-21,17.578838348388672,17.73733695312846,17.51399825992935,17.578838348388672,4311000
2020-05-22,16.80796535119303,16.880010055537046,16.541400357361717,16.54860496520996,7830200
2020-05-26,17.02409409888584,17.31947745485921,17.01689086686479,17.15377426147461,7400600
2020-05-27,17.542813776614732,17.593244642794744,17.319476494615518,17.41313362121582,6310100
2020-05-28,17.002483919252597,17.204207422026077,16.90162079372756,16.99527931213379,6665700
2020-05-29,16.563011146467293,16.66387288958739,16.332469234113812,16.606237411499023,7846000
2020-06-01,16.757531866760857,17.175389438067093,16.70710099379707,17.160980224609375,5091300
2020-06-02,17.391520903428358,17.470770197657398,17.26184073983107,17.398725509643555,5270300
2020-06-03,18.00389743177622,18.263257740840217,17.996692826064663,18.19841766357422,8289500
2020-06-04,17.917445762279623,18.17680470952061,17.845401075881203,18.119169235229492,4502900
2020-06-05,19.459195454126064,19.480809271980412,19.09897340138209,19.127790451049805,9976200
2020-06-08,19.235864389422105,19.2790906649774,18.83961917872657,19.214250564575195,6161500
2020-06-09,18.45778024044833,18.64509451541105,18.40014476181252,18.551437377929688,4818600
2020-06-10,18.48659721794073,18.522618876640617,18.155193560659526,18.220033645629883,4923700
2020-06-11,17.28345537012037,17.384317113593415,16.87280241553648,16.944847106933594,6515300
2020-06-12,17.319480390865003,17.44915920129886,16.93764444452887,17.27625274658203,5047600
2020-06-15,16.843984399230713,17.21861570430202,16.771941080218575,17.160980224609375,4298100
2020-06-16,17.665291002147004,17.70851726666814,17.211410415191498,17.391521453857422,4750900
2020-06-17,17.29785948951802,17.30506409395001,17.16097475358584,17.225814819335938,4177900
2020-06-18,16.988073833625677,17.088935579838797,16.944847567268376,17.074527740478516,3318700
2020-06-19,17.499590310880063,17.506793543652098,17.21861613793148,17.333887100219727,3628300
2020-06-22,17.067324236120857,17.182595203277927,17.002484145327713,17.06011962890625,3666300
2020-06-23,17.441952324821774,17.528406228002215,17.333885976449853,17.391521453857422,3493000
2020-06-24,17.225819891830323,17.225819891830323,16.90161946761241,16.944847106933594,3799700
2020-06-25,17.04570969449911,17.341091707130026,16.98086960644469,17.333887100219727,3873400
2020-06-26,17.218615635137663,17.218615635137663,16.80796267220981,16.82957649230957,3900300
2020-06-29,16.94484843644042,17.08893645640172,16.89441756074705,16.99527931213379,2835600
2020-06-30,16.69989796210257,16.88000902489636,16.656671691790798,16.807964324951172,4331900
2020-07-01,16.70709936431074,16.865596574472317,16.649463890239428,16.714303970336914,3684700
2020-07-02,17.38431733309663,17.56442837679449,17.312274014928054,17.477975845336914,4541000
2020-07-06,18.191214271431488,18.472187042236328,18.16960045285491,18.472187042236328,4810200
2020-07-07,17.852607265699767,17.96067361781528,17.69410866673467,17.72292709350586,3773500
2020-07-08,17.283456478907752,17.384318228851388,17.233025603935936,17.355501174926758,6168100
2020-07-09,17.197002839754393,17.20420607216973,16.88000702209001,16.944847106933594,4136600
2020-07-10,16.980867272358555,17.233022983006162,16.980867272358555,17.204204559326172,3519700
2020-07-13,17.283455213203958,17.355499903946978,17.132162599367977,17.211410522460938,3254000
2020-07-14,17.132163106229832,17.305069544645676,17.08173085932093,17.254638671875,3731200
2020-07-15,17.477975294705523,17.578837036274518,17.39872599825093,17.485179901123047,3346200
2020-07-16,17.37711007677797,17.52119805388858,17.333882446920686,17.369905471801758,2670500
2020-07-17,17.16098196529205,17.17539118021133,16.98087090121612,17.009689331054688,2854300
2020-07-20,16.916027286807978,17.081729101470472,16.87280102518691,17.024093627929688,2315300
2020-07-21,17.43474798937915,17.50679130097663,17.261840193958555,17.405929565429688,2654800
2020-07-22,16.93764547980951,17.03850724102472,16.86560077573932,16.97366714477539,3284600
2020-07-23,16.90162036454139,16.959257220028288,16.779146169046534,16.822372436523438,3619600
2020-07-24,16.786348365638666,16.887211482376287,16.72871288784782,16.743122100830078,2420700
2020-07-27,16.36848968869088,16.43332976853849,16.246014134994073,16.332468032836914,2992000
2020-07-28,16.282039841706098,16.476560113227485,16.260426020157617,16.390106201171875,3262900
2020-07-29,16.894414862522563,16.99527659780057,16.764734703371936,16.980867385864258,3848900
2020-07-30,16.274834687245093,16.41171947083912,16.145154510591624,16.397310256958008,3823800
2020-07-31,16.26762524710504,16.33246531616744,16.09471885431793,16.318056106567383,5841300
2020-08-03,15.431913041685233,15.734499625802124,15.381482173355435,15.547183990478516,5068600
2020-08-04,15.583207268089113,15.835363010112715,15.54718560814499,15.784932136535645,2890600
2020-08-05,15.633640235934058,15.784932863634237,15.633640235934058,15.7200927734375,2673900
2020-08-06,15.280621577690814,15.439120188973432,15.280621577690814,15.403097152709961,3423300
2020-08-07,15.122119530435347,15.395889022402596,15.114914925474325,15.374275207519531,4322200
2020-08-10,15.403097525693854,15.684071718799368,15.381485077550757,15.626436233520508,3810500
2020-08-11,16.152360335740145,16.440537764405327,16.101929457491035,16.202791213989258,6771600
2020-08-12,16.851192355183983,16.85839696334478,16.6278549987533,16.656673431396484,4418200
2020-08-13,16.361288258137538,16.418925117311147,16.051498384909515,16.094724655151367,2615200
2020-08-14,15.943428781576788,16.101927377471842,15.936225549161737,16.051496505737305,1900000
2020-08-17,16.029882857438412,16.051496677329208,15.885793473109524,15.993861198425293,2297200
2020-08-18,15.885792111870797,15.900201323896615,15.734499508013975,15.77052116394043,2144900
2020-08-19,15.75611858851095,15.929025068156324,15.75611858851095,15.813754081726074,1954100
2020-08-20,15.532773645793187,15.64804458618164,15.511161203306601,15.64804458618164,2808000
2020-08-21,15.395893249094568,15.590412139892578,15.395893249094568,15.590412139892578,2742000
2020-08-24,15.684067700604327,16.02988052368164,15.640840067116155,16.02988052368164,4130600
2020-08-25,15.921819033818098,15.993863737419497,15.82095589912077,15.893000602722168,3699300
2020-08-26,15.748911202030854,15.784932863634237,15.669661897537441,15.7200927734375,2644100
2020-08-27,15.612029227268726,15.712890997240855,15.547189125389913,15.597620010375977,2418500
2020-08-28,15.943431211735707,15.95784042703851,15.806547788774294,15.878592491149902,2177600
2020-08-31,15.777727390343857,15.8425674769811,15.55439007755904,15.583207130432129,2542800
2020-09-01,15.32384942537858,15.410301965286129,15.201373848727597,15.30223560333252,3354500
2020-09-02,15.273419390592641,15.453530461830109,15.259010175100423,15.43912124633789,2818000
2020-09-03,15.367075240023693,15.503960027316312,15.122124093979345,15.172554969787598,4469800
2020-09-04,15.381482930406628,15.446323014061434,15.150941021473173,15.395892143249512,3747700
2020-09-08,15.078896545460674,15.129327416988525,14.985238034790504,15.035670280456543,3358800
2020-09-09,15.323847259258484,15.395891948423046,15.237393357433378,15.280619621276855,3462000
2020-09-10,15.136530861514476,15.215780153053416,14.905988967006378,14.92039680480957,2903000
2020-09-11,14.841150661654005,14.920398588528876,14.7979243948006,14.891581535339355,2486500
2020-09-14,14.99964667112257,15.028465096109421,14.855558668602717,14.869966506958008,2286600
2020-09-15,15.035669126201704,15.035669126201704,14.869965937153184,14.92039680480957,2528700
2020-09-16,14.646631213654269,14.812333057583775,14.596200337166012,14.689857482910156,2409200
2020-09-17,14.43770322683607,14.581791250329612,14.408884797654359,14.509746551513672,2274300
2020-09-18,14.300816043409867,14.336837699720826,14.192749700338881,14.214362144470215,4128100
2020-09-21,13.378647233029254,13.529941214415066,13.241762463992208,13.429078102111816,6124500
2020-09-22,13.465101106796658,13.529941188101887,13.155309912591255,13.220149993896484,4592200
2020-09-23,13.465101494945344,13.58037244855789,13.227354981352198,13.270581245422363,3992100
2020-09-24,13.256172731137303,13.357035851466252,13.112084718598885,13.248968124389648,3656000
2020-09-25,12.9752003301229,13.05444963259978,12.931974062471092,13.047245025634766,3674000
2020-09-28,14.26479779121875,14.40168260450109,14.149526803445802,14.3800687789917,6159800
2020-09-29,13.875756060447431,14.048662511071717,13.810915969696035,13.976617813110352,6594100
2020-09-30,14.070272027394292,14.199950795078868,14.041453607372453,14.106293678283691,4283300
2020-10-01,14.149524341094397,14.178342770091831,13.955005441915032,14.055867195129395,2858300
2020-10-02,14.077479091045062,14.452108997793143,14.07027448478131,14.315225601196289,4990800
2020-10-05,14.344047110614616,14.473727315393825,14.300820833734402,14.3800687789917,2690800
2020-10-06,14.574587408101772,14.668245933720435,14.3656592821204,14.401680946350098,4144900
2020-10-07,14.632222679607851,14.725881203845569,14.581791800774491,14.675450325012207,2584500
2020-10-08,14.639424324035645,14.697059798770505,14.56017503097342,14.639424324035645,2361800
2020-10-09,14.639427291269506,14.66104111397773,14.444907009310667,14.502542495727539,2152200
2020-10-12,14.588995933532715,14.588995933532715,14.473724964482782,14.588995933532715,2303200
2020-10-13,14.293611142413472,14.308020354295806,14.142317165925114,14.243180274963379,2888600
2020-10-14,14.005435227525922,14.077479920269035,13.854141235351562,13.854141235351562,2996600
2020-10-15,13.73887127173467,13.976617813110352,13.702849609823147,13.976617813110352,2195200
2020-10-16,14.142317604046855,14.264793160564775,14.106295947363163,14.199953079223633,1808600
2020-10-19,14.322428576890177,14.480927163578631,14.235976051549306,14.293611526489258,2858400
2020-10-20,14.308023974356516,14.473725830513214,14.28641015106452,14.344045639038086,2119800
2020-10-21,14.27920244025613,14.39447339115348,14.264793227859428,14.322428703308105,2030100
2020-10-22,14.300817746765185,14.588995153991688,14.29361313981724,14.531359672546387,2647700
2020-10-23,15.143739379094992,15.158148594758153,14.949219090057642,15.042876243591309,5142400
2020-10-26,15.179760851363017,15.186965459103114,14.877174196971065,14.934809684753418,5468500
2020-10-27,15.727296007635921,15.727296007635921,15.424709404512235,15.503958702087402,4722700
2020-10-28,14.92760354531823,14.985239027186706,14.718675438846857,14.776310920715332,3861600
2020-10-29,14.978034421641725,15.266211804573699,14.826740436766094,15.237393379211426,3685500
2020-10-30,15.064488786081338,15.129328876913462,14.934808604417091,15.114919662475586,3048000
2020-11-02,15.417506620046149,15.482346712245379,15.302235650389376,15.424711227416992,2516000
2020-11-03,16.166768703343813,16.346879758586518,16.080314792206465,16.238813400268555,6205600
2020-11-04,15.655253138369932,15.684071567801094,15.431915806831817,15.467937469482422,4185400
2020-11-05,15.777729507407159,15.943431362541519,15.712889412069641,15.86418342590332,2780400
2020-11-06,16.15235824920638,16.166767462312876,15.965042601236531,16.051496505737305,2312100
2020-11-09,17.665292163440117,17.82378939319579,17.53561198721354,17.715723037719727,7283900
2020-11-10,17.715721189113,17.838196745642612,17.62206268310547,17.62206268310547,4017100
2020-11-11,18.26326400462957,18.443375086777515,18.061539097934006,18.234445571899414,5875600
2020-11-12,17.5572251442882,17.614860623305987,17.449157418758915,17.477975845336914,3298700
2020-11-13,17.600450200948014,17.73013036336416,17.578836382499283,17.672494888305664,2703800
2020-11-16,18.414551904067203,18.4721873805221,18.27766850632316,18.356916427612305,2717000
2020-11-17,17.773355941107756,17.975080783106737,17.6652896013054,17.94626235961914,2804700
2020-11-18,18.3857363302206,18.50821189929556,18.184011459350586,18.184011459350586,2212800
2020-11-19,18.11196373338343,18.2920747534024,18.025511213291622,18.284870147705078,2017100
2020-11-20,18.241649106059572,18.320898417262992,18.155196561236227,18.20562744140625,1933100
2020-11-23,18.342507154510283,18.457779481178317,18.342507154510283,18.45057487487793,2687600
2020-11-24,18.84681871441244,19.243062444320973,18.84681871441244,19.207040786743164,5645200
2020-11-25,19.16381475533289,19.300699529238045,18.969294504121066,19.271881103515625,2635700
2020-11-27,19.35112925534365,19.502421859021705,19.307901619317274,19.37274169921875,2204100
2020-11-30,19.012525869015963,19.034139694106074,18.63789585309051,18.65230369567871,3536400
2020-12-01,19.228654341126592,19.675328935151693,19.20704052239449,19.660921096801758,3364200
2020-12-02,19.783399393184908,20.13641830183888,19.725763905389275,20.01394271850586,3005600
2020-12-03,20.266094462078804,20.518250203431332,20.19405114238229,20.287708282470703,2750700
2020-12-04,20.619110196217537,20.705562716392468,20.388566936095643,20.43899917602539,2614100
2020-12-07,19.82662263873504,19.833827244877593,19.639307001442937,19.682533264160156,3040600
2020-12-08,19.098975264539785,19.264677095173546,19.08456605123123,19.178224563598633,2883600
2020-12-09,19.603282482102614,19.64651011567534,19.235857215700502,19.387149810791016,2448100
2020-12-10,18.95488928994001,19.581676440246525,18.95488928994001,19.293498992919922,3266600
2020-12-11,19.09176879543064,19.16381348080705,18.998111666337962,19.127790451049805,1852400
2020-12-14,19.48081114834514,19.545649859877194,19.199836985727902,19.221450805664062,2319900
2020-12-15,19.264674519950187,19.48801179982514,19.185425231485063,19.408763885498047,2977200
2020-12-16,19.30069929506652,19.387151822908525,19.142200703792582,19.207040786743164,1777200
2020-12-17,19.401563218071193,19.43758487970107,19.214247554491553,19.228656768798828,1688000
2020-12-18,19.14940522355614,19.14940522355614,18.731547676507276,18.87563705444336,2589600
2020-12-21,18.104760391844366,18.501005488036586,18.068738734980585,18.4289608001709,3313800
2020-12-22,18.472188447105147,18.50100687406565,18.335305041457467,18.392940521240234,1909900
2020-12-23,18.457778504686384,18.832408393519984,18.457778504686384,18.75316047668457,2789100
2020-12-24,18.82520597551982,18.839615189032962,18.702730408934546,18.76757049560547,536500
2020-12-28,18.688318006630624,18.71713505248273,18.58025167994391,18.623477935791016,2376900
2020-12-29,18.73874860584955,18.77477025619623,18.558637605840392,18.601863861083984,1646400
2020-12-30,18.846821212755625,18.8612304273521,18.62348388306356,18.688323974609375,1698600
2020-12-31,18.558643540169026,18.68111911430367,18.551438932968363,18.666709899902344,1314500
2021-01-04,18.774779105656044,18.861233031031016,18.486601644637012,18.54423713684082,2713300
2021-01-05,18.421759544983033,18.688324526334178,18.392942489077665,18.681119918823242,2697300
2021-01-06,19.862646614885616,20.402979771434794,19.812215740136484,20.32373046875,7157300
2021-01-07,20.201253614379883,20.38136464286413,20.14361676609235,20.22286605834961,3532400
2021-01-08,20.19405017554249,20.230071833666123,19.920280626905452,20.078779220581055,2092000
2021-01-11,19.63210529868948,19.884261054417745,19.63210529868948,19.805011749267578,1661000
2021-01-12,20.172433303573428,20.230068772332405,20.057162366055476,20.179637908935547,1565100
2021-01-13,19.805010416992907,19.920281376290745,19.71135327786525,19.754579544067383,2211600
2021-01-14,19.920281745086744,20.172437488520906,19.913077138229966,20.02114486694336,2371000
2021-01-15,19.81221751975361,19.877057614294785,19.545652533957846,19.704151153564453,1907900
2021-01-19,20.158024092849192,20.194047119659782,19.977913081210144,20.179637908935547,1935000
2021-01-20,19.99232290445925,20.05716298056692,19.898665780158183,20.03554916381836,1193100
2021-01-21,20.611908302519023,20.633520748337393,20.34534335294071,20.49663734436035,2084400
2021-01-22,20.01393998141415,20.107597120971665,19.920281467718404,20.042757034301758,1340300
2021-01-25,19.603286968874936,19.74017175824255,19.509629822973935,19.668127059936523,2032200
2021-01-26,19.812217712402344,19.855443984470647,19.72576379412732,19.812217712402344,1751900
2021-01-27,19.833827524244196,19.855439968838166,19.603284246849476,19.660921096801758,1926600
2021-01-28,19.365541054236278,19.646515249325756,19.2718839052987,19.5312442779541,2074600
2021-01-29,19.070156783894966,19.106179817064298,18.774774782597472,18.839614868164062,2470200
2021-02-01,19.034135333417407,19.04854454684302,18.8324104678735,18.947681427001953,1203200
2021-02-02,19.062953875793088,19.25747414982485,19.02693221355239,19.156612396240234,1515900
2021-02-03,18.96929326191954,19.142199682516793,18.9476794440431,19.084564208984375,1646900
2021-02-04,19.30790294868825,19.488013988784736,19.30790294868825,19.423173904418945,2143600
2021-02-05,19.51683471576934,19.560060985730065,19.207043470417705,19.264678955078125,1587800
2021-02-08,19.387152844145348,19.47360675067955,19.22865561866057,19.329517364501953,2107100
2021-02-09,19.53124364470724,19.732967150998114,19.509629822973935,19.668127059936523,2330600
2021-02-10,19.999531164920693,20.021144985619138,19.7761938475898,19.841033935546875,1852100
2021-02-11,19.732963581455273,19.761782005219978,19.60328342279025,19.68973731994629,1054200
2021-02-12,19.88425900846063,20.07157465418129,19.869849795527152,20.02834701538086,1301300
2021-02-16,21.109016429655455,21.48364777751152,21.036973102415615,21.4476261138916,2646300
2021-02-17,21.38998758109903,21.577303228348207,21.317942889981936,21.548484802246094,1871200
2021-02-18,21.101810957283906,21.19546809724146,20.914495303230563,21.181058883666992,2195000
2021-02-19,21.397194533918935,21.548487165130354,21.245900528569173,21.29633140563965,1548300
2021-02-22,21.54127581904451,21.85827157107081,21.440414096456195,21.59891128540039,2766000
2021-02-23,21.584504569392365,21.78622941201645,21.389985706800577,21.50525665283203,2716100
2021-02-24,21.58450572412599,21.923115348579234,21.54127946058618,21.872684478759766,2489500
2021-02-25,22.441836118268686,22.485062384668435,21.65655184562575,21.743005752563477,4418500
2021-02-26,21.678165616695182,21.678165616695182,21.274717258223976,21.404396057128906,3278800
2021-03-01,21.109010662528135,21.25310002591838,21.015353538221085,21.159442901611328,2239700
2021-03-02,21.38278582583264,21.498056797335376,21.26031024684369,21.33955955505371,1939300
2021-03-03,21.62053188642828,21.836664609563996,21.591713457136404,21.63494110107422,2048000
2021-03-04,21.577301671945833,21.61332332783699,21.181056586452634,21.389986038208008,2733800
2021-03-05,22.14645609207854,22.16086530687954,21.678167604152996,22.074411392211914,2556700
2021-03-08,22.578722776402024,22.758833837876743,22.413020929638485,22.6363582611084,2678000
2021-03-09,22.384197564478796,22.441833036476496,22.232904965786602,22.2689266204834,2107800
2021-03-10,22.384198592144454,22.441834066788218,22.240110592604104,22.391403198242188,1993900
2021-03-11,21.918924141530958,22.02966278082644,21.76388892002273,21.83771514892578,2304400
2021-03-12,21.83032738972969,22.014892215693745,21.822944627716982,21.95583152770996,2153300
2021-03-15,21.808185502235478,21.845097912627907,21.564558524419944,21.83771514892578,1760900
2021-03-16,21.882005932238492,21.882005932238492,21.483346629144975,21.69744110107422,1770400
2021-03-17,22.029661178588867,22.169930862490904,21.859861850144245,22.029661178588867,2479800
2021-03-18,22.28804713560858,22.826976049769456,22.2806643741398,22.44308090209961,3788400
2021-03-19,21.845094055938496,22.147780273696245,21.638380933128204,22.103485107421875,3088800
2021-03-22,21.778651477220055,21.786034239915306,21.601469396888017,21.66053009033203,1678700
2021-03-23,21.483346578179617,21.645763122296422,21.409520364265465,21.424285888671875,1591100
2021-03-24,21.23972203753858,21.490730331552662,21.224956512451172,21.224956512451172,2480700
2021-03-25,21.09207108233738,21.490731838952417,21.084688319275834,21.431671142578125,2237200
2021-03-26,21.475961467385,21.594082833482837,21.357840101287167,21.527639389038086,1735600
2021-03-29,21.36522286497266,21.498109753876406,21.232335976068914,21.394752502441406,1473900
2021-03-30,21.594086254009465,21.83771178619152,21.557173849301083,21.734355926513672,1790300
2021-03-31,21.690058581546182,21.734355155366146,21.468581344918086,21.512876510620117,2120900
2021-04-01,21.57931884680424,21.630996772135994,21.453814710376623,21.60146713256836,2433900
2021-04-05,21.79341787378976,21.882008213438123,21.69006060004259,21.75650405883789,779300
2021-04-06,21.778648229873262,21.9263006455263,21.645761337409088,21.667909622192383,1689600
2021-04-07,21.948448765697254,22.05180602575728,21.837710151742396,21.95583152770996,2142200
2021-04-08,22.214221211690244,22.37663774171663,22.022273635413,22.361873626708984,3561800
2021-04-09,22.23637350330003,22.29543419832651,22.022277603755256,22.073955535888672,1604900
2021-04-12,22.00012669166833,22.088718427702943,21.867241199793224,21.95583152770996,1081500
2021-04-13,21.594087600708008,21.667913822846863,21.483348971558758,21.594087600708008,1595200
2021-04-14,21.54978723964897,21.859856171446715,21.54978723964897,21.76388168334961,2002000
2021-04-15,21.645764792220444,21.667913080538757,21.402139253191095,21.60885238647461,1545500
2021-04-16,21.74912017497552,21.882007085717607,21.704825007434152,21.845094680786133,1595500
2021-04-19,22.06657381740512,22.155165568196907,21.963217948246463,21.977983474731445,1885600
2021-04-20,21.66053435405404,21.68268264649953,21.40952600547828,21.453821182250977,2014700
2021-04-21,21.254487870622032,21.579320978544327,21.21757405736859,21.54979133605957,1223200
2021-04-22,21.188043233740437,21.350459778647554,21.08468597051053,21.128982543945312,2035200
2021-04-23,21.151131778711676,21.520261483080528,21.099453845398926,21.431671142578125,1050300
2021-04-26,21.616232435314327,21.763883447877994,21.608849673468466,21.65314483642578,2258900
2021-04-27,22.391406311574897,22.686709773675663,22.36187666942381,22.6793270111084,2871000
2021-04-28,22.62764738647722,22.863890138463592,22.612881862448607,22.760534286499023,2403000
2021-04-29,23.520940720578935,23.550470359067006,23.314227618691216,23.417583465576172,2535700
2021-04-30,23.277313749719983,23.299460625159085,23.018922740694627,23.048452377319336,1464300
2021-05-03,22.612881875864964,22.723621898027417,22.46523085984482,22.627647399902344,3101900
2021-05-04,22.81221333347978,22.915570598641224,22.502144354231326,22.67194366455078,2142400
2021-05-05,23.21825899839208,23.32899762822385,23.114901723513434,23.262554168701172,1814800
2021-05-06,23.336382495052316,23.38806043309133,23.144434862251554,23.343765258789062,1471700
2021-05-07,23.026308542979326,23.351141629340617,22.982011970015414,23.328994750976562,1079300
2021-05-10,23.624303279590393,23.74980603896974,23.46926946521482,23.484033584594727,1498100
2021-05-11,22.915572661484507,23.188727853436696,22.804832623977223,23.01892852783203,2175800
2021-05-12,23.063221237061875,23.18872537914287,22.708857097580683,22.745769500732422,2816100
2021-05-13,22.723622009866645,23.048455091580426,22.686708199591525,23.004159927368164,2265800
2021-05-14,23.22563646692039,23.469263383148657,23.210872351366607,23.42496681213379,2284500
2021-05-17,23.04107720084518,23.277321412198813,22.937721326459215,23.181346893310547,1879900
2021-05-18,23.42497230012535,23.528329581923373,23.203495025634766,23.203495025634766,1196800
2021-05-19,23.04845826399076,23.284702457914758,22.863893411565126,23.262554168701172,1736000
2021-05-20,23.210869357240398,23.31422519337352,23.12227763475654,23.24778175354004,1103000
2021-05-21,23.277321253171017,23.299468135749173,23.12228603453307,23.203495025634766,996300
2021-05-24,23.122279895524468,23.351139872817743,23.07060197240513,23.30684471130371,1798600
2021-05-25,23.52094524372068,23.616918347410053,23.225640353345202,23.262554168701172,1554700
2021-05-26,23.004162361994105,23.39544034361368,22.974632718766642,23.277318954467773,1181300
2021-05-27,23.461879228669343,23.646442631138015,23.43973094447658,23.594764709472656,2012000
2021-05-28,23.79409663440977,23.94174905600229,23.72027183173136,23.904836654663086,2305700
2021-06-01,23.395440628120628,23.520944781629133,23.336379932829452,23.365909576416016,2980000
2021-06-02,23.535707948516205,23.735039723233196,23.42496932533387,23.668596267700195,3002500
2021-06-03,23.476646584039074,23.535707275254698,23.24778658159327,23.284700393676758,2146500
2021-06-04,23.292081318079173,23.292081318079173,23.12228200998294,23.255168914794922,1335400
2021-06-07,23.336379649040726,23.343762411877098,23.225639614613165,23.277318954467773,1163800
2021-06-08,23.196106176455793,23.2551668613663,23.114897206659677,23.144428253173828,1129000
2021-06-09,22.937716195724054,22.95986448161754,22.760534132929756,22.782682418823242,1663500
2021-06-10,22.92295379607563,22.974633136870725,22.66456413269043,22.66456413269043,1753300
2021-06-11,22.627646653001364,22.78268183404062,22.553820443369236,22.775299072265625,1332300
2021-06-14,22.900803503568167,22.98201106791193,22.812211769235695,22.863889694213867,1909200
2021-06-15,22.57596946049494,22.886038424506516,22.56120393646632,22.760534286499023,2501200
2021-06-16,22.81959856823069,22.90080755505937,22.649799239514444,22.81221580505371,2464100
2021-06-17,22.952480174837223,22.989392574057447,22.47999470585304,22.57596778869629,2781900
2021-06-18,22.059189321189937,22.11825001437194,21.80079966859241,21.822946548461914,3386600
2021-06-21,21.822944627716982,21.985362575760792,21.786032225771322,21.95583152770996,2457500
2021-06-22,21.79341603313961,21.822945674489002,21.660529126772502,21.726972579956055,1593300
2021-06-23,21.830327262117894,21.911536235665082,21.660527961171834,21.71220588684082,1577900
2021-06-24,21.80818227585466,21.911538136157176,21.719590532653935,21.845094680786133,1115700
2021-06-25,21.970597482277036,22.051806457890333,21.88938850666374,21.985363006591797,1086500
2021-06-28,21.74173731190812,21.756501427985494,21.5054931491376,21.63838005065918,1398100
2021-06-29,21.586699483785708,21.667908448808944,21.372605041612243,21.38736915588379,1313700
2021-06-30,21.306161295024857,21.439048178397037,21.224952331160146,21.298778533935547,1234900
2021-07-01,21.483347298015286,21.549790751952532,21.41690384407804,21.542407989501953,1186500
2021-07-02,21.350463516908544,21.365229043972107,21.151133125904945,21.29140281677246,2816000
2021-07-06,21.453818015501707,21.453818015501707,21.069924193273547,21.19542694091797,1842700
2021-07-07,21.08468734956791,21.328312886922024,21.025626655909882,21.261869430541992,1649000
2021-07-08,20.811529897611468,20.914885748200962,20.671260237441544,20.796764373779297,2157700
2021-07-09,20.951800084274282,21.276634597986796,20.78938353147702,21.202808380126953,2070400
2021-07-12,20.88535522190525,21.224953806919416,20.789380729188863,21.136362075805664,1988500
2021-07-13,21.121602938366305,21.173280873645655,20.981333251095116,21.151132583618164,2055100
2021-07-14,21.23972280568741,21.32831314317985,20.951800688541912,21.07730484008789,1471900
2021-07-15,20.811531937320794,20.988714016318664,20.789383649401813,20.90750503540039,1510100
2021-07-16,20.700787740189526,20.7303173746792,20.398100185935295,20.449779510498047,3335800
2021-07-19,19.9256165475157,19.984677229883808,19.704139340664725,19.777965545654297,3036300
2021-07-20,19.571254109581677,20.028974084640982,19.534340299904084,19.96253204345703,2921600
2021-07-21,20.243069785708762,20.501460818801494,20.243069785708762,20.420251846313477,2055200
2021-07-22,20.553141120741397,20.56790664619553,20.27998453231193,20.316898345947266,1991000
2021-07-23,20.56052483219122,20.56052483219122,20.316899283428427,20.383342742919922,2388400
2021-07-26,20.398101807177884,20.64911005681952,20.398101807177884,20.530988693237305,2408100
2021-07-27,20.457164445214946,20.686025841143692,20.331661716510474,20.634347915649414,1905900
2021-07-28,20.184009608781732,20.50884409882278,20.184009608781732,20.457164764404297,2431000
2021-07-29,20.759854514745367,20.79676692072855,20.523610328851703,20.538375854492188,1345100
2021-07-30,20.427633656516207,20.6195812319251,20.3095122882827,20.35380744934082,1567800
2021-08-02,20.331662927082537,20.479313950412102,20.169244970866682,20.25045394897461,2920300
2021-08-03,20.43501852105757,20.597435067063834,20.176627473411024,20.56790542602539,2053900
2021-08-04,20.45716248896899,20.62696318122143,20.4202500908937,20.530988693237305,2189200
2021-08-05,20.57528983902871,20.75985468670952,20.530993261740328,20.752471923828125,1254200
2021-08-06,20.855826144466253,21.02562545300387,20.81891374108605,20.973947525024414,1871500
2021-08-09,20.944418622256038,21.0625400069781,20.87797516733513,20.959182739257812,1161400
2021-08-10,20.73032222367433,20.98133051207874,20.69340981989872,20.922269821166992,2118400
2021-08-11,21.077301391102424,21.16589312221618,21.025623468001818,21.136362075805664,1785400
2021-08-12,21.040392077729784,21.06992312847236,20.85582723494268,21.01824378967285,1485300
2021-08-13,21.114215118958043,21.15112751871326,20.973945465276195,20.99609375,1239300
2021-08-16,20.80415153503418,20.811534298511457,20.649116318247646,20.80415153503418,1690900
2021-08-17,20.560523915513325,20.656497014878767,20.42763700245501,20.59005355834961,1933600
2021-08-18,20.427639199566812,20.70817717321607,20.39810814543628,20.508848190307617,1993200
2021-08-19,20.24715661240882,20.351831264396985,20.07519070526106,20.157434463500977,2689900
2021-08-20,20.127529774975702,20.329403557943518,20.09014637490846,20.299495697021484,2117700
2021-08-23,20.20977085583936,20.366782815488524,20.19481692841991,20.31444549560547,1712400
2021-08-24,19.933131069141346,20.13500483298737,19.933131069141346,20.097620010375977,2600500
2021-08-25,20.359302877294073,20.56117658970792,20.247151290203533,20.478931427001953,1626200
2021-08-26,20.43407242305515,20.45650331238435,20.149954955309767,20.164907455444336,1541500
2021-08-27,20.15743620981243,20.329403557943518,20.135006740206208,20.299495697021484,1392000
2021-08-30,20.292015669756253,20.292015669756253,19.948083877563477,19.948083877563477,1407200
2021-08-31,19.761165460902262,19.99294566024184,19.731257602362863,19.76864242553711,2204500
2021-09-01,20.00790023607448,20.030331130703892,19.880794685344956,19.940608978271484,1531300
2021-09-02,19.82845672477397,20.04528299493399,19.806025830860097,19.90322494506836,1490300
2021-09-03,19.8882711737304,19.992945827322682,19.858363314941062,19.895748138427734,1667400
2021-09-07,19.67891851368837,19.865838334564717,19.61910422805134,19.6265811920166,2102600
2021-09-08,19.63405973859999,19.671443135354554,19.49200026397934,19.506954193115234,1950300
2021-09-09,19.409753327681365,19.6116270745371,19.349939042622452,19.43218421936035,1619900
2021-09-10,19.574245761652005,19.574245761652005,19.379848958027345,19.42470932006836,1779700
2021-09-13,19.61910629579582,19.76116577393794,19.566768968607988,19.686397552490234,1314200
2021-09-14,19.619107737195623,19.634061667800857,19.148070331813205,19.170499801635742,2382100
2021-09-15,19.245267709503963,19.372373265370523,19.200407344517323,19.252744674682617,1969000
2021-09-16,19.26021762683485,19.29012405523293,18.983575677206417,19.0583438873291,2080200
2021-09-17,19.55929311658103,19.589200977295654,19.230313779146652,19.252744674682617,3307300
2021-09-20,18.811613727575185,18.811613727575185,18.176085947707385,18.400390625,5179100
2021-09-21,18.59478534785028,18.609737850451292,18.243375154151565,18.340574264526367,3544300
2021-09-22,19.013484472850422,19.207881258357975,18.96114715099936,18.968624114990234,3379300
2021-09-23,19.14807001360178,19.40975666441801,19.14059304842342,19.320035934448242,2745600
2021-09-24,19.185453256237423,19.28265237667457,19.110685031151608,19.260221481323242,2694500
2021-09-27,19.634058497995355,19.88079260880669,19.619104569804342,19.813501358032227,2423200
2021-09-28,19.701349694012393,19.776117908674554,19.327510046786674,19.409753799438477,2417900
2021-09-29,19.746213598315993,19.798550930152494,19.536862844884652,19.693876266479492,1861800
2021-09-30,19.76116576772975,19.79854916539925,19.492000741036655,19.551815032958984,1892900
2021-10-01,19.59667224284805,19.828453834584764,19.514428495988717,19.723777770996094,1606800
2021-10-04,19.656486630759677,19.843406428650876,19.477042369829423,19.514427185058594,2126400
2021-10-05,19.85836285000373,20.15743430046904,19.76864212790672,20.097620010375977,2813300
2021-10-06,20.67333459799484,20.778010681065528,20.501368682637263,20.71819496154785,4313400
2021-10-07,21.20418930795559,21.278956110851794,21.047175884485785,21.06960678100586,3388700
2021-10-08,21.24157380431683,21.39858723588001,21.21166736683387,21.286434173583984,2074200
2021-10-11,21.802328072539847,21.96681700362994,21.525687532702637,21.53316307067871,4698900
2021-10-12,21.667748612557844,21.79485416726582,21.600457352648604,21.70513343811035,2691700
2021-10-13,21.67522192522074,21.7798965669587,21.48082514336093,21.69765281677246,2487900
2021-10-14,21.92943317226244,21.981770493562113,21.735036388802893,21.824758529663086,1490600
2021-10-15,22.32570568945142,22.47524070274274,22.116354959541365,22.407949447631836,2610400
2021-10-18,22.19112237038209,22.273367551649912,22.138785046333517,22.17616844177246,1546600
2021-10-19,22.310754458319174,22.348137859641454,22.243463195070788,22.325708389282227,1212600
2021-10-20,22.131309832923794,22.44533522814412,22.108878938234756,22.385520935058594,1384200
2021-10-21,22.430381774902344,22.50514999936907,22.340659620325216,22.430381774902344,1819500
2021-10-22,22.3929961567201,22.535054200436115,22.318227939662385,22.44533348083496,1716200
2021-10-25,22.64720822043658,22.834128058138095,22.594869467968596,22.80422019958496,1997600
2021-10-26,22.916368811462792,23.095811660991746,22.90141488414746,22.968706130981445,2716500
2021-10-27,22.81917205260601,23.006091873300193,22.68458955353259,22.744403839111328,1467400
2021-10-28,22.707026317036494,22.83413188501916,22.632258084208086,22.7369327545166,1379700
2021-10-29,22.684591277994475,22.729451639067506,22.415426259385956,22.482717514038086,1915000
2021-11-01,22.729450557520895,22.86403306042125,22.69954412692365,22.849079132080078,1578900
2021-11-02,22.40795056602335,22.609824341431683,22.310752873837064,22.579917907714844,1740900
2021-11-03,22.467764226531482,22.76683711178521,22.467764226531482,22.65468406677246,1515100
2021-11-04,22.056541116828594,22.07149504628689,21.697655366340644,21.86962127685547,2614200
2021-11-05,22.108878766036923,22.191123953170912,21.88457552523452,21.921958923339844,1910000
2021-11-08,22.026633257911996,22.146263267493183,21.86214431212632,21.86962127685547,1727400
2021-11-09,21.779900237044817,21.824762027707827,21.645319143311614,21.70513343811035,1372900
2021-11-10,21.757467565112773,21.847188281061406,21.585501671140335,21.60793113708496,1367100
2021-11-11,21.68270126887043,21.74999252482616,21.630363942257137,21.67522430419922,1176400
2021-11-12,21.630365687352704,21.735040349024246,21.607934791529384,21.682703018188477,1607500
2021-11-15,21.862145743251567,21.95186789978949,21.817285378025257,21.892053604125977,2193400
2021-11-16,22.064016657374893,22.17616826890259,21.99672540524125,22.049062728881836,2000600
2021-11-17,22.265888975770658,22.280841477212917,22.05653826864377,22.093921661376953,1477400
2021-11-18,22.116358921712827,22.16869625704534,22.011684251047797,22.08645248413086,1448000
2021-11-19,21.660270064000468,21.79485257398046,21.51821201554174,21.757469177246094,1704800
2021-11-22,21.749992212682187,21.921958119396546,21.727561318990464,21.757469177246094,1803200
2021-11-23,22.168692590514052,22.280844208546917,22.064017937161402,22.146263122558594,1917500
2021-11-24,22.034108337402532,22.176167802931353,22.026631373313112,22.138784408569336,1182100
2021-11-26,20.912588894004344,20.94249674964765,20.568657110616634,20.76305389404297,2290500
2021-11-29,20.97988047088014,21.03221779298853,20.650902610174544,20.815391540527344,2181700
2021-11-30,20.80791424071191,20.86772852588268,20.59856352957169,20.695762634277344,2810800
2021-12-01,21.21166386011765,21.33876940709933,20.815393289860598,20.8228702545166,2640300
2021-12-02,21.263998851596202,21.548116346899064,21.24156796009136,21.42848777770996,2695000
2021-12-03,21.43596423150607,21.50325547833447,21.114461924678164,21.24904441833496,3418200
2021-12-06,21.570551235738925,21.67522589665586,21.503259974839384,21.55559730529785,2310700
2021-12-07,21.809805562142326,21.974294497196038,21.779897705177042,21.914480209350586,2063000
2021-12-08,21.764946933057328,21.877098553422783,21.690178710785286,21.72008514404297,1343500
2021-12-09,21.67522240655178,21.7798970506142,21.585501690522584,21.74251365661621,1375200
2021-12-10,21.749996185302734,21.772427083091443,21.62289061667091,21.749996185302734,1100100
2021-12-13,21.488309427875365,21.50326336067104,21.21914434189536,21.241575241088867,2000500
2021-12-14,21.398583572978826,21.637840736229393,21.398583572978826,21.48082733154297,2015300
2021-12-15,21.65279244457065,21.65279244457065,21.331291534557113,21.518211364746094,1881500
2021-12-16,22.258411551067503,22.35560922581197,22.123829058279014,22.183643341064453,3064000
2021-12-17,22.168693378831016,22.176170343777112,21.884575841305548,21.907005310058594,2604700
2021-12-20,21.951867740832533,21.981774175405082,21.7275630641546,21.8995304107666,2619600
2021-12-21,21.944387278580788,22.04906192203156,21.936910314607868,21.95186424255371,1913200
2021-12-22,22.041583558686355,22.16868908598623,21.99672320378198,22.131305694580078,1929200
2021-12-23,22.34813770069421,22.505151122518832,22.318231265066157,22.33318519592285,1770600
2021-12-27,22.38551982736566,22.51262537214355,22.243460353535035,22.482717514038086,1317200
2021-12-28,22.348137057227937,22.669639430963223,22.348137057227937,22.54253387451172,2098400
2021-12-29,22.632252526575435,22.69206681293293,22.53505341994133,22.594867706298828,2267500
2021-12-30,22.63973267789506,22.736930372127762,22.53505659246914,22.55748748779297,1997400
2021-12-31,22.55748780493785,22.62477906577013,22.475242613679438,22.54253387451172,692400
2022-01-03,22.71449741537618,22.878987780652235,22.677114019314427,22.766836166381836,1706000
2022-01-04,23.701437945260622,23.91826423330824,23.686484014751045,23.79115867614746,4272000
2022-01-05,23.69395715272674,23.850969119459258,23.57432858014432,23.58928108215332,4292600
2022-01-06,24.172476763657325,24.28462696417656,24.09023157197419,24.262197494506836,4006200
2022-01-07,24.336960182694835,24.553787860100684,24.314530716814964,24.479021072387695,2878200
2022-01-10,24.95005766880661,24.9724899874859,24.822953555694866,24.92015266418457,2926000
2022-01-11,25.062212945871106,25.241654398323504,24.98744329720722,25.21922492980957,2904500
2022-01-12,25.53324732483522,25.675305354421635,25.495861080897242,25.630443572998047,2810300
2022-01-13,26.07905484087886,26.370649312183172,26.04914698429119,26.16877555847168,3744200
2022-01-14,26.243540166316063,26.452892292857484,26.183727310282762,26.43045997619629,4301000
2022-01-18,26.183728533255326,26.28840317533014,26.10148335671938,26.191204071044922,3340200
2022-01-19,26.18373843175441,26.251029705979878,25.93700280887065,25.99681854248047,2679300
2022-01-20,25.787458392424305,26.03419105992987,25.62296804597395,25.652875900268555,2378700
2022-01-21,25.525774000993145,25.600543651537823,25.256608963373377,25.32390022277832,3353700
2022-01-24,25.002399440675408,25.077169095959466,24.531363447154057,25.069690704345703,4612900
2022-01-25,25.518292803842442,25.92951580806065,25.23417389911154,25.794933319091797,4603900
2022-01-26,26.46784939165105,26.5052327876729,26.019240082877978,26.213638305664062,3493100
2022-01-27,27.208048430038616,27.365060393666763,26.58747611334018,26.729534149169922,4901600
2022-01-28,26.54261716204823,26.557571091442227,26.198685342497516,26.505233764648438,2849200
2022-01-31,26.677196806378333,26.684672344186446,26.39307788277862,26.594951629638672,2249700
2022-02-01,27.237962697366722,27.611802423817355,27.223008766048206,27.574419021606445,3328200
2022-02-02,27.67908765825353,27.888436946760542,27.61179640806625,27.83609962463379,2329200
2022-02-03,27.948256808589175,28.030501999048234,27.56693871685545,27.61927604675293,2805000
2022-02-04,27.46974087255161,27.81367269276927,27.42487908428263,27.738903045654297,2795200
2022-02-07,27.978156427768006,28.202462486602975,27.866006250520538,28.075355529785156,3049700
2022-02-08,28.538914380801288,28.643591867139513,28.434239746632933,28.598730087280273,3140900
2022-02-09,28.389382654200634,28.47162782984112,28.247321768214324,28.26227569580078,2899500
2022-02-10,28.314617796660738,28.591261225461157,28.239850998275536,28.30714225769043,2859100
2022-02-11,28.479105615533843,28.867899206960786,28.20246506377304,28.269756317138672,4949900
2022-02-14,28.299664824082473,28.33705107671059,27.880966175485614,28.060407638549805,4692300
2022-02-15,28.03049339476139,28.135168022425255,27.88843252678641,27.978153228759766,3000400
2022-02-16,27.596849735896807,27.918352143303558,27.589374195986114,27.783769607543945,3136200
2022-02-17,27.350112272219967,27.47721639398026,27.163192432805136,27.29029655456543,2774900
2022-02-18,27.54451084575942,27.70152284456231,27.46226565052817,27.52208137512207,2640800
2022-02-22,27.671610524056756,27.925821608283098,27.544506408028724,27.731426239013672,3822800
2022-02-23,27.910873735055425,28.06788572658224,27.537034030179807,27.626754760742188,3071600
2022-02-24,25.80241552199413,26.101488430778346,25.3239011496759,26.08653450012207,6802700
2022-02-25,26.699628544684156,27.148237859949475,26.65476960967686,27.118330001831055,4604800
2022-02-28,25.32390147424047,25.877185506931255,25.32390147424047,25.824848175048828,5365000
2022-03-01,25.2790396661216,25.38371431801178,24.546314250720005,24.793046951293945,5927000
2022-03-02,25.20426974648839,25.593063343691718,25.129502953713654,25.458480834960938,4761200
2022-03-03,25.226704280371376,25.323900549076026,24.733235989100322,24.860340118408203,5163100
2022-03-04,23.581808722795426,23.641623017149033,23.088339011771577,23.350027084350586,8133600
2022-03-07,23.417317043276558,23.49956222822725,22.766836806566204,22.871511459350586,7470900
2022-03-08,23.611714359915638,23.94069368079841,23.103292162029142,23.454702377319336,9003900
2022-03-09,24.120132760882882,24.26219365208112,23.903306507264453,24.060319900512695,5773100
2022-03-10,24.106474577135906,24.206468879905884,23.798798106554653,24.052631378173828,4566300
2022-03-11,24.206466101236078,24.321846048187034,23.929558043057906,23.9372501373291,3817900
2022-03-14,24.367998968206507,24.844897111733,24.32953849397561,24.48337745666504,3916700
2022-03-15,24.27569555867416,24.321848128248405,24.03724648434227,24.268003463745117,4005600
2022-03-16,24.721825562352628,25.14488049254087,24.65259817855935,25.137189865112305,5315900
2022-03-17,25.17564534141911,25.59100958595002,25.04488415382621,25.544857025146484,3564400
2022-03-18,25.20641955733894,25.58332195477081,25.121807976705657,25.537172317504883,2779800
2022-03-21,25.467942872635003,25.5448608846954,25.33717873105144,25.383331298828125,2565400
2022-03-22,26.537119290759332,26.54480991833133,26.198675927143487,26.23713493347168,3521500
2022-03-23,25.883311238283138,26.06791566986667,25.775621896585786,25.791006088256836,2505300
2022-03-24,26.17559388413516,26.32943281845817,26.052523323523477,26.22174644470215,3090800
2022-03-25,26.275591671430444,26.444814805746397,26.206364292322448,26.314050674438477,2542000
2022-03-28,26.337130376828153,26.344821004306567,25.998684083096602,26.152523040771484,3175400
2022-03-29,26.69096216861274,26.714036988950284,26.329441000740403,26.490970611572266,3999800
2022-03-30,26.714032197283565,26.760184763914847,26.467891043718073,26.5217342376709,3072800
2022-03-31,26.629416025820497,26.683259210472873,26.314047543899356,26.321741104125977,2957600
2022-04-01,26.575578522531472,26.65249947007449,26.414048934042324,26.644805908203125,3289800
2022-04-04,26.406356003604856,26.667878399742346,26.32174443580326,26.52942657470703,2898200
2022-04-05,26.490963139270008,26.675570452601786,26.360201948595012,26.421735763549805,2355100
2022-04-06,26.13713380372247,26.47557709785649,26.052522246630595,26.321741104125977,2678600
2022-04-07,26.390972713133763,26.498659099731913,26.11406318517625,26.437122344970703,2782600
2022-04-08,26.337128714550218,26.629419488026976,26.32943515332332,26.560192108154297,2310600
2022-04-11,26.72941699700014,26.86017820409268,26.567887411450275,26.62942123413086,2037000
2022-04-12,26.083297443261948,26.24482703948019,25.7063921178518,25.775619506835938,2794200
2022-04-13,26.02945339575129,26.12944916196421,25.914073439795292,26.121755599975586,2423000
2022-04-14,26.129448677206877,26.25251925863411,26.03714354046087,26.10637092590332,1913500
2022-04-18,26.037144675163695,26.244826840541865,25.998685666960533,26.067913055419922,1827900
2022-04-19,26.237137743509987,26.444819921006236,26.221753552484216,26.42943572998047,1948900
2022-04-20,26.98325316448031,27.106323750673305,26.806336445983295,26.89864158630371,2394800
2022-04-21,26.91402981164709,26.967873017789735,26.483281228271252,26.544815063476562,2682700
2022-04-22,26.06021942291254,26.083294238327223,25.706388959228583,25.721773147583008,3284000
2022-04-25,24.87566282203675,24.952580828011325,24.43722373266722,24.906431198120117,5241500
2022-04-26,23.568035323223466,23.621878512293158,22.952682495117188,22.952682495117188,4482500
2022-04-27,23.475735117114144,23.568037315574525,23.275745064294,23.414199829101562,4292300
2022-04-28,23.629577344821648,23.93725531373662,23.398820335252704,23.844951629638672,3834200
2022-04-29,23.714185380132513,24.85259046690436,23.69880119056816,23.85264015197754,7099700
2022-05-02,23.852641505095104,23.944943713483216,23.460353451652754,23.760337829589844,3269500
2022-05-03,24.606447131691972,24.883355200347754,24.460300269243323,24.752593994140625,3745300
2022-05-04,24.944893292395076,25.39102306395501,24.73721112944617,25.344873428344727,3330500
2022-05-05,24.414150458985652,24.537221044250387,24.014170323316723,24.183393478393555,4131000
2022-05-06,23.975713313689575,24.09109181360109,23.76803113357851,24.037248611450195,3494400
2022-05-09,23.59880737151951,23.64495847403203,23.314205727271922,23.406509399414062,2807500
2022-05-10,23.81417850691189,23.852638978931324,23.26805300828887,23.65264892578125,3512000
2022-05-11,23.67572599619795,23.96801825767924,23.26805378193903,23.29113006591797,3784200
2022-05-12,22.829611916620046,22.998833577474617,22.43732393875472,22.729616165161133,3934300
2022-05-13,23.32958922163061,23.675726147947984,23.27574602578503,23.62188148498535,3412100
2022-05-16,23.521888873271365,23.82956534808804,23.391126188084634,23.67572784423828,2296100
2022-05-17,24.098777371521003,24.244924214223676,23.98339890291019,24.16031265258789,2550300
2022-05-18,23.644953325069434,23.875711721615914,23.460347488102315,23.514190673828125,3369500
2022-05-19,23.26035858296948,23.591111273606987,23.244974395703352,23.475732803344727,3837700
2022-05-20,23.937250550257087,23.937250550257087,23.291129291500532,23.65264892578125,2594400
2022-05-23,24.029553549918145,24.36030628472627,24.014169360597524,24.152624130249023,3245800
2022-05-24,25.052581156347916,25.260263331470885,24.85259254376712,25.16796112060547,4758100
2022-05-25,25.191031762294845,25.4448664678739,25.014117998209695,25.244874954223633,3248800
2022-05-26,25.306413089602017,25.50640167994135,25.306413089602017,25.391021728515625,2182200
2022-05-27,25.890995314844698,25.967913319500006,25.69869736897264,25.91407012939453,2965500
2022-05-31,25.675620195733323,25.92945193516463,25.66023600936877,25.737154006958008,2807300
2022-06-01,25.814078477413847,25.821769104533605,25.337177437438974,25.491016387939453,3110700
2022-06-02,25.49101683383902,25.667930603027344,25.344871442135787,25.667930603027344,2196800
2022-06-03,25.483328690117503,25.567940269330528,25.3294897219333,25.360258102416992,1392800
2022-06-06,25.91407436874069,26.00637951050803,25.598705803287956,25.675626754760742,2501700
2022-06-07,25.514087706022284,25.7602317536216,25.483322267526702,25.737154006958008,2043700
2022-06-08,25.19103339268611,25.24487658809969,24.90643322632375,24.998735427856445,2459400
2022-06-09,24.79874476005944,24.829510201839486,24.4372236774809,24.444915771484375,2970300
2022-06-10,23.94493834933609,23.975706723317494,23.59880294474623,23.69879722595215,3630000
2022-06-13,23.560347570904703,23.768029738828613,23.383433783614176,23.591115951538086,3884000
2022-06-14,24.07570731268815,24.16031889618958,23.76803082784277,23.95263671875,3902700
2022-06-15,24.806440528027174,24.891052112484,24.375693444379834,24.737213134765625,6107700
2022-06-16,24.214161755886646,24.437228121199414,24.021863772182748,24.329540252685547,3725400
2022-06-17,24.15262546425806,24.27569605138643,23.668035210829743,23.82187271118164,3755800
2022-06-21,25.60639653275904,25.61408715993838,25.314102817966976,25.483325958251953,5026700
2022-06-22,24.99873481160537,25.329487537697638,24.97565999534954,25.11411476135254,3801700
2022-06-23,25.144883578572877,25.160267769552156,24.59106590737361,24.875667572021484,4017800
2022-06-24,25.144882938415677,25.42179250052414,25.121808119651416,25.406408309936523,2794900
2022-06-27,25.421796017469735,25.560250817678316,25.283341217261153,25.321800231933594,2366700
2022-06-28,25.65254727527358,25.82177042288734,25.352562920310337,25.383331298828125,2518200
2022-06-29,25.90638354064525,25.90638354064525,25.621783357979492,25.683317184448242,2489400
2022-06-30,24.983350229682912,25.144879809400756,24.6910565133597,25.12949562072754,2993000
2022-07-01,24.76797812962616,25.16795824329466,24.583370794766072,25.137189865112305,2408600
2022-07-05,24.168008711928827,24.32953830106659,23.90648335770068,24.31415557861328,3098200
2022-07-06,23.81417838241305,24.044936811972285,23.6449567077632,23.960325241088867,2938800
2022-07-07,24.529525634723313,24.798744520897664,24.529525634723313,24.660289764404297,2065700
2022-07-08,24.298772570012556,24.429535253481962,24.15262569622507,24.291080474853516,2530700
2022-07-11,24.22185151507477,24.33723000074534,24.091088840083582,24.152624130249023,1796300
2022-07-12,23.844948802443646,24.321848424024047,23.806489794447838,24.114166259765625,1780400
2022-07-13,24.1064727427827,24.221851227081437,23.814179017634398,24.129549026489258,2714900
2022-07-14,23.398819869779278,23.40651196556086,23.168062864800792,23.35266876220703,3100200
2022-07-15,23.314207802107365,23.629576387056993,23.137294004134105,23.575733184814453,3333600
2022-07-18,23.952634449911688,24.121857600885416,23.783412766055026,23.85264015197754,2759300
2022-07-19,24.129548742254904,24.314154608381724,24.060321359067718,24.28338623046875,3802300
2022-07-20,23.92186627586112,23.983401563755056,23.6449567467799,23.798795700073242,2292500
2022-07-21,23.606499251072457,24.114165775429534,23.560346681863933,24.09878158569336,3096300
2022-07-22,23.83725613008651,24.014169909969773,23.675726539875807,23.78341293334961,2030300
2022-07-25,24.437226354705043,24.560296938009756,24.31415577140033,24.48337745666504,2377700
2022-07-26,24.268002615919592,24.36799837938658,24.091088840083582,24.152624130249023,1805900
2022-07-27,24.32185030682348,24.621833233223807,24.260315008996365,24.57568359375,1954900
2022-07-28,24.1680118953053,24.191088182700444,23.914178602427775,24.144935607910156,2198900
2022-07-29,23.84494767942183,24.183392508890265,23.791104483916698,24.152624130249023,2889600
2022-08-01,25.814078277709555,25.99099204243458,25.467941375319764,25.721773147583008,4101300
2022-08-02,25.267952554558573,25.29872093454739,24.937199805264324,24.960277557373047,3163500
2022-08-03,25.260261337631274,25.42179092745451,25.121806565144453,25.26795196533203,3096600
2022-08-04,25.198722064657925,25.283333632094113,25.12180405838895,25.160263061523438,2075900
2022-08-05,24.96027688788119,25.252570621466532,24.937199136391467,25.237186431884766,2076800
2022-08-08,25.506402334598626,25.560245530850178,25.32179499442607,25.33717918395996,1880000
2022-08-09,25.721773830469353,25.906381161389675,25.629471632126183,25.729467391967773,2491000
2022-08-10,25.5679367182895,25.744850480148408,25.529474780909595,25.606395721435547,2242300
2022-08-11,25.767932891845703,25.883312869532933,25.6833212994397,25.767932891845703,1794600
2022-08-12,25.737161007846197,25.867925160397913,25.62178398007808,25.852540969848633,1800000
2022-08-15,25.467940349506044,25.55255191493039,25.298717218657355,25.498708724975586,1547800
2022-08-16,25.552552853670097,25.721773056501746,25.529475104103227,25.691007614135742,1925700
2022-08-17,25.24487749290251,25.437175464624335,25.183343667753302,25.414100646972656,2483500
2022-08-18,25.41409776535354,25.41409776535354,25.20354796485741,25.273731231689453,1503500
2022-08-19,24.86043383130627,24.91502198201881,24.665480612315122,24.80584716796875,3512100
2022-08-22,24.782450390133846,24.876027089694865,24.696670509390557,24.735660552978516,3396400
2022-08-23,24.478322759942948,24.649882523965385,24.447131022086495,24.493919372558594,2154800
2022-08-24,23.963647986681682,24.189794422055396,23.862272972897735,24.057226181030273,2511000
2022-08-25,24.096214793440453,24.32236121535337,24.041628136392465,24.306764602661133,1612200
2022-08-26,24.525109204422268,24.57969585364942,24.057221302315117,24.065019607543945,2407300
2022-08-29,24.07282263866579,24.384747472181683,23.97924444492356,24.283370971679688,1731700
2022-08-30,24.470523841136323,24.49391875947422,24.07282064101575,24.1118106842041,2613400
2022-08-31,24.08061983829933,24.291169662012877,24.018234870611053,24.041629791259766,2349500
2022-09-01,23.706306679308952,23.753095026613995,23.441170232289153,23.690710067749023,3027200
2022-09-02,24.07282507798492,24.345758405358552,23.79989026323621,23.854476928710938,3025200
2022-09-06,24.28336967759339,24.306764596625943,23.854473240287252,23.987041473388672,2318600
2022-09-07,23.324198620339182,23.73749990242881,23.277410273034143,23.690710067749023,2869100
2022-09-08,23.519153599709714,23.87006994974636,23.456768636078184,23.838876724243164,2542000
2022-09-09,23.971446267701634,24.143004555218713,23.831079720017232,24.096216201782227,2808700
2022-09-12,24.50171659208662,24.759054739331134,24.470523368238908,24.540706634521484,2610600
2022-09-13,23.94025369285839,24.16639863272617,23.73750218520545,23.768693923950195,3375200
2022-09-14,23.581538683979332,23.73750183754346,23.480163675325052,23.651721954345703,2851600
2022-09-15,23.714107166291964,24.07282182829085,23.706308859794717,23.916858673095703,2792500
2022-09-16,23.659520829690905,23.799887373798978,23.597135864240084,23.753097534179688,3194900
2022-09-19,23.5659436408115,23.846676740975855,23.48796354621026,23.81548500061035,1455300
2022-09-20,23.854472362704833,23.92465562984566,23.56594098808423,23.698509216308594,3127700
2022-09-21,23.472364957942297,23.48796157050061,22.973283767700195,22.973283767700195,3873700
2022-09-22,23.0200756522027,23.059065699690436,22.692554196230812,22.786130905151367,2993400
2022-09-23,22.170075853245518,22.19346928291057,21.76457288213777,21.95952606201172,4424600
2022-09-26,21.17971446999756,21.429254315540273,20.90677970616967,21.086137771606445,5073500
2022-09-27,21.086139665573096,21.179716372369317,20.711828376263416,20.80540657043457,4441000
2022-09-28,20.126966543276588,20.828797716695373,20.09577480689397,20.7274227142334,5211000
2022-09-29,20.1581621227028,20.40770199242389,19.98660234673834,20.29852867126465,4292400
2022-09-30,20.3765078951887,20.6494426738107,20.30632611127864,20.32971954345703,3619600
2022-10-03,20.40770163772618,20.63384658296478,20.21274843197311,20.501279830932617,3447300
2022-10-04,21.40586265293791,21.717787485633966,21.343477686398696,21.632007598876953,4922200
2022-10-05,20.91458118444447,21.148525940654995,20.766416320915305,21.062746047973633,3781600
2022-10-06,20.789805837373013,20.8755857077515,20.54806432411276,20.579256057739258,2977400
2022-10-07,20.516869278653292,20.555860801437404,20.314117822299455,20.392099380493164,3246700
2022-10-10,20.321921839737293,20.36091337348267,20.025593620147077,20.0723819732666,2687700
2022-10-11,19.877431701243506,20.025596576600208,19.495323538376347,19.573305130004883,4396800
2022-10-12,19.386148787148095,19.66688041418953,19.315965508543975,19.50312042236328,3333900
2022-10-13,19.96320875937802,20.66504000939181,19.830640518690696,20.524673461914062,5743700
2022-10-14,20.42329700637376,20.633845325349395,20.119169012520373,20.134765625,4186300
2022-10-17,21.132927514415762,21.28888918447747,20.898982778260848,20.914579391479492,4804500
2022-10-18,20.992559322672662,21.023751059287072,20.633844683670844,20.821001052856445,3525100
2022-10-19,20.98476361678436,21.023753664227115,20.665040468153865,20.774213790893555,3439100
2022-10-20,20.937975912073657,21.18751579315032,20.70403115803302,20.75861930847168,2615100
2022-10-21,20.641641931404223,21.242098076038733,20.587055279596484,21.22650146484375,3277200
2022-10-24,20.836603633567123,21.12513510921504,20.828805324779307,21.008163452148438,2830000
2022-10-25,20.06458369217591,20.197151932329856,19.877428792083556,20.03339195251465,4817900
2022-10-26,20.087976809157645,20.353113265664273,20.064581890980662,20.20494842529297,3709200
2022-10-27,20.423297534347014,20.61825073325769,20.259536073827118,20.306325912475586,2919900
2022-10-28,20.080176388186413,20.251734641290806,19.971003089608587,20.220542907714844,2461100
2022-10-31,20.002196929883503,20.446689963622614,19.99439862382451,20.20494842529297,2504400
2022-11-01,20.789806242565845,20.813201158772664,20.53246811378951,20.618247985839844,2607800
2022-11-02,20.493481628624423,20.76641492816928,20.337518468277423,20.35311508178711,2955900
2022-11-03,19.978803719110005,20.275131915741305,19.978803719110005,20.18935203552246,3008900
2022-11-04,21.569619702263818,22.021911020076395,21.421454869094696,21.95952606201172,8836000
2022-11-07,21.460448130230333,21.64760301953541,21.4448515176112,21.50723648071289,3729800
2022-11-08,21.600816923670433,21.772375218263033,21.52283533981016,21.624210357666016,2163800
2022-11-09,21.335677572089747,21.413657658126052,21.14852268832797,21.16411781311035,2022300
2022-11-10,21.561825527559424,21.725587003463044,21.429257280351734,21.717788696289062,3333500
2022-11-11,21.787970381401035,21.936133744755168,21.655402143880302,21.873748779296875,2447200
2022-11-14,22.115489825897768,22.20906652195212,21.943930070840178,21.982921600341797,2350900
2022-11-15,22.52099411057507,22.52099411057507,21.91274104875835,22.029712677001953,2694200
2022-11-16,22.15448047024647,22.193470513433184,22.01411393497461,22.045307159423828,2114800
2022-11-17,21.928335188713813,22.29484664583024,21.92053688272732,22.28704833984375,2385600
2022-11-18,22.357230983369263,22.37282759490765,22.177874412802016,22.263652801513672,1711600
2022-11-21,22.39622368647947,22.43521521995932,22.232463707988853,22.419618606567383,2024400
2022-11-22,22.497597120616227,22.72374203448505,22.466403898082753,22.575578689575195,1887400
2022-11-23,22.871911497387583,23.051268101143215,22.856314882963172,22.9810848236084,2596500
2022-11-25,23.11364996542891,23.23841988930742,23.06686161581817,23.176034927368164,756600
2022-11-28,22.949889783735912,23.05906309426615,22.82511986102284,22.832918167114258,2028100
2022-11-29,23.823280582284664,24.07282192911705,23.73750218520545,23.768693923950195,3336900
2022-11-30,23.932451393403163,24.088413035855787,23.612728315894447,24.065019607543945,2853900
2022-12-01,24.05722313973291,24.08061656983147,23.776490079552147,23.823278427124023,1778700
2022-12-02,23.64392247086426,23.909058926299068,23.64392247086426,23.8466739654541,2012600
2022-12-05,23.99483974974293,24.049426406709138,23.65952001423639,23.706308364868164,2349200
2022-12-06,23.83887639713809,23.96364632268912,23.604933158573616,23.68291473388672,2142200
2022-12-07,23.59713756340661,23.729705810457347,23.441174394861616,23.448972702026367,1749600
2022-12-08,23.60493132079113,23.71410462530479,23.51135314022605,23.57373809814453,1531700
2022-12-09,23.7608958907417,23.854474082802138,23.67511749267578,23.67511749267578,1685700
2022-12-12,23.682915749500552,23.799887373798978,23.58933755763687,23.753097534179688,2446600
2022-12-13,24.322362663080522,24.384747630187935,23.932456246815445,24.057226181030273,3498200
2022-12-14,24.111809971964387,24.119608277846663,23.799885173547107,23.877866744995117,2142400
2022-12-15,23.53475030561544,23.56594204386724,23.293008756508268,23.370988845825195,2249500
2022-12-16,23.230626162810072,23.370991230326663,23.10585473494808,23.30080795288086,2575800
2022-12-19,23.394382921767892,23.581537806657057,23.238419774006182,23.363189697265625,2118600
2022-12-20,23.65172252308769,23.870070645853012,23.63612590988126,23.753097534179688,2069800
2022-12-21,24.00263952073315,24.111812841327392,23.97924460030227,24.057226181030273,1688300
2022-12-22,24.088416257398855,24.127407788757647,23.78428974967444,24.00263786315918,2211400
2022-12-23,23.979240338314572,24.127405166625977,23.893460466022493,24.127405166625977,1014900
2022-12-27,24.15859748332452,24.275569092758687,24.119607442638035,24.22878074645996,981200
2022-12-28,24.525111284787425,24.564101326864286,24.189791568377252,24.197589874267578,1664300
2022-12-29,24.330158656159618,24.40034192340309,24.306763737953528,24.337955474853516,1522900
2022-12-30,24.22098388071809,24.384745333560858,24.213185574642264,24.298965454101562,891900
2023-01-03,24.71226950169562,24.86823117844218,24.571902951461237,24.66547966003418,2033300
2023-01-04,25.437491702846895,25.55446480814732,25.328318391099643,25.484281539916992,2680100
2023-01-05,26.0535418914392,26.443448237000847,26.014551851832906,26.326475143432617,4549400
2023-01-06,26.3420759088345,26.778772155648,26.256296023322044,26.75537872314453,2431800
2023-01-09,26.70078938559334,26.81775951112639,26.638402938842773,26.638402938842773,1903800
2023-01-10,26.778774233445564,26.833360896688973,26.64620449789012,26.817764282226562,1531600
2023-01-11,26.965927968273444,27.03610826429609,26.926934948594536,26.981521606445312,1409800
2023-01-12,27.714549456339135,27.769136117964315,27.45720978746333,27.620969772338867,2882600
2023-01-13,27.847113703019236,28.22922327470131,27.815920477830968,28.19023323059082,3153400
2023-01-17,28.463164525794763,28.50215456718157,28.15123824520133,28.307201385498047,2010900
2023-01-18,28.502154832875036,28.58013789112508,28.213624954223633,28.213624954223633,2902300
2023-01-19,27.979684771785774,28.400781433132597,27.979684771785774,28.37738800048828,2288600
2023-01-20,28.439775892030593,28.736102636342828,28.39298604962604,28.72830581665039,1985200
2023-01-23,28.548945646368743,28.712705612182617,28.533349034184145,28.712705612182617,2103000
2023-01-24,28.47876138816718,28.689311183210044,28.39298151151088,28.611328125,1779200
2023-01-25,28.658122820283324,28.962249362007963,28.65032600051475,28.915462493896484,2121000
2023-01-26,29.00123623959823,29.24297927249407,28.892062926274203,29.22738265991211,1537300
2023-01-27,29.024635566573977,29.12600909643333,28.884269013961045,28.970048904418945,1817500
2023-01-30,28.95444894527757,29.102612300474515,28.89986228942871,28.89986228942871,1641500
2023-01-31,28.673713404670476,28.814079928986736,28.564540102368802,28.8062801361084,1833400
2023-02-01,28.634723364526934,28.97004306431029,28.580136713376096,28.8062801361084,3349700
2023-02-02,28.486558200052837,28.486558200052837,28.127845056617755,28.252614974975586,2479500
2023-02-03,28.143442197335318,28.31500195383362,28.03426888856351,28.065462112426758,2246400
2023-02-06,27.886103868011418,28.010873794555664,27.792527166790656,28.010873794555664,1884300
2023-02-07,28.205827760054913,28.53335068538575,28.190234121717527,28.44757080078125,2097700
2023-02-08,28.775096081145417,28.845279358406746,28.704912803884085,28.736103057861328,1965800
2023-02-09,29.383343148529452,29.41453637086692,29.01683022293771,29.032426834106445,2354300
2023-02-10,28.814086129679485,28.829682744043115,28.65812296079319,28.736103057861328,1930000
2023-02-13,28.89986535079965,29.087018769321045,28.892065556423784,29.06362533569336,1089000
2023-02-14,28.720505003774022,29.079218154751622,28.704908391807663,29.02463150024414,1525500
2023-02-15,28.58793692216416,28.76729350789647,28.556743696449914,28.759496688842773,1491800
2023-02-16,28.751698473391464,29.07142161763965,28.751698473391464,28.931055068969727,1749900
2023-02-17,28.923256640421304,29.164999677404104,28.868669982836437,29.118209838867188,2052200
2023-02-21,30.57646018512084,30.903983118820797,30.40490338627787,30.443893432617188,4068200
2023-02-22,29.991594810334835,30.0929712911626,29.820038044413945,29.84343147277832,2996600
2023-02-23,29.63288329346382,29.734259779766038,29.461323543529208,29.617286682128906,2433200
2023-02-24,29.515913552319564,29.703069934872154,29.500319913960816,29.648483276367188,1695600
2023-02-27,29.687469945761297,29.788846432063515,29.586093459459075,29.617286682128906,2037100
2023-02-28,30.08517787031777,30.092974689069838,29.859031454762857,29.8746280670166,2455800
2023-03-01,29.92921343661055,30.046183561363566,29.820040130274602,29.90581703186035,3010800
2023-03-02,29.65660930326441,29.769157616362627,29.439550527984338,29.720924377441406,2147900
2023-03-03,29.672683702657356,29.946016594239666,29.648567086747796,29.937978744506836,1649300
2023-03-06,29.64856672429695,29.970132843767264,29.62444704197117,29.905820846557617,1588000
2023-03-07,30.130917986646914,30.138958903139237,29.6405263487923,29.753074645996094,2364200
2023-03-08,30.066604063066027,30.283659727082977,29.897778561359324,30.018367767333984,1990700
2023-03-09,29.817392777174078,29.954057704485734,29.447590314989277,29.519943237304688,2448600
2023-03-10,28.571316708204808,28.828570855414387,28.249747490837166,28.386415481567383,5830700
2023-03-13,27.494061923247585,28.15327601341135,27.48602100667593,27.815628051757812,7471500
2023-03-14,28.289936258070604,28.450720829139847,28.048760934822052,28.241703033447266,3802000
2023-03-15,26.47308377715716,27.228767414104116,26.457005010407926,27.16445541381836,8781700
2023-03-16,26.762493190398228,27.727197647094727,26.762493190398228,27.727197647094727,4600400
2023-03-17,26.60974558951969,26.842883080113346,26.400727779591094,26.593669891357422,3440100
2023-03-20,26.47308490476991,26.907202425356815,26.44896828697441,26.73033905029297,3593200
2023-03-21,27.32523863240249,27.57445183763168,27.22072818717452,27.277002334594727,2954300
2023-03-22,28.097000598550515,28.097000598550515,27.574451446533203,27.574451446533203,3846800
2023-03-23,27.381516313640454,27.51014339101721,26.714261241384435,26.915241241455078,3164000
2023-03-24,26.231905348489825,26.593669891357422,26.05504200159659,26.593669891357422,3583900
2023-03-27,26.85896209878722,27.051904212376733,26.77053042450498,27.04386329650879,2071800
2023-03-28,26.786606386399388,27.02778170311493,26.730332248056115,26.899154663085938,1620200
2023-03-29,27.49405879338159,27.614644927828984,27.38954835682523,27.5101375579834,2183500
2023-03-30,27.7834726186076,27.7834726186076,27.526218498068634,27.56641387939453,1263000
2023-03-31,27.43779182434082,27.5101447506105,27.32524350941278,27.43779182434082,1716500
2023-04-03,27.896021072292463,28.064843514851827,27.783472777252882,27.912099838256836,1168000
2023-04-04,28.088965631604935,28.1130853186308,27.65485113239063,27.855831146240234,1297900
2023-04-05,27.783474031375672,27.93621771486539,27.662884814555092,27.887981414794922,1184100
2023-04-06,28.0005353518028,28.37837567021441,27.99249443436406,28.281906127929688,1420300
2023-04-10,28.322093785626578,28.418563301583873,28.145230450779348,28.241703033447266,1226900
2023-04-11,28.09700239389762,28.217588544345396,28.072882710439117,28.129159927368164,1291800
2023-04-12,28.338177925459142,28.39445207600259,28.153276707000497,28.209550857543945,2040400
2023-04-13,28.539154495354133,28.7160178425883,28.43464405683296,28.675819396972656,1259600
2023-04-14,29.367192603935685,29.495819663682937,29.150133865603877,29.214448928833008,2247500
2023-04-17,28.764255591498078,29.013471886614827,28.61954975132852,29.005434036254883,2079200
2023-04-18,28.868764247312445,28.925038396458948,28.699941799872935,28.780332565307617,1957000
2023-04-19,28.691901146889403,28.88484327910074,28.65974668044681,28.836606979370117,1757900
2023-04-20,28.716015685502917,28.933074395336913,28.716015685502917,28.884838104248047,1118300
2023-04-21,28.52308160181501,28.72406160442085,28.378375754601894,28.691904067993164,1393300
2023-04-24,28.764255784712567,28.908961625854136,28.699943781267056,28.82052993774414,1704000
2023-04-25,28.354255976199997,28.402492275466688,28.048765547599874,28.080923080444336,2377800
2023-04-26,28.555238621339686,28.836609393209937,28.48288569904285,28.579355239868164,3571400
2023-04-27,28.90091814122876,29.150131322724288,28.860722763572458,29.126014709472656,2536400
2023-04-28,28.683860405833514,29.053662799694784,28.659743791754558,28.98130989074707,1763700
2023-05-01,29.134059948551016,29.206412865753897,28.78837412932739,28.804452896118164,1172400
2023-05-02,30.339939439501602,30.420330205636827,29.608372427510925,29.801311492919922,2854800
2023-05-03,30.074642751274553,30.203269810103865,29.761114487047543,29.793272018432617,2890500
2023-05-04,30.082684269435592,30.187194725826945,29.519942735123763,29.777196884155273,2912400
2023-05-05,30.275625979486943,30.822291805000845,30.21935182686445,30.70974349975586,2833500
2023-05-08,30.70170021057129,30.902680187755024,30.669545744922313,30.70170021057129,1855600
2023-05-09,30.35601171543312,30.60522796908046,30.323857252632497,30.532875061035156,1620600
2023-05-10,30.862484822591842,30.862484822591842,30.41229163614839,30.637388229370117,1620500
2023-05-11,30.21379227097348,30.56407374424357,30.116040241159805,30.507051467895508,1722000
2023-05-12,30.726993714934217,30.80030850903325,30.450027060280167,30.547779083251953,1141100
2023-05-15,31.150591882250968,31.43570326164968,31.08542179125642,31.31351089477539,1656800
2023-05-16,31.085419306401565,31.183171327598473,30.784015428347338,30.824745178222656,1400000
2023-05-17,30.841039576694552,31.06912867586271,30.718847212151083,30.930646896362305,1278400
2023-05-18,31.280925722158926,31.280925722158926,30.9387889947781,31.158733367919922,1735600
2023-05-19,31.2646330255638,31.362385043917797,31.02025142593849,31.215755462646484,1184800
2023-05-22,31.35424171827538,31.44384592634976,31.264634402720226,31.386823654174805,1070100
2023-05-23,31.215759593415466,31.39497424034706,31.07727780804545,31.08542251586914,1297800
2023-05-24,30.417444594049666,30.474466871238075,30.21379271623934,30.30340003967285,2413900
2023-05-25,30.68626105843778,30.72699391680101,30.40114969477998,30.61294937133789,1834600
2023-05-26,30.75957694626522,30.914354355592618,30.70255467150699,30.808454513549805,1267000
2023-05-30,30.637382362887703,30.678112108136762,30.303393479876807,30.48260498046875,1225800
2023-05-31,30.10789144228056,30.12418396463069,29.847217299640278,29.993846893310547,1714700
2023-06-01,30.132326685342527,30.55591976490921,30.132326685342527,30.48260498046875,1628700
2023-06-02,30.800309806076164,30.85733208083439,30.71884719393519,30.808454513549805,1331700
2023-06-05,30.889914149305095,30.922499194299775,30.604802774303963,30.735139846801758,1090700
2023-06-06,30.75143554195313,31.118009567260742,30.710705785248116,31.118009567260742,1198300
2023-06-07,31.435703824108217,31.435703824108217,31.199466901247607,31.264636993408203,1584500
2023-06-08,31.3216552734375,31.37052972884018,31.126148129384877,31.3216552734375,1066800
2023-06-09,31.142440650345982,31.337947794398602,31.10985560842377,31.3216552734375,828100
2023-06-12,31.10986184213875,31.150594706443776,30.881772717940635,31.02840232849121,1236400
2023-06-13,31.24834396040655,31.509018109832763,31.23205143763229,31.329803466796875,1587100
2023-06-14,31.68008505269089,31.88373692688662,31.40311837948546,31.484580993652344,1912500
2023-06-15,31.639356064671954,31.834863235920615,31.590478494989526,31.810422897338867,1696000
2023-06-16,31.916324615478516,32.038516993106846,31.818572577864597,31.916324615478516,1701400
2023-06-20,32.08738703487603,32.111824264040486,31.883735171890038,32.07109451293945,1260800
2023-06-21,31.924472280807855,32.16885705870047,31.908179755116244,32.11183166503906,1151000
2023-06-22,31.631210360259118,31.688232636018274,31.48458076331245,31.525310516357422,1427000
2023-06-23,31.175027747317277,31.35424238222257,31.085420429864627,31.14244270324707,1296600
2023-06-26,31.280927479620566,31.476431528410227,31.280927479620566,31.337949752807617,945800
2023-06-27,31.60676712699238,31.826711502263567,31.50086729279203,31.777833938598633,1164600
2023-06-28,31.663792084228405,31.728962174644725,31.57418476364644,31.688232421875,1174400
2023-06-29,31.680087770926605,31.989639516359155,31.671943062551573,31.948909759521484,1141000
2023-06-30,32.38064577858291,32.4539605725695,32.250308712326834,32.27474594116211,1801300
2023-07-03,32.445815635342115,32.625027157997735,32.388790255996284,32.5435676574707,1284300
2023-07-05,32.299190328195856,32.35621260761664,32.1932904774939,32.2340202331543,1510300
2023-07-06,31.916324893420843,31.940762126166824,31.590480621895182,31.769695281982422,1328100
2023-07-07,31.769694867935414,32.14441360006941,31.761550159619997,31.989639282226562,1403400
2023-07-10,31.76154663000654,31.965198497554084,31.72896158540352,31.843006134033203,1309100
2023-07-11,31.777837850883913,31.84300794379382,31.65564858789943,31.810422897338867,1272700
2023-07-12,32.47840101249503,32.75536769410755,32.41323402666442,32.657615661621094,1920100
2023-07-13,32.98346272205592,33.06492223815146,32.86941504904827,33.0323371887207,1500300
2023-07-14,33.04048178566406,33.097504062871494,32.80424486152982,32.877559661865234,1255200
2023-07-17,33.04861803394487,33.19524759708255,33.01603299602977,33.178955078125,1399600
2023-07-18,33.02418791444248,33.41519913110941,32.99974757700767,33.3663215637207,1689400
2023-07-19,33.21969260845524,33.32559245276204,33.13823310205369,33.227840423583984,1564900
2023-07-20,33.61885067754827,33.77362497823687,33.537388066016725,33.72475051879883,1506400
2023-07-21,33.87138351578171,33.87138351578171,33.69216885988407,33.700313568115234,1102400
2023-07-24,33.48036915609937,33.789920896064054,33.48036915609937,33.700313568115234,1082900
2023-07-25,33.846939415578206,33.94469144089749,33.765479912392266,33.83879470825195,1331400
2023-07-26,33.85509395801229,34.25424995341618,33.85509395801229,34.14020538330078,1500900
2023-07-27,33.78176921665236,33.871376526109884,33.561824850024045,33.57811737060547,1661600
2023-07-28,34.04244216578416,34.083171912103325,33.903957299322464,33.99356460571289,1221700
2023-07-31,34.172778993969786,34.2542384860729,33.94468682261628,34.03429412841797,1429000
2023-08-01,34.35199747308161,34.59638221397284,34.09132331644663,34.38458251953125,2126700
2023-08-02,33.47222208413984,33.521099652518814,33.016040768379014,33.12194061279297,2322700
2023-08-03,33.09750313597264,33.40705174429232,33.024188337690404,33.39076232910156,1686200
2023-08-04,33.260425469137,33.48036675791737,33.146377809701455,33.227840423583984,1677900
2023-08-07,33.72475011105536,33.84693936565403,33.51295043111496,33.82250213623047,1948400
2023-08-08,33.0975029399246,33.35817708616604,32.89385106895592,33.325592041015625,1523400
2023-08-09,33.16267033247796,33.42334448194009,33.130085286924945,33.227840423583984,1796400
2023-08-10,33.38454487665775,33.63195935555766,33.21960084204255,33.30207443237305,1511900
2023-08-11,32.98867593200918,33.20310094130731,32.9556865010263,33.07939529418945,1636300
2023-08-14,32.634042137486894,32.831975545335204,32.43611187568337,32.80723190307617,1320900
2023-08-15,32.15570861552136,32.15570861552136,31.817574861783335,31.850561141967773,2943300
2023-08-16,31.380474648511285,31.504183431020177,31.289755294144104,31.33099365234375,2390100
2023-08-17,31.611401242499724,31.693871676574123,31.27326428307665,31.281513214111328,2378900
2023-08-18,30.819674915926623,31.12482248599863,30.778439693119708,31.0588436126709,1987400
2023-08-21,31.07532672105443,31.157797135856764,30.918631674512135,31.133056640625,1678900
2023-08-22,31.042340177663405,31.091824318764083,30.794925764249943,30.82791519165039,2130000
2023-08-23,30.827918412230808,31.067083920757206,30.794928981383965,31.017602920532227,1333000
2023-08-24,31.058834203224052,31.240272903861616,30.968114852905273,30.968114852905273,1136200
2023-08-25,31.149553477737417,31.174293974656916,30.77018451009564,30.93512535095215,1403400
2023-08-28,31.100076098639743,31.355739491217317,31.083581381759362,31.306255340576172,1140500
2023-08-29,31.256771872010347,31.512432098388672,31.24852294119764,31.512432098388672,1503800
2023-08-30,31.57840551351697,31.7351005654305,31.339236897929396,31.347482681274414,1667800
2023-08-31,31.133061346199728,31.149556060862203,30.737197632435716,30.778432846069336,2543100
2023-09-01,31.042339489889287,31.166048266877603,30.918633858945853,30.968114852905273,1519300
2023-09-05,31.042338623413606,31.141303754614945,30.695959091186523,30.695959091186523,1501700
2023-09-06,30.498027801513672,30.654722865638856,30.41555737745726,30.498027801513672,1655200
2023-09-07,30.588745368721725,30.679464717511298,30.399060887636633,30.407306671142578,1789700
2023-09-08,30.29185269905823,30.51452664943088,30.22587698008417,30.48978614807129,1665200
2023-09-11,30.836157002698517,30.98460626083011,30.794921796782972,30.902135848999023,1911500
2023-09-12,30.992861937078043,31.429960877823543,30.984613006472337,31.256771087646484,3020400
2023-09-13,31.93303522716131,32.0897302852329,31.759842309661774,31.78458595275879,2449900
2023-09-14,32.39487631106727,32.6010555200655,32.37838159682201,32.46910095214844,2556000
2023-09-15,32.485599979225434,32.68353343040147,32.386634826660156,32.386634826660156,2105400
2023-09-18,32.29591028997291,32.304156073847906,32.032001161343416,32.180450439453125,1618700
2023-09-19,32.45260638445592,32.55157467037444,32.39487645735932,32.53507995605469,1332900
2023-09-20,32.584561674411376,32.77424932026581,32.2381821041627,32.254676818847656,1629500
2023-09-21,32.59281178912574,32.69177693478651,32.37013785185507,32.37838363647461,1513400
2023-09-22,33.02990283406147,33.02990283406147,32.54331986069585,32.60929870605469,2023500
2023-09-25,32.337151834588646,32.543331078337935,32.20519724443092,32.51034164428711,1677500
2023-09-26,32.2959124491698,32.460856452102085,32.089733232015746,32.139217376708984,1123500
2023-09-27,32.31240841182376,32.320654196568455,32.05674504010392,32.29591369628906,1314200
2023-09-28,32.41137248490482,32.798990422011634,32.39487776991674,32.72476577758789,1577700
2023-09-29,32.930941411765346,32.95568190853218,32.50208830688603,32.5433235168457,1376100
2023-10-02,32.51033527721751,32.53507892093244,32.08148530272831,32.180450439453125,2230400
2023-10-03,32.667032699916845,32.70002212671369,32.271169016489345,32.42786407470703,3028800
2023-10-04,32.4690976909396,32.48559240352812,32.09797452280953,32.41961669921875,1748900
2023-10-05,32.31240310252259,32.84022132872502,32.30415417308798,32.80723190307617,2021700
2023-10-06,33.01341354220826,33.467010313401474,32.873213191872196,33.38453674316406,2522100
2023-10-09,32.62579631613685,32.88970542893101,32.559817464915916,32.79073715209961,1699400
2023-10-10,33.44226833547475,33.50824719495189,33.28557326328431,33.42577362060547,2378800
2023-10-11,33.66493832636775,33.76390345795355,33.49999434302821,33.673187255859375,1417300
2023-10-12,33.37628746608274,33.40927374468042,33.104129431850204,33.236083984375,1243900
2023-10-13,32.98867663497445,33.170115363201326,32.70827275773535,32.78249740600586,2192900
2023-10-16,33.0216653275512,33.112384689634105,32.82373188791164,33.06290054321289,1244000
2023-10-17,32.82373188791164,33.269079767566666,32.82373188791164,33.06290054321289,1343400
2023-10-18,33.02990785843992,33.071143070039476,32.667033591900875,32.716514587402344,1744000
2023-10-19,32.30415781685738,32.50209124703173,32.17220324542287,32.254676818847656,2447200
2023-10-20,31.289757329974147,31.39697140538794,31.025848179759606,31.08357810974121,3502100
2023-10-23,31.04234289490367,31.298006260568794,30.968118249778005,31.08357810974121,1394800
2023-10-24,30.95987088020083,31.15780115970584,30.91038673730204,31.07533073425293,1320500
2023-10-25,31.075327395963583,31.166046741843235,30.935123912501012,30.992856979370117,1551900
2023-10-26,30.877399830593845,30.99286284012138,30.621739603181904,30.745445251464844,2209300
2023-10-27,30.63822987756401,30.687710871286377,30.17638734453774,30.275352478027344,3440700
2023-10-30,30.12690300216082,30.19288185474008,29.112501739091044,29.706298828125,6728000
2023-10-31,30.01144655991453,30.093920134992274,29.747537411756152,29.961965560913086,3072100
2023-11-01,29.854751026906495,30.019695028478495,29.706301740096208,29.904232025146484,2626100
2023-11-02,30.324838096781615,30.55575780153461,30.275353954600963,30.531017303466797,2263700
2023-11-03,30.82791654001151,30.968116893528116,30.74544296790313,30.877397537231445,2245200
2023-11-06,31.471197729318767,31.47944351430805,31.18254806401297,31.281513214111328,2740100
2023-11-07,30.984612964922068,31.116567540029337,30.86090417436421,31.08357810974121,1836800
2023-11-08,31.05883810044879,31.190792677639546,30.860904661640014,31.001108169555664,1709300
2023-11-09,31.12648599596062,31.235142212546336,30.833941934455968,30.90081024169922,2376700
2023-11-10,30.74199768024512,30.98439049613148,30.616624394703205,30.950956344604492,1582500
2023-11-13,31.285286171339866,31.335437390115658,31.126478761233322,31.276926040649414,2148800
2023-11-14,31.485887413314153,31.728280209169913,31.46917352738803,31.661415100097656,2454600
2023-11-15,32.17127334808886,32.22142138065747,32.045896889755774,32.15455627441406,2422200
2023-11-16,31.686495161551406,31.89545384850135,31.669778083980628,31.795154571533203,1787700
2023-11-17,32.146195667346596,32.27157212382318,32.06261348866603,32.246498107910156,1994400
2023-11-20,32.1879965851562,32.42203249614399,32.16292256158693,32.38024139404297,1591000
2023-11-21,32.271574255263914,32.338439364933464,32.18798888260705,32.23814010620117,1674900
2023-11-22,31.795154571533203,31.845302615789013,31.627986984281943,31.795154571533203,2731700
2023-11-24,32.02918038210442,32.32172120544373,32.02082343934723,32.279930114746094,954800
2023-11-27,32.229788643225405,32.28829681980544,32.0876950797764,32.27157974243164,2095000
2023-11-28,32.288294076223046,32.43038443914194,32.17127773300602,32.254859924316406,2009100
2023-11-29,31.678136539355993,31.912169236039734,31.669776406785083,31.786792755126953,2210700
2023-11-30,32.037542082090106,32.14619828553333,31.945599764979686,32.121124267578125,1563400
2023-12-01,31.95395679844437,32.34680008595139,31.94559985525435,32.3133659362793,1688100
2023-12-04,31.98739132752771,32.17127596444929,31.979031195782525,32.054256439208984,1291400
2023-12-05,31.953958748880844,32.08769216727614,31.92052459716797,31.92052459716797,1331500
2023-12-06,32.5390460212429,32.689496526458385,32.17127989096975,32.196353912353516,2122100
2023-12-07,32.25486379387312,32.447105407714844,32.16292145932781,32.447105407714844,1589900
2023-12-08,32.55575950270347,32.78979217898811,32.55575950270347,32.773075103759766,1911000
2023-12-11,32.49725398208568,32.681135447671224,32.472176772971395,32.59755325317383,1671400
2023-12-12,32.73964367644554,32.82322905953952,32.6393444051891,32.81486892700195,1783000
2023-12-13,32.78979392519596,33.04054369006253,32.488892931973574,32.99875259399414,2052100
2023-12-14,32.83158345714788,33.29965200080099,32.73128419367082,33.132484436035156,2557400
2023-12-15,32.60590901757576,32.80651074095072,32.46381865437968,32.47217559814453,2722500
2023-12-18,32.739642529461356,32.764719737739185,32.58919522207557,32.63934326171875,1096000
2023-12-19,32.94024552443318,33.04054479604593,32.8733804061768,32.931888580322266,1852100
2023-12-20,32.97367624048217,33.09069257657485,32.67277526855469,32.67277526855469,1426700
2023-12-21,33.06562265151879,33.2077130233758,33.04890557451389,33.19935607910156,1216000
2023-12-22,33.32472629954408,33.67577850734741,33.32472629954408,33.659061431884766,1978100
2023-12-26,33.684138245890274,33.976682308077095,33.684138245890274,33.893096923828125,1218500
2023-12-27,33.97667204115479,34.076971283489186,33.934877767431324,34.04353713989258,1273600
2023-12-28,33.89308930471654,34.01846575867738,33.84294127389674,33.86801528930664,1200400
2023-12-29,33.92652619930912,33.968317291196364,33.79279279219637,33.884735107421875,1039400
2024-01-02,33.5253306473937,33.66742101729193,33.35816306810561,33.533687591552734,1870400
2024-01-03,33.4250269985856,33.50860918305734,33.28293345883649,33.43338394165039,1730400
2024-01-04,33.533682826159854,33.876374880195904,33.516965751761035,33.6924934387207,1805300
2024-01-05,33.78443276746974,34.19399312155277,33.78443276746974,34.051902770996094,1627700
2024-01-08,34.28593571820218,34.62862777709961,34.202350345022346,34.62862777709961,2133200
2024-01-09,34.168916838201454,34.21070792744944,33.90145004086747,33.91816711425781,2700800
2024-01-10,33.86802347955577,34.01847398530971,33.84294945808226,33.96832275390625,1708700
2024-01-11,33.60055786221732,33.62563188461609,32.83994836104119,32.948604583740234,4935700
2024-01-12,33.099050213439234,33.216069740440204,32.773075216505326,32.91516876220703,2626700
2024-01-16,31.836937436332185,31.887088656072475,31.644695876677964,31.719921112060547,4905300
2024-01-17,31.21006191182574,31.469171767573638,31.134836675541234,31.410663604736328,3026600
2024-01-18,31.66141997225485,31.728285091616517,31.485892258460602,31.669776916503906,2044500
2024-01-19,31.460814808803,31.77007272761909,31.393949696727983,31.753358840942383,2328400
2024-01-22,32.00411009864775,32.19635168904649,31.96231900307519,32.03754425048828,2245200
2024-01-23,32.09605024962292,32.204706453066144,32.020825007301305,32.121124267578125,1727600
2024-01-24,32.681132610155,32.68949274195268,32.38859176635742,32.38859176635742,1727100
2024-01-25,32.62262727383178,32.639344350422526,32.3969515225412,32.59755325317383,1541100
2024-01-26,33.149195564980836,33.20770372388514,32.99874510252533,33.140838623046875,1741100
2024-01-29,33.07397793289232,33.17427720142243,32.86501926352178,33.16592025756836,1026100
2024-01-30,33.09069616431094,33.333088994472625,33.09069616431094,33.31637191772461,1286900
2024-01-31,33.40831630342006,33.46682448141379,32.85666549058166,32.873382568359375,2625900
2024-02-01,33.115767862408674,33.115767862408674,32.647702500120594,33.01546859741211,2066000
2024-02-02,32.91516814907251,32.99875033548874,32.7062094945759,32.89009094238281,1942400
2024-02-05,32.88174057006836,32.94860569487217,32.64770785057001,32.88174057006836,1796300
2024-02-06,33.333083626860926,33.60055043484639,33.28293240469271,33.425025939941406,2130300
2024-02-07,33.47517612028979,33.50025332720993,33.22442637028077,33.39159393310547,1970800
2024-02-08,32.94859745806813,33.04053977158834,32.731281871211515,32.8065071105957,1882400
2024-02-09,32.52232418429153,32.622623443603516,32.34679968338155,32.622623443603516,1315100
2024-02-12,32.25485788442955,32.56411579886709,32.25485788442955,32.45545959472656,1449800
2024-02-13,32.56411461489898,32.58083168918727,32.129480248771266,32.30500793457031,2257100
2024-02-14,32.78143476389964,32.91516817534597,32.6477013524533,32.839942932128906,1821600
2024-02-15,32.99039416280619,33.33308623664684,32.94024293671142,33.32472610473633,1454000
2024-02-16,33.6339863291897,33.81786777644167,33.51696680472169,33.70085144042969,1823900
2024-02-20,34.04354533800448,34.21071290778813,34.026828262180494,34.14384460449219,1727400
2024-02-21,31.33543981841716,31.460813092388825,31.01782178513501,31.109764099121094,8242200
2024-02-22,31.268569811614768,31.56947075422144,31.21006164926966,31.519319534301758,4341500
2024-02-23,31.90380920423864,32.02082874140648,31.80350993226543,31.92888641357422,2315500
2024-02-26,31.862015633445708,31.928883935208347,31.627982954188713,31.828584671020508,2002800
2024-02-27,32.12112260542319,32.17963076992841,32.03754042426025,32.06261444091797,2930000
2024-02-28,32.438746763643366,32.51397201628912,32.045903423331495,32.17127990722656,4268500
2024-02-29,32.81486621111764,32.85666049343375,32.43038304607564,32.74800109863281,4169100
2024-03-01,32.647701735794925,32.73128392325928,32.422026003493905,32.580833435058594,2206000
2024-03-04,32.33844052761655,32.52232516561702,32.33008358427838,32.413665771484375,2124700
2024-03-05,32.37187585755382,32.69785086337464,32.37187585755382,32.53904342651367,2212500
2024-03-06,32.722925996906085,32.88173342370023,32.58919258790681,32.789791107177734,3372800
2024-03-07,32.92032646301558,33.094367290640776,32.815897982901255,32.963836669921875,2194500
2024-03-08,32.694069444969145,32.8246033907709,32.51132457653959,32.58094024658203,1886400
2024-03-11,32.224156363791465,32.372095080606,32.137135932453496,32.311180114746094,2471600
2024-03-12,33.050856057923646,33.14658050191608,32.92902615452088,33.076961517333984,2409500
2024-03-13,33.17268856249807,33.233603518975976,32.8855185276188,33.05956268310547,2041000
2024-03-14,32.82460323599398,32.90292293918252,32.52872917057245,32.65925979614258,1389600
2024-03-15,33.14658572107568,33.32062989031947,33.10307550866884,33.25101089477539,2243400
2024-03-18,33.67741327637334,33.67741327637334,33.38153923433204,33.43375015258789,1936100
2024-03-19,33.39024299314977,33.564287148981485,33.36413753164067,33.50337219238281,1294000
2024-03-20,33.39894405329577,33.990692138671875,33.37283527449492,33.990692138671875,2356900
2024-03-21,34.295268860351605,34.5824422063107,34.269163399670255,34.37358856201172,2476800
2024-03-22,34.54763060470174,34.58244009656398,34.35618171907526,34.3909912109375,1318600
2024-03-25,34.31267151405538,34.53892657192824,34.31267151405538,34.3909912109375,1659900
2024-03-26,34.556334838800005,34.64335857732245,34.51282462934688,34.54763412475586,1994400
2024-03-27,33.98198997397457,34.07771442240299,33.88626552554615,33.929779052734375,2310500
2024-03-28,34.425798891279165,34.45190434899422,34.11252012023574,34.25175476074219,1779100
2024-04-01,34.26045905932252,34.33007804667027,34.008098529226984,34.208248138427734,1314900
2024-04-02,34.05160934441205,34.23435421003828,33.97328964205565,34.216949462890625,1379200
2024-04-03,34.451903449936154,34.96533179583316,34.41709396081401,34.92182159423828,1875600
2024-04-04,35.58318828527395,35.6441032365584,34.91312050152905,34.95663070678711,3000100
2024-04-05,35.16548455765157,35.43525314331055,35.0349506214517,35.43525314331055,1404000
2024-04-08,35.557091422978836,35.73983632101597,35.470067671806376,35.6876220703125,1553100
2024-04-09,35.88777237712337,35.966092087562835,35.62670446258087,35.818153381347656,1930700
2024-04-10,36.166238514113466,36.43600379978305,36.070514063218006,36.383792877197266,3240300
2024-04-11,35.6266986465841,35.731127123199904,35.269909650519814,35.63540267944336,2059400
2024-04-12,35.73113504830703,35.86166569360444,35.28732222329261,35.35694122314453,3373500
2024-04-15,35.91387471380994,36.02700391228742,35.226402128655,35.30472183227539,2462800
2024-04-16,34.66075543240537,34.69556160027241,34.33877265261551,34.50411605834961,2894200
2024-04-17,34.92182804641816,35.02625321346266,34.61724993974877,34.79129409790039,1721300
2024-04-18,35.03494973126598,35.21769790122562,34.93922860938289,35.14807891845703,1544900
2024-04-19,34.860908394455386,35.296017071432345,34.80869415815648,35.261207580566406,1663900
2024-04-22,35.913877647772026,36.31417691248237,35.852962686603775,36.21845245361328,2107300
2024-04-23,36.174941763598326,36.48822059953609,36.14883630047564,36.45341110229492,1583700
2024-04-24,36.23585532948193,36.340280497570426,36.08791995132459,36.27936553955078,1555200
2024-04-25,35.97478961232255,36.45340854718369,35.95738486492191,36.383792877197266,1766200
2024-04-26,36.41859889863185,36.52302738259482,36.22715331726531,36.46211242675781,1402800
2024-04-29,36.74058189469873,36.853707773362764,36.64485744381674,36.705772399902344,1616400
2024-04-30,38.33307600308544,38.48971540145975,37.91537204729261,37.924076080322266,3405900
2024-05-01,38.12423146870811,38.2547621074118,37.86316355206781,37.9849967956543,2274400
2024-05-02,38.85521260217572,38.89872281313973,38.47231477861334,38.73337936401367,2160700
2024-05-03,38.872605523410634,38.99443873490889,38.68115997314453,38.68115997314453,1466100
2024-05-06,38.933531836117325,39.00314750888957,38.715977464327615,38.96833801269531,1276700
2024-05-07,39.29032227975347,39.4121522011789,39.098873363447,39.14238357543945,1782400
2024-05-08,39.429553831916586,39.56008445757194,39.299019886645105,39.50787353515625,1621300
2024-05-09,39.228569467883965,39.318665862148,39.10243314113147,39.18352127075195,1445400
2024-05-10,39.45381507167961,39.57093970033793,39.27361884079965,39.28262710571289,1825800
2024-05-13,39.634005834659014,39.70608225489301,39.480837856607046,39.61598587036133,1269200
2024-05-14,40.03944905732785,40.38182155684871,39.94935265917054,40.291725158691406,1674400
2024-05-15,40.120540547984746,40.363804967716064,40.11153228219806,40.33677673339844,1105000
2024-05-16,40.89537909016418,40.89537909016418,39.489856014678715,40.03044128417969,4597700
2024-05-17,39.97638292483006,40.237667304518006,39.9313347234598,40.12955093383789,1125800
2024-05-20,40.075485699917195,40.12053389529597,39.80519309068752,39.81420135498047,977300
2024-05-21,39.958364273946515,40.19262042792505,39.91331607109144,40.165592193603516,1208400
2024-05-22,40.10251075801807,40.18359887806936,39.733110085997026,39.832218170166016,1181200
2024-05-23,39.9133108034611,39.97637896652619,39.45381369585011,39.46282196044922,1392400
2024-05-24,39.96737355672746,40.228657929207145,39.92232535659998,39.98539352416992,1198800
2024-05-28,39.67004996753301,40.00341421581764,39.59797353341567,39.78717803955078,1506300
2024-05-29,39.52588850527679,39.5799484015295,39.34569228805807,39.40876388549805,1185400
2024-05-30,39.86826142271933,40.093505837536945,39.80519326152695,39.92232131958008,1540600
2024-05-31,40.075488768434745,40.29172493454955,39.90430423810525,40.22865676879883,1151600
2024-06-03,40.12053829223432,40.444890833639576,39.9583620215317,40.435882568359375,1386800
2024-06-04,39.98539462727859,40.15657916726855,39.86826655414994,40.12955093383789,1277800
2024-06-05,39.958356687119526,40.0034083183783,39.634007625972025,39.77816390991211,1299000
2024-06-06,40.05747106207951,40.20162736863882,39.940346425908324,40.12955093383789,866700
2024-06-07,40.29172565378666,40.327762151318026,40.02142958207885,40.03044128417969,1217300
2024-06-10,39.931331647512934,40.14756780917375,39.71509892280931,40.102516174316406,921300
2024-06-11,39.07540174358621,39.201538071211246,38.8501573194109,39.03035354614258,1609200
2024-06-12,40.00341086380558,40.057467325624664,39.399754023487745,39.5258903503418,1614700
2024-06-13,39.192528242973886,39.192528242973886,38.78708760824137,38.931243896484375,941400
2024-06-14,38.850161998125195,38.95828180935934,38.58888104670327,38.94026184082031,1143400
2024-06-17,39.093422114259155,39.381734705228716,38.976294050128644,39.37272644042969,876500
2024-06-18,39.39975533526322,39.624999765561064,39.26461073925887,39.3907470703125,1299300
2024-06-20,39.80519844848296,39.994402956715035,39.724110311103864,39.91331481933594,1455900
2024-06-21,39.14748338620471,39.318667919044486,39.01233535078147,39.19253158569336,1312900
2024-06-24,39.724101354286205,39.89528585595194,39.579945080000144,39.70608139038086,2381300
2024-06-25,39.516881135533104,39.57994929744369,39.32767664980133,39.48985290527344,770400
2024-06-26,39.237576651648176,39.43579283791734,39.1835201913617,39.38173294067383,735500
2024-06-27,39.606978024714245,39.68806615346784,39.32767714330739,39.39975357055664,1291500
2024-06-28,39.33668788623141,39.43579598728081,39.07540351745703,39.19253158569336,1151800
2024-07-01,39.56192866604514,39.80519304516072,39.408764114541064,39.471832275390625,882500
2024-07-02,39.498859376885825,39.74212374905241,39.36371135780765,39.71509552001953,849900
2024-07-03,39.65202977659717,39.82321775095754,39.417777070837445,39.55292510986328,1155700
2024-07-05,39.1114387512207,39.17450691031642,38.82312618479546,39.1114387512207,903800
2024-07-08,39.309648790884495,39.37271694013146,38.9582681202353,39.03935623168945,617300
2024-07-09,38.45372928358172,38.89520644075601,38.44471758170464,38.724021911621094,1483000
2024-07-10,38.71500914292096,39.00332170421739,38.6879774773916,38.92223358154297,752400
2024-07-11,39.12045508986961,39.19253496483194,39.030358683124305,39.06639862060547,980200
2024-07-12,39.32767670796327,39.534901159826966,39.25559684455482,39.444801330566406,1089700
2024-07-15,39.04837328596094,39.201537843772094,38.89520529119265,38.96728515625,1830700
2024-07-16,38.74203785988554,39.23757486605084,38.6429297712611,39.21955490112305,1012000
2024-07-17,39.237579785182,39.35470785341833,39.1384716841326,39.19253158569336,1140600
2024-07-18,39.228572013265,39.27362021332001,38.68798330173282,38.76006317138672,1078900
2024-07-19,38.54382589413175,38.83213849056523,38.48075772847176,38.61590576171875,1526900
2024-07-22,39.18352442326044,39.2285726240168,38.92224004713313,39.165504455566406,830600
2024-07-23,38.79609997116565,39.00332442423912,38.76906830375115,38.94926452636719,690000
2024-07-24,38.850156682445224,38.95827647888586,38.61590399740472,38.62491226196289,1124600
2024-07-25,38.55284074409155,38.841153364067196,38.408684434103726,38.5978889465332,1400800
2024-07-26,38.52580348760141,39.07540041379882,38.49877525744646,38.99431228637695,2185500
2024-07-29,39.102432746571786,39.1384692417395,38.895204855332686,39.012332916259766,1426300
2024-07-30,39.1564867423542,39.34569121866073,39.12044681249861,39.21955490112305,1624100
2024-07-31,40.35478571228153,41.02150718157297,40.26468589416334,40.67913818359375,3417300
2024-08-01,38.678972855494216,38.75104928412655,37.92215145159032,38.25551223754883,4592000
2024-08-02,37.336513062222366,37.47166108625539,36.85899600136451,37.21037673950195,3442400
2024-08-05,35.705745072783536,36.59771101761403,35.516537155039124,36.41751480102539,2930500
2024-08-06,36.06613887824686,36.70583570428484,35.98505074181711,36.606727600097656,2238800
2024-08-07,37.29146256928782,37.40859062043728,36.696817486696695,36.750877380371094,1471700
2024-08-08,36.93107739104818,37.219389979746445,36.85899752539503,37.138301849365234,1213200
2024-08-09,37.10226478418378,37.46265726639004,37.04820488076562,37.444637298583984,1171200
2024-08-12,37.4806704756766,37.597798537557274,37.336514182960805,37.35453414916992,1189900
2024-08-13,37.6248244939471,37.86808886762897,37.55274807042484,37.841060638427734,1102300
2024-08-14,37.93115881410347,38.066306840390645,37.895122319123026,38.003238677978516,1277600
2024-08-15,38.678975031690605,38.7780831339737,38.49877879453564,38.5888786315918,1436500
2024-08-16,38.798548077018076,38.99910211034323,38.77119711254542,38.98086929321289,1198200
2024-08-19,39.309052777025,39.66458401474407,39.29993810729945,39.64635467529297,1426100
2024-08-20,38.95351545565556,39.117607305522235,38.87146953072223,38.944400787353516,1303800
2024-08-21,39.309050652238895,39.3819819163182,39.16319160163437,39.37286376953125,1181500
2024-08-22,39.38198220340404,39.445795321161576,39.1723100339787,39.22700500488281,1161200
2024-08-23,39.454911544164204,39.837793743341116,39.41844938797697,39.792213439941406,1406100
2024-08-26,39.83779525756836,40.038349295660964,39.74663116974956,39.83779525756836,834600
2024-08-27,40.120395361636085,40.33918569553239,40.07481505636105,40.26625442504883,1969100
2024-08-28,39.81955891730438,40.111277017408476,39.773978616204495,40.065696716308594,947800
2024-08-29,40.12951335545187,40.32095272340607,39.93807398749767,40.2115592956543,1108600
2024-08-30,40.202436849234324,40.56708620615393,40.17508936460925,40.53062057495117,1325700
2024-09-03,39.93807332474987,39.98365362909387,39.48226332620125,39.58253860473633,2568100
2024-09-04,39.81043940438673,40.01099689540859,39.664580359340086,39.701045989990234,1022000
2024-09-05,40.42122511361513,40.466805411535255,39.88336925202848,40.056575775146484,1569900
2024-09-06,39.79221604930116,39.98365542266607,39.04468789635342,39.08115005493164,1434700
2024-09-09,39.80133248792204,40.04747032642182,39.728404689970965,39.874263763427734,1173100
2024-09-10,39.518724555007736,39.582537675101484,38.79854741715626,39.2452392578125,1924000
2024-09-11,39.22700636273006,39.28170481308167,38.63445546624828,39.217891693115234,2234200
2024-09-12,39.38198433800516,39.55519088451325,39.08114807151004,39.50049591064453,1144800
2024-09-13,39.68282136197352,39.93807735163468,39.646359201354485,39.78310012817383,848800
2024-09-16,39.555190375825426,39.84690849122134,39.54607570614929,39.81956100463867,840800
2024-09-17,40.211557874243354,40.23890536082602,39.77398070114948,39.81956100463867,1097600
2024-09-18,40.04746865796056,40.37565242895411,39.856029284065805,40.02923583984375,1172000
2024-09-19,40.74941117929907,40.867922742788075,40.43946026694214,40.75852584838867,1340600
2024-09-20,40.43034630608246,40.4394644536701,40.1659791444655,40.26625442504883,1329400
2024-09-23,40.986436935545264,41.13229600558955,40.88615817284834,41.08671569824219,1375300
2024-09-24,41.433129518222096,41.46047700528769,41.10494576321767,41.22345733642578,1213100
2024-09-25,41.15051978813193,41.186985417024445,40.703828005636815,40.7220573425293,1186900
2024-09-26,41.7339588346062,41.99832944608139,41.56075230168487,41.85247039794922,1572400
2024-09-27,41.79777260095379,41.907169496920034,41.58810043334961,41.58810043334961,1072300
2024-09-30,41.30549903447356,41.31461370337489,40.95908249780612,41.196102142333984,998100
2024-10-01,40.94084986681366,40.95908268225236,40.275367752293846,40.649131774902344,1681400
2024-10-02,41.27815363383037,41.351084905082374,41.01378646942792,41.0684814453125,1476000
2024-10-03,41.05936259641882,41.259916616841856,40.82233946652697,41.186988830566406,1315900
2024-10-04,41.569869255307474,41.81600706459882,41.47870864929774,41.80689239501953,1557600
2024-10-07,41.70660969623081,41.76130814119444,41.4422390952374,41.6336784362793,998500
2024-10-08,40.36653291146951,40.40299854646584,39.96542135917304,40.03834915161133,1661400
2024-10-09,40.08393320394868,40.30272006029061,40.011001933465124,40.26625442504883,1123600
2024-10-10,40.41211515285453,40.41211515285453,40.13862637836611,40.36653137207031,742600
2024-10-11,40.19332396966733,40.466809260755944,40.165976483824714,40.43034362792969,771400
2024-10-14,40.15686111149296,40.567090815247916,40.05658235306904,40.4394645690918,1332200
2024-10-15,40.21155510683836,40.238902591538945,39.938069827170544,39.956302642822266,1481300
2024-10-16,40.22979313498785,40.35741938353219,40.13862904491728,40.20244216918945,637900
2024-10-17,40.32095163898903,40.567089452976525,40.220672883932544,40.448577880859375,872700
2024-10-18,40.6947155216186,40.80410894596262,40.43946303896446,40.76764678955078,725400
2024-10-21,40.475921395317954,40.56708198628816,40.21155081292927,40.27536392211914,798100
2024-10-22,40.34829940008262,40.71294878866608,40.266253461529054,40.676483154296875,1053600
2024-10-23,40.330062363233445,40.37564265871855,40.08392459454953,40.27536392211914,866800
2024-10-24,40.712948138403426,40.731180955296814,40.33006941630496,40.56708908081055,714900
2024-10-25,40.904389248311155,40.94085488365702,40.4121170813596,40.4394645690918,940300
2024-10-28,40.82234047800862,41.31461608839307,40.73117987351704,41.17787170410156,1264800
2024-10-29,42.62735045136247,43.09227860731641,42.29917016649157,42.33563232421875,2668600
2024-10-30,42.198894012939185,42.590890922525716,42.10772991910825,42.144195556640625,1496300
2024-10-31,42.353860873559306,42.36297902023799,41.879818095334834,42.05302810668945,1008600
2024-11-01,42.41767551848615,42.490606784327326,42.03479680548246,42.098609924316406,997800
2024-11-04,42.87349086633976,42.946422141314045,42.50884492413207,42.51795959472656,933700
2024-11-05,42.81879222420968,43.17432346540463,42.74586095547518,43.09227752685547,957400
2024-11-06,42.71851462480758,42.97376711717908,42.44502931475893,42.882606506347656,1312300
2024-11-07,43.247248006647105,43.356644901527915,43.0193430253098,43.174320220947266,1217500
2024-11-08,41.88443295137412,41.930499597534656,41.21185007638294,41.42375946044922,1897700
2024-11-11,41.534329861775014,41.9028666010244,41.534329861775014,41.75545120239258,1145800
2024-11-12,41.230280250306386,41.34084091156552,40.90781019052555,41.110504150390625,1432700
2024-11-13,41.34083716168114,41.5896012629447,41.03679449213216,41.46061325073242,1279600
2024-11-14,41.58960075084747,41.69094947766912,41.39611873491142,41.405330657958984,1134800
2024-11-15,42.01342636137799,42.170057196028324,41.9028656934638,42.142417907714844,1058500
2024-11-18,42.39117488563581,42.91634592104189,42.317468951586164,42.79656982421875,1042900
2024-11-19,42.087131556218075,42.73207516397781,42.050276832423826,42.63993835449219,874700
2024-11-20,42.62151135606394,42.630726794421044,42.26218658265552,42.5938720703125,628100
2024-11-21,42.62151387004909,42.8149994257015,42.501741281621584,42.676795959472656,922800
2024-11-22,42.096342483463935,42.37274939071866,42.00420919081891,42.32667922973633,917300
2024-11-25,42.9716235558288,43.01769020293774,42.75050224384189,42.83342361450195,904700
2024-11-26,42.8610660762244,42.9071327267473,42.61230194580857,42.676795959472656,663700
2024-11-27,42.695218151187454,43.12825234590408,42.66757886715353,43.00847625732422,704100
2024-11-29,42.9992640467795,43.2940983287951,42.990052122963384,43.201961517333984,505300
2024-12-02,43.395444262531264,43.432298987721346,43.08218612773564,43.312522888183594,1100300
2024-12-03,43.89297451571624,43.957468530417984,43.58893180564516,43.73634719848633,1539700
2024-12-04,43.8100521284113,43.93904015484356,43.62578201293945,43.62578201293945,1131100
2024-12-05,44.24308302090619,44.47341976913165,44.18780093605453,44.279937744140625,1418000
2024-12-06,44.28914704862331,44.28914704862331,43.80083429595239,43.846900939941406,940400
2024-12-09,44.57476835400429,44.63926236212239,44.1785888671875,44.1785888671875,950300
2024-12-10,44.40892669724966,44.42735405925546,44.169374505834234,44.24308395385742,710500
2024-12-11,44.69454042818596,44.80510459627877,44.50105840601324,44.72218322753906,1110100
2024-12-12,44.69454064376146,44.888026181527216,44.57476806640625,44.57476806640625,837800
2024-12-13,44.749826533135725,44.92488120968881,44.4918504803922,44.7774658203125,1359400
2024-12-16,44.90645967581497,44.97095369232486,44.76825620348789,44.805110931396484,855400
2024-12-17,44.78668413634059,44.86039007843372,44.55634735597649,44.81432342529297,973800
2024-12-18,45.14600493037481,45.311847678638784,44.07724250526254,44.16016387939453,1554400
2024-12-19,44.70375521191755,44.768249218364545,44.362857818603516,44.362857818603516,1166000
2024-12-20,43.80083631516058,44.68532857329929,43.74555423102949,44.473419189453125,1248700
2024-12-23,44.399716152533344,44.88803251285803,44.27994355828455,44.860389709472656,854300
2024-12-24,44.90645354338431,45.42240560500496,44.87881074389762,45.376338958740234,309000
2024-12-26,45.422406175975695,45.56982155467176,45.33027288228811,45.38555145263672,516300
2024-12-27,45.173640569910525,45.44083203328272,45.15521320885109,45.41319274902344,1088100
2024-12-30,45.348698739538285,45.75409013883885,45.247350011048205,45.61588668823242,1344500
2024-12-31,45.864654993378366,45.93836444436549,45.514545645169726,45.56982421875,768200
2025-01-02,44.98016524753653,45.16443537090574,44.66690709220696,44.85117721557617,1136800
2025-01-03,45.339486832607186,45.367129633677074,45.00780133704872,45.21049880981445,1084600
2025-01-06,45.45004602795613,45.72644940575146,45.321054504635974,45.3947639465332,1253900
2025-01-07,45.19207116502965,45.24735325216408,44.768252374312326,45.0078010559082,1077900
2025-01-08,45.16443028599475,45.56982170003713,45.04465419209091,45.486900329589844,914100
2025-01-10,45.68038442292992,45.79094507513634,45.29341686821779,45.46847152709961,1821400
2025-01-13,44.69454213946271,45.20128580930759,44.69454213946271,45.14600372314453,1601600
2025-01-14,45.1736407781093,45.496114326146035,45.15521341696494,45.46847152709961,1666700
2025-01-15,46.0212847121696,46.141060809811954,45.625105209295654,46.10420608520508,2206600
2025-01-16,46.36218281272904,46.81364440917969,46.32532808757795,46.81364440917969,1734600
2025-01-17,46.67543973136997,47.01633714348753,46.47274226297902,46.64780044555664,1531300
2025-01-21,47.19139093613806,47.54150023940488,46.98869348660281,47.440155029296875,1404100
2025-01-22,47.23746631108985,47.23746631108985,46.90578079223633,46.90578079223633,1170800
2025-01-23,47.12689498827561,47.52307443348428,47.10846762865434,47.3664436340332,1260300
2025-01-24,47.182180443327944,47.3756624756197,47.03476505948756,47.255889892578125,986900
2025-01-27,47.91004870365454,48.03903673397259,47.661284567472485,48.00218200683594,1588400
2025-01-28,47.56914534440951,47.91004274134898,47.52307869855171,47.87318801879883,1324000
2025-01-29,47.7902693035794,48.315436827765765,47.7902693035794,48.05746078491211,1523800
2025-01-30,48.49970827781545,48.82218185496363,48.3154381643965,48.527347564697266,1483300
2025-01-31,48.70240432509369,48.83139234630437,48.30622482299805,48.30622482299805,1101600
2025-02-03,46.9794832621896,47.43094130654559,46.70307636113602,47.265098571777344,1733000
2025-02-04,47.679706926614685,48.02981976834483,47.679706926614685,47.836334228515625,1021700
2025-02-05,47.79948438012502,48.19566387988473,47.57835954888195,48.1035270690918,1052400
2025-02-06,48.462849613403144,48.886671894218786,48.462849613403144,48.82217788696289,901700
2025-02-07,49.12622806934198,49.22757681470632,48.85903656150149,48.92353057861328,1391600
2025-02-10,49.872512885025166,49.964646176927594,49.53161197273465,49.623748779296875,1813100
2025-02-11,49.973863832521666,50.489815913526456,49.91858174613117,50.305545806884766,1937500
2025-02-12,50.36082753234031,51.00577114363396,50.32397280834412,50.74779510498047,1675800
2025-02-13,50.54509748185478,50.86756752917762,50.452960672148315,50.84914016723633,1955900
2025-02-14,50.69251358848902,50.93206226783562,50.59116485369086,50.75700759887695,1169800
2025-02-18,52.47992541639971,52.59048958935639,52.2956553094652,52.406219482421875,2857500
2025-02-19,52.360154477183876,52.59049123941398,52.06532018804208,52.47992706298828,2560700
2025-02-20,51.72442210910108,51.927119581988194,51.45723062477897,51.56779479980469,1727400
2025-02-21,51.9824021340271,52.24959363880237,51.61386539971045,51.66914749145508,2563500
2025-02-24,51.641500819419825,51.67835554448853,51.097905925966565,51.31903076171875,1540200
2025-02-25,53.21700373859238,53.27228582653452,52.544420817933286,53.226219177246094,5071800
2025-02-26,52.84846580239151,53.75138546318539,52.84846580239151,53.65925216674805,7056400
2025-02-27,53.613182067871094,53.83430690010866,53.327566739778376,53.613182067871094,6397900
2025-02-28,54.23969713714249,55.197898864746094,54.06464247167372,55.197898864746094,24038600
2025-03-03,55.9902569802182,56.58913041466729,55.2255372918071,55.58486557006836,3876500
2025-03-04,55.022842627839665,57.01295195890098,54.543741777720854,55.676998138427734,5269800
2025-03-05,56.16531171262112,56.87474931725804,55.7967750251169,56.736549377441406,3608000
2025-03-06,55.280825460782445,55.50195030907608,54.663524596840624,54.86621856689453,4235600
2025-03-07,54.96122053309447,55.189237568988204,54.09666213001909,55.1417350769043,3596500
2025-03-10,53.57412866669835,53.83064647873709,52.557560091697376,52.947086334228516,3847800
2025-03-11,52.728573561053615,53.0040931035249,51.978021824338605,52.709571838378906,3937400
2025-03-12,52.994592382355734,53.184605991894756,52.614568787485844,52.95659255981445,1917200
2025-03-13,53.23210102572601,53.355610398243066,52.71906906336218,52.85207748413086,2265500
2025-03-14,53.536125381281295,54.43868725056682,53.498125561176415,54.22017288208008,3599300
2025-03-17,54.54319394751573,55.113231105313695,54.54319394751573,54.93272018432617,2287800
2025-03-18,55.62626174947202,55.87328048685611,55.40774740437535,55.74977111816406,2140300
2025-03-19,55.816280415324286,56.1583041602957,55.559762606595726,55.911285400390625,1518900
2025-03-20,54.42918360751361,55.037224168365306,54.353176725303335,54.73320388793945,3291000
2025-03-21,54.742710129995,55.12273734257149,54.533698424865214,54.94222640991211,2156600
2025-03-24,55.26524298229118,55.379253316779014,54.932721900554924,55.08473205566406,1754100
2025-03-25,55.39825587187876,55.58826585046522,55.094235557090784,55.455257415771484,1806500
2025-03-26,55.65477058072712,55.9492882055964,55.170235739477924,55.43625259399414,1959400
2025-03-27,55.179735065211126,55.60726109140489,55.0372239736748,55.42675018310547,1541800
2025-03-28,55.32224062807564,55.379245787569296,54.69519837047538,54.88521194458008,1295500
2025-03-31,53.89714906761683,54.647700758984826,53.697636427898594,54.56219482421875,1855200
2025-04-01,54.41018321460415,54.524189916493775,53.8686468503688,54.40068054199219,1759000
2025-04-02,54.305676242891835,55.132231184331964,54.28667452163705,55.07522964477539,1356500
2025-04-03,51.20847264451201,51.84501405332507,50.54342683921807,50.82844543457031,4183800
2025-04-04,47.23720102500751,47.693231481802584,46.51515008359271,47.3512077331543,5386700
2025-04-07,45.384573699312156,47.455714238702576,44.957044023895264,46.002113342285156,6474200
2025-04-08,45.50808247064907,45.992613680187475,43.82646818590886,44.349002838134766,5396500
2025-04-09,43.51294873161617,47.54122337638521,43.379940295683696,46.90467834472656,6000600
2025-04-10,46.125626457415144,46.5721578906048,44.86204267460065,45.81210708618164,4780100
2025-04-11,46.344136368464234,47.62672537495044,46.22063061629753,47.39870834350586,3761500
2025-04-14,48.16826519456955,48.947317702762625,48.035256760128,48.49128723144531,2928300
2025-04-15,49.24183457050303,49.84987514462874,49.20383112856825,49.58385467529297,2590900
2025-04-16,49.63136094273298,49.963882000167594,49.17532688652592,49.384342193603516,2065200
2025-04-17,49.7738683536682,50.324907390128025,49.66936070025633,49.87837600708008,1700900
2025-04-21,50.16339756644346,50.23940445498945,49.03282228088124,49.50785446166992,1190900
2025-04-22,50.86644903198536,51.4269871750053,50.7999448136786,51.3129768371582,1820500
2025-04-23,53.213104248046875,53.73564255561688,53.07059676578886,53.213104248046875,2939600
2025-04-24,52.272538894004214,52.99458617665044,52.26303622132555,52.918582916259766,1494500
2025-04-25,52.95659095698121,53.32711549105318,52.91858751138202,53.19410705566406,1288900
2025-04-28,53.33661298865413,53.61213252492063,53.14659939039421,53.52662658691406,1579100
2025-04-29,54.980220386343454,55.21773646289919,54.58119511734952,54.600196838378906,1826500
2025-04-30,52.643068459856536,53.346117713190104,52.3770515865883,53.27961349487305,3080700
2025-05-01,52.69056784251842,52.85208066618144,52.225038341800015,52.37704849243164,1583000
2025-05-02,53.707131145042986,53.89714472077708,53.43161526564645,53.68812942504883,1436200
2025-05-05,53.821146751285845,54.38168486144296,53.58363066434144,53.849647521972656,1121600
2025-05-06,53.91615006218927,54.11566269921747,53.792640686035156,53.792640686035156,1276100
2025-05-07,53.68813028339439,54.07765648898349,53.403111727340246,53.4696159362793,1464300
2025-05-08,54.10616487606669,54.21067253331721,53.84964706941758,53.85914611816406,1499100
2025-05-09,54.59720290088248,54.654715316692794,54.194626959581996,54.40549850463867,1121000
2025-05-12,56.236267634176315,56.28419647496272,55.747424903686806,55.8241081237793,2290100
2025-05-13,56.04456842980269,56.178760412177816,55.919960021972656,55.919960021972656,1443300
2025-05-14,55.49821344595775,55.93913100558162,55.45028460370783,55.84327697753906,1490100
2025-05-15,56.37046813964844,56.50466012994707,56.1979345359909,56.37046813964844,1288300
2025-05-16,56.08290750708014,56.495070693458395,56.02539874574378,56.427974700927734,1752500
2025-05-19,56.44714295652499,57.194786071777344,56.408801346394824,57.194786071777344,1660000
2025-05-20,57.21395981522427,57.51110182430785,57.19478900917462,57.50151824951172,1274200
2025-05-21,57.549442579827875,57.70280536948505,56.86889542925276,56.87847900390625,1812400
2025-05-22,56.73470050450143,57.23313049128831,56.59092494414163,56.94557571411133,999600
2025-05-23,56.2650263333571,56.88806104989746,56.197930343213635,56.78262710571289,1527300
2025-05-27,56.773040140197075,56.89764854667042,56.50465617836888,56.6676025390625,1189900
2025-05-28,56.485488696909336,56.5046595033762,56.14042149342067,56.26502990722656,927700
2025-05-29,56.98391516479763,57.003085970076626,56.562164761574294,56.744285583496094,1171900
2025-05-30,57.05101081876712,57.14686118813986,56.43755967928422,56.82096481323242,1205900
2025-06-02,57.02225906764249,57.53027263035751,56.7538714394047,57.50151824951172,1211700
2025-06-03,56.66760185284385,57.12769020603098,56.61967666830592,56.897647857666016,1482600
2025-06-04,56.86889462140995,57.20437457637649,56.83055301042599,56.84972381591797,1123500
2025-06-05,57.27147239381604,57.396080805259196,56.9935011900034,57.12769317626953,1180400
2025-06-06,57.4919310182582,57.72197703439668,57.357739032367995,57.50151824951172,1166900
2025-06-09,57.77948565761933,57.99994444197596,57.72197689606557,57.79865646362305,1030800
2025-06-10,57.31939783007579,57.39608105482266,57.03184305018984,57.08935546875,1224600
2025-06-11,57.22354585629823,57.32898345914967,56.88806224209299,56.95515823364258,1184400
2025-06-12,57.367319992842404,57.69321636792015,57.19478640271553,57.67404556274414,1200800
2025-06-13,56.58133751342606,57.03184231183803,56.43756195357315,56.72511672973633,2049600
2025-06-16,57.32898481212613,57.61653959076176,57.079767989239826,57.12769317626953,1565800
2025-06-17,56.64843371301926,56.763458549070805,56.054153352582425,56.09249496459961,1842900
2025-06-18,56.495069664178914,56.9647452597939,56.38963571816402,56.73469924926758,1433500
2025-06-20,56.840135498382715,56.88806068296789,55.96788397568647,56.0062255859375,1540800
2025-06-23,55.85286312987061,56.58133544663837,55.72825472405054,56.4854850769043,2540900
2025-06-24,57.8945111382935,58.316257905699175,57.76031549477325,58.201236724853516,2085400
2025-06-25,58.23957630293134,58.61340154989205,58.153309500780026,58.55588912963867,1597100
2025-06-26,58.19165019572173,58.30667503441281,57.952020599801486,57.97119140625,1449400
2025-06-27,58.55588519742428,58.55588519742428,58.019113613811186,58.29708480834961,1061700
2025-06-30,57.999942004047945,58.41210517465975,57.92326243971356,58.26832962036133,1132500
2025-07-01,57.645289060111416,57.90408943577002,57.43441386739913,57.7698974609375,1151700
2025-07-02,58.07662759670591,58.14372358941017,57.66446440926124,58.13414001464844,2216100
2025-07-03,58.05745468374264,58.268329885421586,58.00952949875849,58.15330505371094,833000
2025-07-07,58.62298182129906,58.843440601826636,58.1341390742957,58.402523040771484,1360800
2025-07-08,58.75717555257999,59.09265917711276,58.41210835315538,59.01597595214844,1437000
2025-07-09,59.4089648336518,59.51440243352791,59.19808963389956,59.49523162841797,1354000
2025-07-10,59.74445091474808,60.26204804834185,59.715692877662555,60.17578125,1454400
2025-07-11,59.06389876147848,59.31311557612107,58.91053597418198,59.15016555786133,1217200
2025-07-14,59.6294259682899,59.94573878044017,59.58150078184641,59.9169807434082,1078200
2025-07-15,59.706108582460764,59.763617343023135,59.188507798655564,59.2556037902832,1346200
2025-07-16,59.74444796402603,60.00324468981252,59.46647677682464,59.945735931396484,2167900
2025-07-17,59.79237561344915,60.65503993337208,59.76361757659826,60.626285552978516,1247000
2025-07-18,60.453752360981255,60.540019159194756,60.13744320516999,60.2141227722168,1584900
2025-07-21,60.67421051705145,61.316419709663435,60.607114525407155,60.96176528930664,1454300
2025-07-22,61.210982512919074,61.61355846545676,60.97135292503979,61.40268325805664,1472500
2025-07-23,61.766926246143946,62.51456940641104,61.73817186504364,62.42829895019531,1956900
2025-07-24,62.84046192106353,63.022582751276,62.28452682495117,62.28452682495117,1741200
2025-07-25,61.98738303481117,62.24618709746705,61.766927898534696,62.227012634277344,1305200
2025-07-28,62.15032721717395,62.179088910944955,61.66148811678843,61.805267333984375,1363400
2025-07-29,62.51456103982473,62.65834023899848,62.20783549428052,62.3611946105957,1690200
2025-07-30,60.36748797830132,60.43458397332355,58.632568369901236,58.929710388183594,3806500
2025-07-31,58.79551705796896,58.97763423224138,58.507962277791364,58.75717544555664,1642400
2025-08-01,58.60381336639092,58.929709762951546,58.095799793338976,58.82427215576172,1758700
2025-08-04,59.140581806170516,59.33228620383111,59.006389824745284,59.22684860229492,1125200
2025-08-05,59.53357332675447,59.67734888060608,59.01597255739135,59.45689010620117,1144000
2025-08-06,59.93614908714434,60.16619509166326,59.84029871819481,60.08951187133789,868600
2025-08-07,60.64545926685992,60.674213648632346,60.12785845621124,60.3387336730957,1184100
2025-08-08,60.4825105182969,61.25891175069948,60.290809760480776,61.06720733642578,1363200
2025-08-11,61.23973832269416,61.58480552232715,61.13430071653325,61.5368766784668,1288700
2025-08-12,61.968207308974684,62.40912483342563,61.93945293108436,62.274932861328125,1558200
2025-08-13,62.543316805523126,62.629579939194095,62.19824964501126,62.274932861328125,1339800
2025-08-14,62.53373449639678,63.041748046875,62.48581296711303,63.041748046875,1477300
2025-08-15,62.50087197784432,62.57814263572541,61.59296385454804,61.68954849243164,1693400
2025-08-18,61.399786989179354,61.77647221122244,61.341833999454444,61.74749755859375,1089500
2025-08-19,62.104870953013894,62.230430241732286,61.62193672418046,61.66057205200195,1038700
2025-08-20,62.75199594876224,63.25424047124926,62.52984465660713,63.12868118286133,1605500
2025-08-21,62.887216225353995,63.17697750023194,62.82926691795253,63.03209686279297,973000
2025-08-22,63.215604295541674,63.79512683462977,63.196290316408486,63.4377555847168,1225300
2025-08-25,63.42809999379639,63.68888663107245,62.954830093286205,62.993465423583984,637700
2025-08-26,62.74233673479505,63.254241943359375,62.55882076608881,63.254241943359375,1108200
2025-08-27,62.12418668399164,62.50087192970243,62.08555135508085,62.39462661743164,1036700
2025-08-28,62.51053206224685,62.77131131896452,62.35599074794346,62.60711669921875,819700
2025-08-29,62.03726125787009,62.298040510699614,62.00827923516873,62.269065856933594,991900
2025-09-02,61.63159682706591,61.94066839336996,61.38047088302167,61.89237976074219,1121600
2025-09-03,62.2207730422204,62.56848364309626,62.20145906169873,62.52019500732422,1779000
2025-09-04,62.45258214224157,63.012775978766676,62.43326079367513,62.85824203491211,1054900
2025-09-05,64.0269335514067,64.10420420837133,63.02243711767269,63.370147705078125,1356000
2025-09-08,63.48605631948625,63.86274157661813,63.34117567391189,63.77581024169922,923100
2025-09-09,63.601949835927634,64.37464163768198,63.601949835927634,64.25873565673828,1074500
2025-09-10,65.20528567378526,66.2097821136034,65.20528567378526,66.03592681884766,3494800
2025-09-11,66.05524064429366,66.95349177027555,66.0455799699033,66.79895782470703,1890300
2025-09-12,66.3353406207576,66.70236518581915,66.24840928994003,66.30636596679688,1135000
2025-09-15,66.90519286991787,67.1080301786543,66.6927096250797,67.07904815673828,1017700
2025-09-16,66.61544409112824,66.77963871659638,66.31602949539979,66.59612274169922,1483500
2025-09-17,67.1080334524132,67.55232868064292,66.89554282827388,67.29154205322266,1857800
2025-09-18,66.95348694230842,67.41710348345386,66.80860631264204,67.1273422241211,1084200
2025-09-19,67.29153825962514,67.53300352454609,67.17563964858154,67.34949493408203,944700
2025-09-22,67.47505928231988,67.86140520897162,67.47505928231988,67.5909652709961,1217700
2025-09-23,68.16081515604962,68.61477103625367,67.75515527673606,67.8034439086914,1448200
2025-09-24,67.59096728603973,67.99662720509669,67.37847665159964,67.50403594970703,1121800
2025-09-25,66.43192447770649,66.79895640739821,66.27739053541679,66.5768051147461,1580700
2025-09-26,67.52334795027278,67.81310183707888,67.39778130061545,67.43641662597656,2042300
2025-09-29,68.30569714392772,68.42159575806632,67.75515661996353,68.0642318725586,1318700
2025-09-30,68.2477484749838,68.63408701763848,68.02559718091553,68.55682373046875,1573400
2025-10-01,69.05907098223535,69.13634164138941,68.6437504004519,68.9238510131836,1279800
2025-10-02,68.67272077554325,68.72101677673851,67.86140101179618,68.41194152832031,975400
2025-10-03,69.2908713866901,69.74482727050781,69.23292208030834,69.74482727050781,943200
2025-10-06,69.39711854441504,69.6385838193566,68.92384866883151,69.04940795898438,982600
2025-10-07,68.65340701736511,68.79828765248196,68.22842578607172,68.29603576660156,984200
2025-10-08,69.39711667448314,69.46472665488758,68.97214281291316,69.05906677246094,1111500
2025-10-09,65.8330919063927,66.15182044863523,64.79961352125339,65.03142547607422,3281300
2025-10-10,64.51952579559764,65.07971964508468,63.62127465879439,63.66956329345703,3082600
2025-10-13,63.87238805002102,64.42292854916379,63.87238805002102,64.19112396240234,1727500
2025-10-14,64.25873666747205,65.01210713311805,64.14283805364052,64.55815124511719,1636500
2025-10-15,64.36498144504849,64.56781138651543,63.85307625435545,64.14283752441406,2007000
2025-10-16,64.45191533889275,64.56781395638092,63.708198154978035,63.84341812133789,1589000
2025-10-17,63.45706910490913,63.63092439159115,62.44291940670998,63.611610412597656,2245600
2025-10-20,63.09004685947951,63.582638084579656,62.95482689477521,63.428096771240234,1808600
2025-10-21,64.24908013956876,64.38430747932436,63.76614956694473,63.77581024169922,1535200
2025-10-22,64.220100475995,64.47122641747727,63.795126616104014,64.18146514892578,1344700
2025-10-23,64.54849582674773,64.66439443678499,63.968980669756306,63.997955322265625,1039000
2025-10-24,64.28771102813475,64.81893756889404,64.19112639406994,64.71269226074219,1224900
2025-10-27,64.48089462075926,64.97347851830541,64.31669261930786,64.90586853027344,2017600
2025-10-28,66.86656541040409,68.12218038552562,66.837583388272,67.64891052246094,3078500
2025-10-29,67.85173728646164,68.80793764185877,67.76481333094138,68.08354187011719,2471100
2025-10-30,67.4171108097751,68.22843063377833,67.4171108097751,67.9676513671875,2236200
2025-10-31,67.22393106699077,67.74549694511387,66.93417715843485,67.67788696289062,1643600
2025-11-03,67.7648191468781,68.07389440792359,67.63925248621445,68.05457305908203,1299500
2025-11-04,67.15631782425797,67.92900961409619,67.08870784531726,67.46539306640625,1389800
2025-11-05,68.14149935136646,68.88520911018209,68.0352540474021,68.49886322021484,1663000
2025-11-06,69.6482432648566,69.87038718727973,69.28121870623757,69.5516586303711,1790900
2025-11-07,68.7735603798376,69.376583953304,68.34560768767057,69.31822204589844,1306300
2025-11-10,69.61001631967228,70.42701632135787,69.54193360457009,70.06714630126953,1665500
2025-11-11,70.28112142658033,70.82578313777037,70.25194418068934,70.5437240600586,1949200
2025-11-12,71.16619593076969,71.64278234332022,71.1078414396244,71.47743225097656,1740200
2025-11-13,71.82757012542675,72.13880642867673,71.1175657869778,71.1564712524414,2230900
2025-11-14,70.30056801857133,70.93276886602504,70.05741441727828,70.5728988647461,1791300
2025-11-17,70.27139157604306,70.33947428836412,69.07507257901983,69.26959991455078,2806800
2025-11-18,67.47026567773503,68.27753001505336,67.05204117603358,67.68423461914062,2999900
2025-11-19,67.25628736481238,67.58697269958563,66.88668914305524,67.2465591430664,1957800
2025-11-20,67.26601251653435,67.42162695507274,65.70982360839844,65.70982360839844,3340800
2025-11-21,66.44901481095404,67.10066467117692,65.91407392840755,67.07148742675781,2704000
2025-11-24,67.02286190271296,67.31464177059819,66.80888554732175,67.06175994873047,1531900
2025-11-25,67.54806814290797,67.81067819037362,67.22711102555752,67.60643005371094,1385700
2025-11-26,68.43314889163753,68.86110159664372,68.42342067003496,68.64712524414062,1413200
2025-11-28,69.09452627909742,69.37658533907256,68.96808908136738,69.21124267578125,617200
2025-12-01,69.61000984505888,69.89206890152126,69.40576171875,69.40576171875,1360300
2025-12-02,69.96988190004939,70.2324845215068,69.8531655013689,70.02823638916016,1525200
2025-12-03,69.67809387375455,70.10604657724683,69.45439672089911,70.0379638671875,1201000
2025-12-04,69.75590589505997,70.26166211762144,69.71700042863847,69.74617767333984,1037400
2025-12-05,69.75590950645126,69.78508675266319,68.96809417689154,69.05562591552734,1108300
2025-12-08,69.0069905292128,69.23069511210633,68.9000023487584,69.0750732421875,889500
2025-12-09,69.08479713492804,69.45439534259455,68.83191532238652,68.85137176513672,871700
2025-12-10,70.86468639503312,72.32360800774373,70.83550915005236,72.05127716064453,2851900
2025-12-11,72.43059458160067,73.27676434913201,72.40141733726634,73.17950439453125,2104500
2025-12-12,73.29622560899676,73.37403654597428,72.33333938039304,72.93635559082031,1684500
2025-12-15,73.53937885472664,73.84088695843568,73.12115434613378,73.21841430664062,1877200
2025-12-16,72.73210357107322,72.98498539254565,72.51812721601647,72.61539459228516,1587200
2025-12-17,75.00802389010535,75.21227202008514,73.9575985755303,74.01595306396484,2443400
2025-12-18,74.93021353248868,75.17336713010691,74.42444989398577,74.65788269042969,2101800
2025-12-19,75.64021628473462,76.22379084306178,75.64021628473462,75.7861099243164,2059500
2025-12-22,76.36968090443624,76.67119642019722,76.10707827634417,76.57393646240234,1433000
2025-12-23,76.72955242276491,77.44928502918053,76.72955242276491,77.10887145996094,1337000
2025-12-24,77.10887035838354,77.47846858864983,77.10887035838354,77.4006576538086,701100
2025-12-26,77.42010588649278,77.77997589111328,77.40065686321071,77.77997589111328,669000
2025-12-29,76.95325335179402,77.08941877301145,76.59338335545712,76.69064331054688,996500
2025-12-30,77.46874147339838,77.49791871926588,77.03106052400808,77.10887145996094,1415900
2025-12-31,77.06996149474844,77.08941793783096,76.48639435007335,76.51557159423828,822400
2026-01-02,78.58724715111384,78.60669617427595,77.86750714631194,78.246826171875,2229300
2026-01-05,78.77204096020475,79.49178098435374,78.77204096020475,79.0541000366211,2732200
2026-01-06,80.51301857683625,80.7561721760272,79.74465231293775,79.83219146728516,2369400
2026-01-07,78.81094443746473,78.84012168248478,78.03285736191354,78.0620346069336,2044400
2026-01-08,78.13011401424502,78.44135031539341,77.9453149096555,78.28572845458984,1232900
2026-01-09,77.97449344698413,78.20792624206196,77.70216260651887,77.99394989013672,1586500
2026-01-12,78.96656586188308,79.41396759741858,78.54834137120397,79.0832748413086,1563200
2026-01-13,79.54040318001232,79.74465131030964,79.13190691941767,79.28752136230469,1744400
2026-01-14,79.69602884115477,79.69602884115477,79.12218246829461,79.52095794677734,1388200
2026-01-15,80.11425140030613,80.77562949408552,79.95862953331849,80.56165313720703,1690700
2026-01-16,80.143429740049,80.51302054850487,80.05589058355787,80.26986694335938,1506600
2026-01-20,80.43521206052127,80.78535385621768,80.01698755013163,80.24069213867188,1880900
2026-01-21,79.84191623220696,81.06741251069663,79.69603000181716,80.89234161376953,1357700
2026-01-22,81.59262447286424,81.93303804149949,81.2230336584116,81.45645904541016,1951300
2026-01-23,81.43701009837261,81.7774236673284,81.11604555316032,81.6412582397461,1854300
2026-01-26,82.47770634190226,83.05154529176221,82.46797811990793,82.75975799560547,1268000
2026-01-27,85.54143769846448,86.11528408118888,85.23992959425466,86.066650390625,2932300
2026-01-28,84.67580901945395,84.98704533699441,84.02415913905033,84.6174545288086,1844000
2026-01-29,86.41678824181786,86.56268188639234,84.64663032477965,86.11528015136719,2084600
2026-01-30,85.64841874652252,86.01801695491666,84.9578634367055,85.59979248046875,2118100
2026-02-02,85.66787725590595,87.1754251081974,85.62897178984916,87.14624786376953,1686700
2026-02-03,85.9110349113275,86.98090930681744,85.84295219762704,86.5432357788086,3116500
2026-02-04,87.47694073900817,88.01187420201471,86.47514910311732,86.96145629882812,2638300
2026-02-05,84.3451189343757,85.46362693840712,83.92689446053645,84.49101257324219,4062800
2026-02-06,85.82349371952523,87.09762364638033,85.75541100743825,86.84474182128906,1941900
2026-02-09,86.56268247220636,88.3231121793976,86.56268247220636,88.23558044433594,2633200
2026-02-10,87.35049717646208,87.54502450937665,86.40706001808879,87.03926086425781,2743400
2026-02-11,87.23378618572553,87.61310520058876,86.29034904910611,86.97117614746094,3334400
2026-02-12,86.89337037371024,87.02954322192268,83.81991260669116,84.4132080078125,3555200
2026-02-13,81.77741815347399,83.13907975794622,81.6315245136272,82.818115234375,6539100
2026-02-17,82.68195032475235,84.40347450825338,82.68195032475235,84.19922637939453,2228900
2026-02-18,85.78458447684653,86.13472624372825,85.35663919990347,85.68732452392578,2297700
2026-02-19,84.13114480809314,84.52019204852292,83.89771943201883,84.46183013916016,1624100
2026-02-20,84.80225296886505,85.7651391591532,84.43265474315876,85.7359619140625,2140000
2026-02-23,86.21254002525033,86.63076451505292,84.53964206604,85.00650024414062,1666500
2026-02-24,84.7147124826231,85.65814963485306,84.31594443854819,85.47335052490234,2012400
2026-02-25,90.0640957827544,92.18439556166484,89.83067039456462,91.62027740478516,3084400
2026-02-26,91.18260277642145,92.20385089570105,90.813011964533,91.91206359863281,2810500
2026-02-27,91.48411170668102,91.71754451464128,90.15163467508941,90.6087646484375,2059100
2026-03-02,86.16391015417747,87.91461912404081,86.13473290808963,87.27269744873047,2714000
2026-03-03,81.34946853917445,83.57675642525528,80.71726768951201,83.1488037109375,3706600
2026-03-04,83.84908832576923,84.91896270454536,83.42113560607513,84.80225372314453,2025300
2026-03-05,83.67401847601175,84.31594756355308,82.60414408390211,83.40168762207031,1930800
2026-03-06,80.98959975596577,82.04975333590698,80.56165445566417,81.74824523925781,2000200
2026-03-09,81.31056307237655,83.53785095845738,80.16287777344536,83.1488037109375,2382800
2026-03-10,84.22840871497989,84.88978682860392,83.13908529521747,83.48921966552734,1889900
2026-03-11,82.90564984013635,83.9658034006811,82.73057895034268,83.61566162109375,1835500
2026-03-12,80.33794895753273,80.76590167341516,79.21944089949578,79.91000366210938,2585700
2026-03-13,79.61000061035156,80.08000183105469,78.04000091552734,78.19000244140625,2936400
2026-03-16,80.0,80.75,79.83999633789062,80.30999755859375,1647400
2026-03-17,81.37999725341797,81.66000366210938,80.81999969482422,80.9000015258789,1545900
2026-03-18,80.9000015258789,81.3499984741211,79.87000274658203,79.94000244140625,1395600
2026-03-19,77.55999755859375,79.81999969482422,77.52999877929688,79.45999908447266,2665600
2026-03-20,79.0,79.19000244140625,76.20999908447266,76.94999694824219,3817500
2026-03-23,79.52999877929688,81.0,79.19000244140625,79.83000183105469,2950700
2026-03-24,78.23999786376953,79.79000091552734,78.05999755859375,79.2699966430664,2563400
2026-03-25,81.44000244140625,81.61000061035156,80.44999694824219,81.22000122070312,2155900
2026-03-26,80.58999633789062,81.04000091552734,79.52999877929688,79.62999725341797,1755700
2026-03-27,79.38999938964844,80.47000122070312,78.86000061035156,79.19000244140625,2641800
2026-03-30,79.70999908447266,80.41000366210938,78.9800033569336,79.3499984741211,1707100
2026-03-31,81.41000366210938,82.58000183105469,80.6500015258789,82.48999786376953,2161300
2026-04-01,84.9000015258789,86.22000122070312,84.33000183105469,85.45999908447266,4277800
2026-04-02,82.55999755859375,84.94999694824219,82.37000274658203,84.41000366210938,2146200
2026-04-06,84.62000274658203,85.1500015258789,84.3499984741211,84.63999938964844,1229000
2026-04-07,84.23999786376953,85.30000305175781,83.44000244140625,85.1500015258789,2041100
2026-04-08,91.38999938964844,91.62999725341797,89.47000122070312,90.2699966430664,4241000
2026-04-09,89.2300033569336,90.66999816894531,89.08000183105469,90.2699966430664,1766800
2026-04-10,90.93000030517578,90.93000030517578,90.16999816894531,90.26000213623047,1300600
2026-04-13,89.41999816894531,91.13999938964844,89.1500015258789,90.9800033569336,1433100
2026-04-14,90.9000015258789,91.55000305175781,90.69999694824219,91.37000274658203,1447100
2026-04-15,91.2300033569336,91.33000183105469,90.77999877929688,90.93000030517578,1410100
2026-04-16,91.52999877929688,91.75,90.36000061035156,90.5199966430664,1330400
2026-04-17,92.26000213623047,92.9800033569336,92.02999877929688,92.16000366210938,1407100
2026-04-20,91.6500015258789,91.91999816894531,90.98999786376953,91.58999633789062,1510200
2026-04-21,92.23999786376953,92.45999908447266,90.58999633789062,90.63999938964844,2005000
